timestamp,panel_x,panel_y,panel_w,panel_h,gap_x,left_score,right_score,reading,led_status,corner_score,detection_method,brightness_conf,mute_status,mute_pixels,dim_enhanced,frame_skip,diff_edge,diff_mode,led_gap,led_method,proc_ms,issue,geo_method,geo_scale,geo_rotation,undistort_px
2026-02-03 13:57:08,150,228,145,105,58,0.905,0.871,PP,S1,0.940,landmark,,UNMUTE,0,,,,3ch,63,brightness,32.7,,homography,0.999,-0.04,7.9
2026-02-03 13:57:08,150,228,145,105,58,0.905,0.871,PP,S1,0.940,landmark,,UNMUTE,0,,1,29589,3ch,63,brightness,1.2,,homography,0.999,-0.04,7.9
2026-02-03 13:57:08,150,228,145,105,58,0.905,0.871,PP,S1,0.940,landmark,,UNMUTE,0,,1,36414,3ch,63,brightness,1.3,,homography,0.999,-0.04,7.9
2026-02-03 13:57:08,150,228,145,105,58,0.905,0.871,PP,S1,0.940,landmark,,UNMUTE,0,,1,41279,3ch,63,brightness,1.5,,homography,0.999,-0.04,7.9
2026-02-03 13:57:08,150,228,145,105,58,0.905,0.871,PP,S1,0.940,landmark,,UNMUTE,0,,1,44950,3ch,63,brightness,1.9,,homography,0.999,-0.04,7.9
2026-02-03 13:57:09,150,228,145,105,58,0.905,0.871,PP,S1,0.940,landmark,,UNMUTE,0,,1,47771,3ch,63,brightness,1.4,,homography,0.999,-0.04,7.9
2026-02-03 13:57:09,150,228,145,105,58,0.905,0.871,PP,S1,0.940,landmark,,UNMUTE,0,,1,48991,3ch,65,brightness,1.2,,homography,0.999,-0.04,7.9
2026-02-03 13:57:09,150,228,145,105,58,0.905,0.871,PP,S1,0.940,landmark,,UNMUTE,0,,1,50579,3ch,65,brightness,1.8,,homography,0.999,-0.04,7.9
2026-02-03 13:57:09,150,228,145,105,58,0.905,0.871,PP,S1,0.940,landmark,,UNMUTE,0,,1,53396,3ch,65,brightness,1.4,,homography,0.999,-0.04,7.9
2026-02-03 13:57:09,150,228,145,105,58,0.905,0.871,PP,S1,0.940,landmark,,UNMUTE,0,,1,55180,3ch,65,brightness,1.8,,homography,0.999,-0.04,7.9
2026-02-03 13:57:09,150,228,145,105,58,0.905,0.871,PP,S1,0.940,landmark,,UNMUTE,0,,1,56008,3ch,65,brightness,1.7,,homography,0.999,-0.04,7.9
2026-02-03 13:57:09,150,228,145,105,58,0.905,0.871,PP,S1,0.940,landmark,,UNMUTE,0,,1,56894,3ch,65,brightness,2.2,,homography,0.999,-0.04,7.9
2026-02-03 13:57:09,150,228,145,105,58,0.905,0.871,PP,S1,0.940,landmark,,UNMUTE,0,,1,57831,3ch,67,brightness,3.4,,homography,0.999,-0.04,7.9
2026-02-03 13:57:09,150,228,145,105,58,0.905,0.871,PP,S1,0.940,landmark,,UNMUTE,0,,1,58550,3ch,67,brightness,3.1,,homography,0.999,-0.04,7.9
2026-02-03 13:57:09,150,228,145,105,58,0.905,0.871,PP,S1,0.940,landmark,,UNMUTE,0,,1,59908,3ch,67,brightness,2.5,,homography,0.999,-0.04,7.9
2026-02-03 13:57:09,150,228,145,105,58,0.905,0.871,PP,S1,0.940,landmark,,UNMUTE,0,,1,60374,3ch,67,brightness,2.1,,homography,0.999,-0.04,7.9
2026-02-03 13:57:09,150,228,145,105,58,0.905,0.871,PP,S1,0.940,landmark,,UNMUTE,0,,1,60968,3ch,67,brightness,2.5,,homography,0.999,-0.04,7.9
2026-02-03 13:57:09,150,228,145,105,58,0.905,0.871,PP,S1,0.940,landmark,,UNMUTE,0,,1,61413,3ch,67,brightness,1.5,,homography,0.999,-0.04,7.9
2026-02-03 13:57:09,150,228,145,105,58,0.905,0.871,PP,S1,0.940,landmark,,UNMUTE,0,,1,61190,3ch,67,brightness,1.8,,homography,0.999,-0.04,7.9
2026-02-03 13:57:09,150,228,145,105,58,0.905,0.871,PP,S1,0.940,landmark,,UNMUTE,0,,1,61927,3ch,67,brightness,1.6,,homography,0.999,-0.04,7.9
2026-02-03 13:57:10,150,228,145,105,58,0.905,0.871,PP,S1,0.940,landmark,,UNMUTE,0,,1,61466,3ch,67,brightness,2.3,,homography,0.999,-0.04,7.9
2026-02-03 13:57:10,150,228,145,105,58,0.905,0.871,PP,S1,0.940,landmark,,UNMUTE,0,,1,62455,3ch,67,brightness,3.4,,homography,0.999,-0.04,7.9
2026-02-03 13:57:10,150,228,145,105,58,0.905,0.871,PP,S1,0.940,landmark,,UNMUTE,0,,1,62858,3ch,67,brightness,3.4,,homography,0.999,-0.04,7.9
2026-02-03 13:57:10,150,228,145,105,58,0.905,0.871,PP,S1,0.940,landmark,,UNMUTE,0,,1,63140,3ch,67,brightness,2.9,,homography,0.999,-0.04,7.9
2026-02-03 13:57:10,150,228,145,105,58,0.905,0.871,PP,S1,0.940,landmark,,UNMUTE,0,,1,62089,3ch,69,brightness,2.1,,homography,0.999,-0.04,7.9
2026-02-03 13:57:10,150,228,145,105,58,0.905,0.871,PP,S1,0.940,landmark,,UNMUTE,0,,1,62567,3ch,69,brightness,2.8,,homography,0.999,-0.04,7.9
2026-02-03 13:57:10,150,228,145,105,58,0.905,0.871,PP,S1,0.940,landmark,,UNMUTE,0,,1,63386,3ch,69,brightness,1.6,,homography,0.999,-0.04,7.9
2026-02-03 13:57:10,150,228,145,105,58,0.905,0.871,PP,S1,0.940,landmark,,UNMUTE,0,,1,63328,3ch,69,brightness,2.3,,homography,0.999,-0.04,7.9
2026-02-03 13:57:10,150,228,145,105,58,0.905,0.871,PP,S1,0.940,landmark,,UNMUTE,0,,1,63870,3ch,69,brightness,1.7,,homography,0.999,-0.04,7.9
2026-02-03 13:57:10,150,228,145,105,58,0.905,0.871,PP,S1,0.940,landmark,,UNMUTE,0,,1,64490,3ch,67,brightness,2.3,,homography,0.999,-0.04,7.9
2026-02-03 13:57:10,150,228,145,105,58,0.905,0.871,PP,S1,0.940,landmark,,UNMUTE,0,,1,39480,3ch,61,brightness,3.3,,homography,0.999,-0.04,7.9
2026-02-03 13:57:10,150,228,145,105,58,0.905,0.871,PP,S1,0.940,landmark,,UNMUTE,0,,1,50639,3ch,61,brightness,2.9,,homography,0.999,-0.04,7.9
2026-02-03 13:57:10,150,228,145,105,58,0.905,0.871,PP,S1,0.940,landmark,,UNMUTE,0,,1,51985,3ch,61,brightness,4.2,,homography,0.999,-0.04,7.9
2026-02-03 13:57:10,150,228,145,105,58,0.905,0.871,PP,S1,0.940,landmark,,UNMUTE,0,,1,54306,3ch,61,brightness,1.6,,homography,0.999,-0.04,7.9
2026-02-03 13:57:10,150,228,145,105,58,0.905,0.871,PP,S1,0.940,landmark,,UNMUTE,0,,1,56500,3ch,62,brightness,1.4,,homography,0.999,-0.04,7.9
2026-02-03 13:57:11,150,228,145,105,58,0.905,0.871,PP,S1,0.940,landmark,,UNMUTE,0,,1,58734,3ch,63,brightness,1.7,,homography,0.999,-0.04,7.9
2026-02-03 13:57:11,150,228,145,105,58,0.905,0.871,PP,S1,0.940,landmark,,UNMUTE,0,,1,60099,3ch,65,brightness,2.4,,homography,0.999,-0.04,7.9
2026-02-03 13:57:11,150,228,145,105,58,0.905,0.871,PP,S1,0.940,landmark,,UNMUTE,0,,1,61169,3ch,65,brightness,1.7,,homography,0.999,-0.04,7.9
2026-02-03 13:57:11,150,228,145,105,58,0.905,0.871,PP,S1,0.940,landmark,,UNMUTE,0,,1,62032,3ch,65,brightness,2.4,,homography,0.999,-0.04,7.9
2026-02-03 13:57:11,150,228,145,105,58,0.905,0.871,PP,S1,0.940,landmark,,UNMUTE,0,,1,62145,3ch,65,brightness,3.5,,homography,0.999,-0.04,7.9
2026-02-03 13:57:11,150,228,145,105,58,0.905,0.871,PP,S1,0.940,landmark,,UNMUTE,0,,1,63626,3ch,65,brightness,2.9,,homography,0.999,-0.04,7.9
2026-02-03 13:57:11,150,228,145,105,58,0.905,0.871,PP,S1,0.940,landmark,,UNMUTE,0,,1,64533,3ch,65,brightness,3.7,,homography,0.999,-0.04,7.9
2026-02-03 13:57:11,150,228,145,105,58,0.905,0.871,PP,S1,0.940,landmark,,UNMUTE,0,,1,65140,3ch,67,brightness,1.7,,homography,0.999,-0.04,7.9
2026-02-03 13:57:11,150,228,145,105,58,0.905,0.871,PP,S1,0.940,landmark,,UNMUTE,0,,1,65279,3ch,67,brightness,1.9,,homography,0.999,-0.04,7.9
2026-02-03 13:57:11,150,228,145,105,58,0.905,0.871,PP,S1,0.940,landmark,,UNMUTE,0,,1,65395,3ch,66,brightness,1.8,,homography,0.999,-0.04,7.9
2026-02-03 13:57:11,150,228,145,105,58,0.905,0.871,PP,S1,0.940,landmark,,UNMUTE,0,,1,66060,3ch,66,brightness,2.4,,homography,0.999,-0.04,7.9
2026-02-03 13:57:11,150,228,145,105,58,0.905,0.871,PP,S1,0.940,landmark,,UNMUTE,0,,1,66523,3ch,66,brightness,1.7,,homography,0.999,-0.04,7.9
2026-02-03 13:57:11,150,228,145,105,58,0.905,0.871,PP,S1,0.940,landmark,,UNMUTE,0,,1,66343,3ch,66,brightness,2.4,,homography,0.999,-0.04,7.9
2026-02-03 13:57:11,150,228,145,105,58,0.905,0.871,PP,S1,0.940,landmark,,UNMUTE,0,,1,67116,3ch,66,brightness,3.2,,homography,0.999,-0.04,7.9
2026-02-03 13:57:11,150,228,145,105,58,0.905,0.871,PP,S1,0.940,landmark,,UNMUTE,0,,1,67296,3ch,67,brightness,3.4,,homography,0.999,-0.04,7.9
2026-02-03 13:57:12,150,228,145,105,58,0.905,0.871,PP,S1,0.940,landmark,,UNMUTE,0,,1,67487,3ch,67,brightness,2.9,,homography,0.999,-0.04,7.9
2026-02-03 13:57:12,150,228,145,105,58,0.905,0.871,PP,S1,0.940,landmark,,UNMUTE,0,,1,67532,3ch,67,brightness,1.7,,homography,0.999,-0.04,7.9
2026-02-03 13:57:12,150,228,145,105,58,0.905,0.871,PP,S1,0.940,landmark,,UNMUTE,0,,1,68266,3ch,67,brightness,2.9,,homography,0.999,-0.04,7.9
2026-02-03 13:57:12,150,228,145,105,58,0.905,0.871,PP,S1,0.940,landmark,,UNMUTE,0,,1,69116,3ch,67,brightness,2.7,,homography,0.999,-0.04,7.9
2026-02-03 13:57:12,150,228,145,105,58,0.905,0.871,PP,S1,0.940,landmark,,UNMUTE,0,,1,69003,3ch,67,brightness,2.2,,homography,0.999,-0.04,7.9
2026-02-03 13:57:12,150,228,145,105,58,0.905,0.871,PP,S1,0.940,landmark,,UNMUTE,0,,1,70290,3ch,67,brightness,1.5,,homography,0.999,-0.04,7.9
2026-02-03 13:57:12,150,228,145,105,58,0.905,0.871,PP,S1,0.940,landmark,,UNMUTE,0,,1,70132,3ch,67,brightness,2.9,,homography,0.999,-0.04,7.9
2026-02-03 13:57:12,150,228,145,105,58,0.905,0.871,PP,S1,0.940,landmark,,UNMUTE,0,,1,70218,3ch,67,brightness,2.8,,homography,0.999,-0.04,7.9
2026-02-03 13:57:12,150,228,145,105,58,0.905,0.871,PP,S1,0.940,landmark,,UNMUTE,0,,1,71350,3ch,67,brightness,2.8,,homography,0.999,-0.04,7.9
2026-02-03 13:57:12,150,228,145,105,58,0.905,0.871,PP,S1,0.940,landmark,,UNMUTE,0,,1,71435,3ch,67,brightness,3.4,,homography,0.999,-0.04,7.9
2026-02-03 13:57:12,150,228,145,105,58,0.905,0.871,PP,S1,0.940,landmark,,UNMUTE,0,,1,46048,3ch,61,brightness,1.6,,homography,0.999,-0.04,7.9
2026-02-03 13:57:12,150,228,145,105,58,0.905,0.871,PP,S1,0.940,landmark,,UNMUTE,0,,1,51500,3ch,60,brightness,2.4,,homography,0.999,-0.04,7.9
2026-02-03 13:57:12,150,228,145,105,58,0.905,0.871,PP,S1,0.940,landmark,,UNMUTE,0,,1,55532,3ch,60,brightness,2.4,,homography,0.999,-0.04,7.9
2026-02-03 13:57:12,150,228,145,105,58,0.905,0.871,PP,S1,0.940,landmark,,UNMUTE,0,,1,56925,3ch,60,brightness,1.9,,homography,0.999,-0.04,7.9
2026-02-03 13:57:12,150,228,145,105,58,0.905,0.871,PP,S1,0.940,landmark,,UNMUTE,0,,1,59755,3ch,65,brightness,1.6,,homography,0.999,-0.04,7.9
2026-02-03 13:57:13,150,228,145,105,58,0.905,0.871,PP,S1,0.940,landmark,,UNMUTE,0,,1,60361,3ch,65,brightness,2.0,,homography,0.999,-0.04,7.9
2026-02-03 13:57:13,150,228,145,105,58,0.905,0.871,PP,S1,0.940,landmark,,UNMUTE,0,,1,61985,3ch,65,brightness,3.4,,homography,0.999,-0.04,7.9
2026-02-03 13:57:13,150,228,145,105,58,0.905,0.871,PP,S1,0.940,landmark,,UNMUTE,0,,1,63812,3ch,65,brightness,4.8,,homography,0.999,-0.04,7.9
2026-02-03 13:57:13,150,228,145,105,58,0.905,0.871,PP,S1,0.940,landmark,,UNMUTE,0,,1,65612,3ch,65,brightness,4.2,,homography,0.999,-0.04,7.9
2026-02-03 13:57:13,150,228,145,105,58,0.905,0.871,PP,S1,0.940,landmark,,UNMUTE,0,,1,66307,3ch,66,brightness,1.5,,homography,0.999,-0.04,7.9
2026-02-03 13:57:13,150,228,145,105,58,0.905,0.871,PP,S1,0.940,landmark,,UNMUTE,0,,1,66438,3ch,66,brightness,2.3,,homography,0.999,-0.04,7.9
2026-02-03 13:57:13,150,228,145,105,58,0.905,0.871,PP,S1,0.940,landmark,,UNMUTE,0,,1,67514,3ch,66,brightness,3.5,,homography,0.999,-0.04,7.9
2026-02-03 13:57:13,150,228,145,105,58,0.905,0.871,PP,S1,0.940,landmark,,UNMUTE,0,,1,67887,3ch,66,brightness,2.2,,homography,0.999,-0.04,7.9
2026-02-03 13:57:13,150,228,145,105,58,0.905,0.871,PP,S1,0.940,landmark,,UNMUTE,0,,1,67900,3ch,66,brightness,2.2,,homography,0.999,-0.04,7.9
2026-02-03 13:57:13,150,228,145,105,58,0.905,0.871,PP,S1,0.940,landmark,,UNMUTE,0,,1,67957,3ch,66,brightness,2.4,,homography,0.999,-0.04,7.9
2026-02-03 13:57:13,150,228,145,105,58,0.905,0.871,PP,S1,0.940,landmark,,UNMUTE,0,,1,67930,3ch,66,brightness,3.3,,homography,0.999,-0.04,7.9
2026-02-03 13:57:13,150,228,145,105,58,0.905,0.871,PP,S1,0.940,landmark,,UNMUTE,0,,1,68416,3ch,66,brightness,4.3,,homography,0.999,-0.04,7.9
2026-02-03 13:57:13,150,228,145,105,58,0.905,0.871,PP,S1,0.940,landmark,,UNMUTE,0,,1,68046,3ch,65,brightness,3.4,,homography,0.999,-0.04,7.9
2026-02-03 13:57:13,150,228,145,105,58,0.905,0.871,PP,S1,0.940,landmark,,UNMUTE,0,,1,67617,3ch,65,brightness,1.9,,homography,0.999,-0.04,7.9
2026-02-03 13:57:13,150,228,145,105,58,0.905,0.871,PP,S1,0.940,landmark,,UNMUTE,0,,1,67205,3ch,65,brightness,2.1,,homography,0.999,-0.04,7.9
2026-02-03 13:57:14,150,228,145,105,58,0.905,0.871,PP,S1,0.940,landmark,,UNMUTE,0,,1,67411,3ch,65,brightness,2.3,,homography,0.999,-0.04,7.9
2026-02-03 13:57:14,150,228,145,105,58,0.905,0.871,PP,S1,0.940,landmark,,UNMUTE,0,,1,67623,3ch,65,brightness,1.9,,homography,0.999,-0.04,7.9
2026-02-03 13:57:14,150,228,145,105,58,0.905,0.871,PP,S1,0.940,landmark,,UNMUTE,0,,1,68036,3ch,66,brightness,2.0,,homography,0.999,-0.04,7.9
2026-02-03 13:57:14,150,228,145,105,58,0.905,0.871,PP,S1,0.940,landmark,,UNMUTE,0,,1,68210,3ch,65,brightness,2.1,,homography,0.999,-0.04,7.9
2026-02-03 13:57:14,150,228,145,105,58,0.905,0.871,PP,S1,0.940,landmark,,UNMUTE,0,,1,70203,3ch,66,brightness,3.5,,homography,0.999,-0.04,7.9
2026-02-03 13:57:14,150,228,145,105,58,0.905,0.871,PP,S1,0.940,landmark,,UNMUTE,0,,1,70536,3ch,65,brightness,5.2,,homography,0.999,-0.04,7.9
2026-02-03 13:57:14,150,228,145,105,58,0.905,0.871,PP,S1,0.940,landmark,,UNMUTE,0,,1,71132,3ch,65,brightness,3.8,,homography,0.999,-0.04,7.9
2026-02-03 13:57:14,150,228,145,105,58,0.905,0.871,PP,S1,0.940,landmark,,UNMUTE,0,,1,71391,3ch,65,brightness,2.2,,homography,0.999,-0.04,7.9
2026-02-03 13:57:14,150,228,145,105,58,0.905,0.871,PP,S1,0.940,landmark,,UNMUTE,0,,1,70833,3ch,65,brightness,1.9,,homography,0.999,-0.04,7.9
2026-02-03 13:57:14,150,228,145,105,58,0.905,0.871,PP,S1,0.940,landmark,,UNMUTE,0,,1,71409,3ch,65,brightness,2.8,,homography,0.999,-0.04,7.9
2026-02-03 13:57:14,150,228,145,105,58,0.905,0.871,PP,S1,0.940,landmark,,UNMUTE,0,,1,43257,3ch,60,brightness,2.3,,homography,0.999,-0.04,7.9
2026-02-03 13:57:14,150,228,145,105,58,0.905,0.871,PP,S1,0.940,landmark,,UNMUTE,0,,1,49213,3ch,60,brightness,2.1,,homography,0.999,-0.04,7.9
2026-02-03 13:57:14,150,228,145,105,58,0.905,0.871,PP,S1,0.940,landmark,,UNMUTE,0,,1,51910,3ch,60,brightness,2.0,,homography,0.999,-0.04,7.9
2026-02-03 13:57:14,150,228,145,105,58,0.905,0.871,PP,S1,0.940,landmark,,UNMUTE,0,,1,54574,3ch,61,brightness,3.5,,homography,0.999,-0.04,7.9
2026-02-03 13:57:14,150,228,145,105,58,0.905,0.871,PP,S1,0.940,landmark,,UNMUTE,0,,1,56971,3ch,61,brightness,2.8,,homography,0.999,-0.04,7.9
2026-02-03 13:57:15,150,228,145,105,58,0.905,0.871,PP,S1,0.940,landmark,,UNMUTE,0,,1,59317,3ch,64,brightness,3.4,,homography,0.999,-0.04,7.9
2026-02-03 13:57:15,150,228,145,105,58,0.905,0.871,PP,S1,0.940,landmark,,UNMUTE,0,,1,60244,3ch,66,brightness,2.3,,homography,0.999,-0.04,7.9
2026-02-03 13:57:15,150,228,145,105,58,0.905,0.871,PP,S1,0.940,landmark,,UNMUTE,0,,1,61466,3ch,66,brightness,2.1,,homography,0.999,-0.04,7.9
2026-02-03 13:57:15,150,228,145,105,58,0.905,0.871,PP,S1,0.940,landmark,,UNMUTE,0,,1,62986,3ch,66,brightness,3.0,,homography,0.999,-0.04,7.9
2026-02-03 13:57:15,150,228,145,105,58,0.905,0.871,PP,S1,0.940,landmark,,UNMUTE,0,,1,63278,3ch,66,brightness,1.6,,homography,0.999,-0.04,7.9
2026-02-03 13:57:15,150,228,145,105,58,0.905,0.871,PP,S1,0.940,landmark,,UNMUTE,0,,1,63491,3ch,66,brightness,2.4,,homography,0.999,-0.04,7.9
2026-02-03 13:57:15,150,228,145,105,58,0.905,0.871,PP,S1,0.940,landmark,,UNMUTE,0,,1,63114,3ch,66,brightness,1.8,,homography,0.999,-0.04,7.9
2026-02-03 13:57:15,150,228,145,105,58,0.905,0.871,PP,S1,0.940,landmark,,UNMUTE,0,,1,64329,3ch,66,brightness,2.7,,homography,0.999,-0.04,7.9
2026-02-03 13:57:15,150,228,145,105,58,0.905,0.871,PP,S1,0.940,landmark,,UNMUTE,0,,1,65657,3ch,66,brightness,4.9,,homography,0.999,-0.04,7.9
2026-02-03 13:57:15,150,228,145,105,58,0.905,0.871,PP,S1,0.940,landmark,,UNMUTE,0,,1,66266,3ch,66,brightness,2.8,,homography,0.999,-0.04,7.9
2026-02-03 13:57:15,150,228,145,105,58,0.905,0.871,PP,S1,0.940,landmark,,UNMUTE,0,,1,66602,3ch,67,brightness,2.7,,homography,0.999,-0.04,7.9
2026-02-03 13:57:15,150,228,145,105,58,0.905,0.871,PP,S1,0.940,landmark,,UNMUTE,0,,1,66509,3ch,67,brightness,2.1,,homography,0.999,-0.04,7.9
2026-02-03 13:57:15,150,228,145,105,58,0.905,0.871,PP,S1,0.940,landmark,,UNMUTE,0,,1,67292,3ch,67,brightness,3.3,,homography,0.999,-0.04,7.9
2026-02-03 13:57:15,150,228,145,105,58,0.905,0.871,PP,S1,0.940,landmark,,UNMUTE,0,,1,67519,3ch,67,brightness,1.7,,homography,0.999,-0.04,7.9
2026-02-03 13:57:15,150,228,145,105,58,0.905,0.871,PP,S1,0.940,landmark,,UNMUTE,0,,1,68326,3ch,67,brightness,2.3,,homography,0.999,-0.04,7.9
2026-02-03 13:57:16,150,228,145,105,58,0.905,0.871,PP,S1,0.940,landmark,,UNMUTE,0,,1,68121,3ch,67,brightness,1.9,,homography,0.999,-0.04,7.9
2026-02-03 13:57:16,150,228,145,105,58,0.905,0.871,PP,S1,0.940,landmark,,UNMUTE,0,,1,68237,3ch,67,brightness,2.3,,homography,0.999,-0.04,7.9
2026-02-03 13:57:16,150,228,145,105,58,0.905,0.871,PP,S1,0.940,landmark,,UNMUTE,0,,1,68212,3ch,67,brightness,4.0,,homography,0.999,-0.04,7.9
2026-02-03 13:57:16,150,228,145,105,58,0.905,0.871,PP,S1,0.940,landmark,,UNMUTE,0,,1,68707,3ch,67,brightness,3.6,,homography,0.999,-0.04,7.9
2026-02-03 13:57:16,150,228,145,105,58,0.905,0.871,PP,S1,0.940,landmark,,UNMUTE,0,,1,68791,3ch,67,brightness,4.1,,homography,0.999,-0.04,7.9
2026-02-03 13:57:16,150,228,145,105,58,0.905,0.871,PP,S1,0.940,landmark,,UNMUTE,0,,1,68512,3ch,67,brightness,2.0,,homography,0.999,-0.04,7.9
2026-02-03 13:57:16,150,228,145,105,58,0.905,0.871,PP,S1,0.940,landmark,,UNMUTE,0,,1,69200,3ch,67,brightness,2.4,,homography,0.999,-0.04,7.9
2026-02-03 13:57:16,150,228,145,105,58,0.905,0.871,PP,S1,0.940,landmark,,UNMUTE,0,,1,69495,3ch,67,brightness,1.4,,homography,0.999,-0.04,7.9
2026-02-03 13:57:16,150,228,145,105,58,0.905,0.871,PP,S1,0.940,landmark,,UNMUTE,0,,1,69518,3ch,67,brightness,2.4,,homography,0.999,-0.04,7.9
2026-02-03 13:57:16,150,228,145,105,58,0.905,0.871,PP,S1,0.940,landmark,,UNMUTE,0,,1,70208,3ch,67,brightness,1.6,,homography,0.999,-0.04,7.9
2026-02-03 13:57:16,150,228,145,105,58,0.905,0.871,PP,S1,0.940,landmark,,UNMUTE,0,,1,44196,3ch,62,brightness,2.3,,homography,0.999,-0.04,7.9
2026-02-03 13:57:16,150,228,145,105,58,0.905,0.871,PP,S1,0.940,landmark,,UNMUTE,0,,1,50331,3ch,62,brightness,3.1,,homography,0.999,-0.04,7.9
2026-02-03 13:57:16,150,228,145,105,58,0.905,0.871,PP,S1,0.940,landmark,,UNMUTE,0,,1,52410,3ch,62,brightness,3.1,,homography,0.999,-0.04,7.9
2026-02-03 13:57:16,150,228,145,105,58,0.905,0.871,PP,S1,0.940,landmark,,UNMUTE,0,,1,54990,3ch,62,brightness,5.1,,homography,0.999,-0.04,7.9
2026-02-03 13:57:16,150,228,145,105,58,0.905,0.871,PP,S1,0.940,landmark,,UNMUTE,0,,1,55745,3ch,62,brightness,1.7,,homography,0.999,-0.04,7.9
2026-02-03 13:57:17,150,228,145,105,58,0.905,0.871,PP,S1,0.940,landmark,,UNMUTE,0,,1,58394,3ch,64,brightness,2.3,,homography,0.999,-0.04,7.9
2026-02-03 13:57:17,150,228,145,105,58,0.905,0.871,PP,S1,0.940,landmark,,UNMUTE,0,,1,59492,3ch,64,brightness,1.5,,homography,0.999,-0.04,7.9
2026-02-03 13:57:17,150,228,145,105,58,0.905,0.871,PP,S1,0.940,landmark,,UNMUTE,0,,1,59846,3ch,66,brightness,2.4,,homography,0.999,-0.04,7.9
2026-02-03 13:57:17,150,228,145,105,58,0.905,0.871,PP,S1,0.940,landmark,,UNMUTE,0,,1,61652,3ch,66,brightness,1.8,,homography,0.999,-0.04,7.9
2026-02-03 13:57:17,150,228,145,105,58,0.905,0.871,PP,S1,0.940,landmark,,UNMUTE,0,,1,62740,3ch,66,brightness,2.3,,homography,0.999,-0.04,7.9
2026-02-03 13:57:17,150,228,145,105,58,0.905,0.871,PP,S1,0.940,landmark,,UNMUTE,0,,1,64443,3ch,66,brightness,4.4,,homography,0.999,-0.04,7.9
2026-02-03 13:57:17,150,228,145,105,58,0.905,0.871,PP,S1,0.940,landmark,,UNMUTE,0,,1,64489,3ch,66,brightness,3.4,,homography,0.999,-0.04,7.9
2026-02-03 13:57:17,150,228,145,105,58,0.905,0.871,PP,S1,0.940,landmark,,UNMUTE,0,,1,65881,3ch,66,brightness,4.4,,homography,0.999,-0.04,7.9
2026-02-03 13:57:17,150,228,145,105,58,0.905,0.871,PP,S1,0.940,landmark,,UNMUTE,0,,1,67241,3ch,66,brightness,1.7,,homography,0.999,-0.04,7.9
2026-02-03 13:57:17,150,228,145,105,58,0.905,0.871,PP,S1,0.940,landmark,,UNMUTE,0,,1,68408,3ch,67,brightness,2.2,,homography,0.999,-0.04,7.9
2026-02-03 13:57:17,150,228,145,105,58,0.905,0.871,PP,S1,0.940,landmark,,UNMUTE,0,,1,69085,3ch,67,brightness,1.5,,homography,0.999,-0.04,7.9
2026-02-03 13:57:17,150,228,145,105,58,0.905,0.871,PP,S1,0.940,landmark,,UNMUTE,0,,1,68767,3ch,67,brightness,2.1,,homography,0.999,-0.04,7.9
2026-02-03 13:57:17,150,228,145,105,58,0.905,0.871,PP,S1,0.940,landmark,,UNMUTE,0,,1,69554,3ch,67,brightness,1.7,,homography,0.999,-0.04,7.9
2026-02-03 13:57:17,150,228,145,105,58,0.905,0.871,PP,S1,0.940,landmark,,UNMUTE,0,,1,70268,3ch,67,brightness,1.9,,homography,0.999,-0.04,7.9
2026-02-03 13:57:17,150,228,145,105,58,0.905,0.871,PP,S1,0.940,landmark,,UNMUTE,0,,1,70198,3ch,67,brightness,3.4,,homography,0.999,-0.04,7.9
2026-02-03 13:57:18,150,228,145,105,58,0.905,0.871,PP,S1,0.940,landmark,,UNMUTE,0,,1,70574,3ch,67,brightness,4.5,,homography,0.999,-0.04,7.9
2026-02-03 13:57:18,150,228,145,105,58,0.905,0.871,PP,S1,0.940,landmark,,UNMUTE,0,,1,70760,3ch,67,brightness,3.6,,homography,0.999,-0.04,7.9
2026-02-03 13:57:18,150,228,145,105,58,0.905,0.871,PP,S1,0.940,landmark,,UNMUTE,0,,1,71017,3ch,67,brightness,2.2,,homography,0.999,-0.04,7.9
2026-02-03 13:57:18,150,228,145,105,58,0.905,0.871,PP,S1,0.940,landmark,,UNMUTE,0,,1,71405,3ch,67,brightness,2.2,,homography,0.999,-0.04,7.9
2026-02-03 13:57:18,150,228,145,105,58,0.905,0.871,PP,S1,0.940,landmark,,UNMUTE,0,,1,71564,3ch,67,brightness,1.4,,homography,0.999,-0.04,7.9
2026-02-03 13:57:18,150,228,145,105,58,0.905,0.871,PP,S1,0.940,landmark,,UNMUTE,0,,1,70414,3ch,67,brightness,2.1,,homography,0.999,-0.04,7.9
2026-02-03 13:57:18,150,228,145,105,58,0.905,0.871,PP,S1,0.940,landmark,,UNMUTE,0,,1,70063,3ch,68,brightness,2.3,,homography,0.999,-0.04,7.9
2026-02-03 13:57:18,150,228,145,105,58,0.905,0.871,PP,S1,0.940,landmark,,UNMUTE,0,,1,69975,3ch,68,brightness,2.1,,homography,0.999,-0.04,7.9
2026-02-03 13:57:18,150,228,145,105,58,0.905,0.871,PP,S1,0.940,landmark,,UNMUTE,0,,1,70211,3ch,67,brightness,3.4,,homography,0.999,-0.04,7.9
2026-02-03 13:57:18,150,228,145,105,58,0.905,0.871,PP,S1,0.940,landmark,,UNMUTE,0,,1,70813,3ch,67,brightness,5.5,,homography,0.999,-0.04,7.9
2026-02-03 13:57:18,150,228,145,105,58,0.905,0.871,PP,S1,0.940,landmark,,UNMUTE,0,,1,40383,3ch,63,brightness,3.6,,homography,0.999,-0.04,7.9
2026-02-03 13:57:18,150,228,145,105,58,0.905,0.871,PP,S1,0.940,landmark,,UNMUTE,0,,1,50150,3ch,63,brightness,2.4,,homography,0.999,-0.04,7.9
2026-02-03 13:57:18,150,228,145,105,58,0.905,0.871,PP,S1,0.940,landmark,,UNMUTE,0,,1,53983,3ch,63,brightness,1.9,,homography,0.999,-0.04,7.9
2026-02-03 13:57:18,150,228,145,105,58,0.905,0.871,PP,S1,0.940,landmark,,UNMUTE,0,,1,55576,3ch,63,brightness,1.4,,homography,0.999,-0.04,7.9
2026-02-03 13:57:18,150,228,145,105,58,0.905,0.871,PP,S1,0.940,landmark,,UNMUTE,0,,1,58438,3ch,66,brightness,2.3,,homography,0.999,-0.04,7.9
2026-02-03 13:57:19,150,228,145,105,58,0.905,0.871,PP,S1,0.940,landmark,,UNMUTE,0,,1,60070,3ch,66,brightness,1.6,,homography,0.999,-0.04,7.9
2026-02-03 13:57:19,150,228,145,105,58,0.905,0.871,PP,S1,0.940,landmark,,UNMUTE,0,,1,60714,3ch,66,brightness,2.1,,homography,0.999,-0.04,7.9
2026-02-03 13:57:19,150,228,145,105,58,0.905,0.871,PP,S1,0.940,landmark,,UNMUTE,0,,1,61730,3ch,66,brightness,2.4,,homography,0.999,-0.04,7.9
2026-02-03 13:57:19,150,228,145,105,58,0.905,0.871,PP,S1,0.940,landmark,,UNMUTE,0,,1,62818,3ch,66,brightness,3.5,,homography,0.999,-0.04,7.9
2026-02-03 13:57:19,150,228,145,105,58,0.905,0.871,PP,S1,0.940,landmark,,UNMUTE,0,,1,63203,3ch,66,brightness,5.6,,homography,0.999,-0.04,7.9
2026-02-03 13:57:19,150,228,145,105,58,0.905,0.871,PP,S1,0.940,landmark,,UNMUTE,0,,1,63932,3ch,66,brightness,2.8,,homography,0.999,-0.04,7.9
2026-02-03 13:57:19,150,228,145,105,58,0.905,0.871,PP,S1,0.940,landmark,,UNMUTE,0,,1,64367,3ch,66,brightness,1.8,,homography,0.999,-0.04,7.9
2026-02-03 13:57:19,150,228,145,105,58,0.905,0.871,PP,S1,0.940,landmark,,UNMUTE,0,,1,65194,3ch,66,brightness,2.0,,homography,0.999,-0.04,7.9
2026-02-03 13:57:19,150,228,145,105,58,0.905,0.871,PP,S1,0.940,landmark,,UNMUTE,0,,1,66447,3ch,66,brightness,2.1,,homography,0.999,-0.04,7.9
2026-02-03 13:57:19,150,228,145,105,58,0.905,0.871,PP,S1,0.940,landmark,,UNMUTE,0,,1,66478,3ch,66,brightness,2.6,,homography,0.999,-0.04,7.9
2026-02-03 13:57:19,150,228,145,105,58,0.905,0.871,PP,S1,0.940,landmark,,UNMUTE,0,,1,66606,3ch,66,brightness,1.8,,homography,0.999,-0.04,7.9
2026-02-03 13:57:19,150,228,145,105,58,0.905,0.871,PP,S1,0.940,landmark,,UNMUTE,0,,1,66791,3ch,66,brightness,2.3,,homography,0.999,-0.04,7.9
2026-02-03 13:57:19,150,228,145,105,58,0.905,0.871,PP,S1,0.940,landmark,,UNMUTE,0,,1,66809,3ch,66,brightness,4.3,,homography,0.999,-0.04,7.9
2026-02-03 13:57:19,150,228,145,105,58,0.905,0.871,PP,S1,0.940,landmark,,UNMUTE,0,,1,67027,3ch,66,brightness,3.6,,homography,0.999,-0.04,7.9
2026-02-03 13:57:19,150,228,145,105,58,0.905,0.871,PP,S1,0.940,landmark,,UNMUTE,0,,1,67232,3ch,66,brightness,2.0,,homography,0.999,-0.04,7.9
2026-02-03 13:57:20,150,228,145,105,58,0.905,0.871,PP,S1,0.940,landmark,,UNMUTE,0,,1,66766,3ch,66,brightness,1.7,,homography,0.999,-0.04,7.9
2026-02-03 13:57:20,150,228,145,105,58,0.905,0.871,PP,S1,0.940,landmark,,UNMUTE,0,,1,67201,3ch,66,brightness,1.6,,homography,0.999,-0.04,7.9
2026-02-03 13:57:20,150,228,145,105,58,0.905,0.871,PP,S1,0.940,landmark,,UNMUTE,0,,1,66650,3ch,66,brightness,1.7,,homography,0.999,-0.04,7.9
2026-02-03 13:57:20,150,228,145,105,58,0.905,0.871,PP,S1,0.940,landmark,,UNMUTE,0,,1,67834,3ch,66,brightness,2.3,,homography,0.999,-0.04,7.9
2026-02-03 13:57:20,150,228,145,105,58,0.905,0.871,PP,S1,0.940,landmark,,UNMUTE,0,,1,68736,3ch,66,brightness,1.6,,homography,0.999,-0.04,7.9
2026-02-03 13:57:20,150,228,145,105,58,0.905,0.871,PP,S1,0.940,landmark,,UNMUTE,0,,1,69576,3ch,66,brightness,2.1,,homography,0.999,-0.04,7.9
2026-02-03 13:57:20,150,228,145,105,58,0.905,0.871,PP,S1,0.940,landmark,,UNMUTE,0,,1,69659,3ch,66,brightness,2.7,,homography,0.999,-0.04,7.9
2026-02-03 13:57:20,150,228,145,105,58,0.905,0.871,PP,S1,0.940,landmark,,UNMUTE,0,,1,68739,3ch,66,brightness,3.0,,homography,0.999,-0.04,7.9
2026-02-03 13:57:20,150,228,145,105,58,0.905,0.871,PP,S1,0.940,landmark,,UNMUTE,0,,1,68575,3ch,66,brightness,5.8,,homography,0.999,-0.04,7.9
2026-02-03 13:57:20,150,228,145,105,58,0.905,0.871,PP,S1,0.940,landmark,,UNMUTE,0,,1,70129,3ch,66,brightness,2.0,,homography,0.999,-0.04,7.9
2026-02-03 13:57:20,150,228,145,105,58,0.905,0.871,PP,S1,0.940,landmark,,UNMUTE,0,,1,40690,3ch,63,brightness,1.5,,homography,0.999,-0.04,7.9
2026-02-03 13:57:20,150,228,145,105,58,0.905,0.871,PP,S1,0.940,landmark,,UNMUTE,0,,1,50820,3ch,63,brightness,1.6,,homography,0.999,-0.04,7.9
2026-02-03 13:57:20,150,228,145,105,58,0.905,0.871,PP,S1,0.940,landmark,,UNMUTE,0,,1,52350,3ch,63,brightness,2.7,,homography,0.999,-0.04,7.9
2026-02-03 13:57:20,150,228,145,105,58,0.905,0.871,PP,S1,0.940,landmark,,UNMUTE,0,,1,54309,3ch,64,brightness,1.8,,homography,0.999,-0.04,7.9
2026-02-03 13:57:20,150,228,145,105,58,0.905,0.871,PP,S1,0.940,landmark,,UNMUTE,0,,1,55028,3ch,64,brightness,2.0,,homography,0.999,-0.04,7.9
2026-02-03 13:57:21,150,228,145,105,58,0.905,0.871,PP,S1,0.940,landmark,,UNMUTE,0,,1,56628,3ch,64,brightness,2.6,,homography,0.999,-0.04,7.9
2026-02-03 13:57:21,150,228,145,105,58,0.905,0.871,PP,S1,0.940,landmark,,UNMUTE,0,,1,58826,3ch,64,brightness,3.3,,homography,0.999,-0.04,7.9
2026-02-03 13:57:21,150,228,145,105,58,0.905,0.871,PP,S1,0.940,landmark,,UNMUTE,0,,1,59914,3ch,64,brightness,4.2,,homography,0.999,-0.04,7.9
2026-02-03 13:57:21,150,228,145,105,58,0.905,0.871,PP,S1,0.940,landmark,,UNMUTE,0,,1,61187,3ch,66,brightness,2.0,,homography,0.999,-0.04,7.9
2026-02-03 13:57:21,150,228,145,105,58,0.905,0.871,PP,S1,0.940,landmark,,UNMUTE,0,,1,62874,3ch,66,brightness,2.0,,homography,0.999,-0.04,7.9
2026-02-03 13:57:21,150,228,145,105,58,0.905,0.871,PP,S1,0.940,landmark,,UNMUTE,0,,1,63865,3ch,66,brightness,1.5,,homography,0.999,-0.04,7.9
2026-02-03 13:57:21,150,228,145,105,58,0.905,0.871,PP,S1,0.940,landmark,,UNMUTE,0,,1,63930,3ch,65,brightness,2.6,,homography,0.999,-0.04,7.9
2026-02-03 13:57:21,150,228,145,105,58,0.905,0.871,PP,S1,0.940,landmark,,UNMUTE,0,,1,63874,3ch,65,brightness,2.1,,homography,0.999,-0.04,7.9
2026-02-03 13:57:21,150,228,145,105,58,0.905,0.871,PP,S1,0.940,landmark,,UNMUTE,0,,1,65565,3ch,65,brightness,1.9,,homography,0.999,-0.04,7.9
2026-02-03 13:57:21,150,228,145,105,58,0.905,0.871,PP,S1,0.940,landmark,,UNMUTE,0,,1,65171,3ch,65,brightness,2.8,,homography,0.999,-0.04,7.9
2026-02-03 13:57:21,150,228,145,105,58,0.905,0.871,PP,S1,0.940,landmark,,UNMUTE,0,,1,65935,3ch,66,brightness,5.6,,homography,0.999,-0.04,7.9
2026-02-03 13:57:21,150,228,145,105,58,0.905,0.871,PP,S1,0.940,landmark,,UNMUTE,0,,1,65729,3ch,66,brightness,4.2,,homography,0.999,-0.04,7.9
2026-02-03 13:57:21,150,228,145,105,58,0.905,0.871,PP,S1,0.940,landmark,,UNMUTE,0,,1,66177,3ch,66,brightness,2.2,,homography,0.999,-0.04,7.9
2026-02-03 13:57:21,150,228,145,105,58,0.905,0.871,PP,S1,0.940,landmark,,UNMUTE,0,,1,66485,3ch,66,brightness,2.1,,homography,0.999,-0.04,7.9
2026-02-03 13:57:21,150,228,145,105,58,0.905,0.871,PP,S1,0.940,landmark,,UNMUTE,0,,1,66663,3ch,66,brightness,1.5,,homography,0.999,-0.04,7.9
2026-02-03 13:57:22,150,228,145,105,58,0.905,0.871,PP,S1,0.940,landmark,,UNMUTE,0,,1,67325,3ch,66,brightness,2.0,,homography,0.999,-0.04,7.9
2026-02-03 13:57:22,150,228,145,105,58,0.905,0.871,PP,S1,0.940,landmark,,UNMUTE,0,,1,67363,3ch,65,brightness,1.7,,homography,0.999,-0.04,7.9
2026-02-03 13:57:22,150,228,145,105,58,0.905,0.871,PP,S1,0.940,landmark,,UNMUTE,0,,1,67868,3ch,65,brightness,2.3,,homography,0.999,-0.04,7.9
2026-02-03 13:57:22,150,228,145,105,58,0.905,0.871,PP,S1,0.940,landmark,,UNMUTE,0,,1,68085,3ch,66,brightness,3.2,,homography,0.999,-0.04,7.9
2026-02-03 13:57:22,150,228,145,105,58,0.905,0.871,PP,S1,0.940,landmark,,UNMUTE,0,,1,68680,3ch,66,brightness,5.7,,homography,0.999,-0.04,7.9
2026-02-03 13:57:22,150,228,145,105,58,0.905,0.871,PP,S1,0.940,landmark,,UNMUTE,0,,1,68767,3ch,65,brightness,3.5,,homography,0.999,-0.04,7.9
2026-02-03 13:57:22,150,228,145,105,58,0.905,0.871,PP,S1,0.940,landmark,,UNMUTE,0,,1,69358,3ch,65,brightness,2.8,,homography,0.999,-0.04,7.9
2026-02-03 13:57:22,150,228,145,105,58,0.905,0.871,PP,S1,0.940,landmark,,UNMUTE,0,,1,69610,3ch,65,brightness,1.9,,homography,0.999,-0.04,7.9
2026-02-03 13:57:22,150,228,145,105,58,0.905,0.871,PP,S1,0.940,landmark,,UNMUTE,0,,1,70301,3ch,65,brightness,1.7,,homography,0.999,-0.04,7.9
2026-02-03 13:57:22,150,228,145,105,58,0.905,0.871,PP,S1,0.940,landmark,,UNMUTE,0,,1,70239,3ch,65,brightness,2.2,,homography,0.999,-0.04,7.9
2026-02-03 13:57:22,150,228,145,105,58,0.905,0.871,PP,S1,0.940,landmark,,UNMUTE,0,,1,42455,3ch,63,brightness,3.2,,homography,0.999,-0.04,7.9
2026-02-03 13:57:22,150,228,145,105,58,0.905,0.871,PP,S1,0.940,landmark,,UNMUTE,0,,1,49729,3ch,63,brightness,1.8,,homography,0.999,-0.04,7.9
2026-02-03 13:57:22,150,228,145,105,58,0.905,0.871,PP,S1,0.940,landmark,,UNMUTE,0,,1,53060,3ch,63,brightness,2.9,,homography,0.999,-0.04,7.9
2026-02-03 13:57:22,150,228,145,105,58,0.905,0.871,PP,S1,0.940,landmark,,UNMUTE,0,,1,54514,3ch,63,brightness,4.2,,homography,0.999,-0.04,7.9
2026-02-03 13:57:22,150,228,145,105,58,0.905,0.871,PP,S1,0.940,landmark,,UNMUTE,0,,1,55081,3ch,63,brightness,3.4,,homography,0.999,-0.04,7.9
2026-02-03 13:57:23,150,228,145,105,58,0.905,0.871,PP,S1,0.940,landmark,,UNMUTE,0,,1,57508,3ch,63,brightness,2.9,,homography,0.999,-0.04,7.9
2026-02-03 13:57:23,150,228,145,105,58,0.905,0.871,PP,S1,0.940,landmark,,UNMUTE,0,,1,58844,3ch,63,brightness,1.7,,homography,0.999,-0.04,7.9
2026-02-03 13:57:23,150,228,145,105,58,0.905,0.871,PP,S1,0.940,landmark,,UNMUTE,0,,1,59704,3ch,65,brightness,2.1,,homography,0.999,-0.04,7.9
2026-02-03 13:57:23,150,228,145,105,58,0.905,0.871,PP,S1,0.940,landmark,,UNMUTE,0,,1,60695,3ch,65,brightness,1.8,,homography,0.999,-0.04,7.9
2026-02-03 13:57:23,150,228,145,105,58,0.905,0.871,PP,S1,0.940,landmark,,UNMUTE,0,,1,61921,3ch,67,brightness,3.3,,homography,0.999,-0.04,7.9
2026-02-03 13:57:23,150,228,145,105,58,0.905,0.871,PP,S1,0.940,landmark,,UNMUTE,0,,1,62750,3ch,67,brightness,1.8,,homography,0.999,-0.04,7.9
2026-02-03 13:57:23,150,228,145,105,58,0.905,0.871,PP,S1,0.940,landmark,,UNMUTE,0,,1,63647,3ch,67,brightness,2.5,,homography,0.999,-0.04,7.9
2026-02-03 13:57:23,150,228,145,105,58,0.905,0.871,PP,S1,0.940,landmark,,UNMUTE,0,,1,64516,3ch,67,brightness,3.3,,homography,0.999,-0.04,7.9
2026-02-03 13:57:23,150,228,145,105,58,0.905,0.871,PP,S1,0.940,landmark,,UNMUTE,0,,1,64708,3ch,67,brightness,2.8,,homography,0.999,-0.04,7.9
2026-02-03 13:57:23,150,228,145,105,58,0.905,0.871,PP,S1,0.940,landmark,,UNMUTE,0,,1,65522,3ch,67,brightness,3.1,,homography,0.999,-0.04,7.9
2026-02-03 13:57:23,150,228,145,105,58,0.905,0.871,PP,S1,0.940,landmark,,UNMUTE,0,,1,65620,3ch,67,brightness,1.9,,homography,0.999,-0.04,7.9
2026-02-03 13:57:23,150,228,145,105,58,0.905,0.871,PP,S1,0.940,landmark,,UNMUTE,0,,1,66230,3ch,67,brightness,2.9,,homography,0.999,-0.04,7.9
2026-02-03 13:57:23,150,228,145,105,58,0.905,0.871,PP,S1,0.940,landmark,,UNMUTE,0,,1,67073,3ch,67,brightness,1.8,,homography,0.999,-0.04,7.9
2026-02-03 13:57:23,150,228,145,105,58,0.905,0.871,PP,S1,0.940,landmark,,UNMUTE,0,,1,69166,3ch,66,brightness,2.3,,homography,0.999,-0.04,7.9
2026-02-03 13:57:23,150,228,145,105,58,0.905,0.871,PP,S1,0.940,landmark,,UNMUTE,0,,1,68875,3ch,66,brightness,1.9,,homography,0.999,-0.04,7.9
2026-02-03 13:57:24,150,228,145,105,58,0.905,0.871,PP,S1,0.940,landmark,,UNMUTE,0,,1,69921,3ch,66,brightness,2.9,,homography,0.999,-0.04,7.9
2026-02-03 13:57:24,150,228,145,105,58,0.905,0.871,PP,S1,0.940,landmark,,UNMUTE,0,,1,69894,3ch,66,brightness,7.2,,homography,0.999,-0.04,7.9
2026-02-03 13:57:24,150,228,145,105,58,0.905,0.871,PP,S1,0.940,landmark,,UNMUTE,0,,1,70296,3ch,67,brightness,2.6,,homography,0.999,-0.04,7.9
2026-02-03 13:57:24,150,228,145,105,58,0.905,0.871,PP,S1,0.940,landmark,,UNMUTE,0,,1,69904,3ch,67,brightness,2.2,,homography,0.999,-0.04,7.9
2026-02-03 13:57:24,150,228,145,105,58,0.905,0.871,PP,S1,0.940,landmark,,UNMUTE,0,,1,70092,3ch,67,brightness,1.9,,homography,0.999,-0.04,7.9
2026-02-03 13:57:24,150,228,145,105,58,0.905,0.871,PP,S1,0.940,landmark,,UNMUTE,0,,1,70266,3ch,67,brightness,3.4,,homography,0.999,-0.04,7.9
2026-02-03 13:57:24,150,228,145,105,58,0.905,0.871,PP,S1,0.940,landmark,,UNMUTE,0,,1,71238,3ch,67,brightness,1.7,,homography,0.999,-0.04,7.9
2026-02-03 13:57:24,150,228,145,105,58,0.905,0.871,PP,S1,0.940,landmark,,UNMUTE,0,,1,71684,3ch,67,brightness,2.1,,homography,0.999,-0.04,7.9
2026-02-03 13:57:24,150,228,145,105,58,0.905,0.871,PP,S1,0.940,landmark,,UNMUTE,0,,1,71749,3ch,67,brightness,2.0,,homography,0.999,-0.04,7.9
2026-02-03 13:57:24,150,228,145,105,58,0.905,0.871,PP,S1,0.940,landmark,,UNMUTE,0,,1,72057,3ch,67,brightness,2.8,,homography,0.999,-0.04,7.9
2026-02-03 13:57:24,150,228,145,105,58,0.905,0.871,PP,S1,0.940,landmark,,UNMUTE,0,,1,40268,3ch,63,brightness,7.8,,homography,0.999,-0.04,7.9
2026-02-03 13:57:24,150,228,145,105,58,0.905,0.871,PP,S1,0.940,landmark,,UNMUTE,0,,1,48676,3ch,62,brightness,3.4,,homography,0.999,-0.04,7.9
2026-02-03 13:57:24,150,228,145,105,58,0.905,0.871,PP,S1,0.940,landmark,,UNMUTE,0,,1,52719,3ch,62,brightness,2.5,,homography,0.999,-0.04,7.9
2026-02-03 13:57:24,150,228,145,105,58,0.905,0.871,PP,S1,0.940,landmark,,UNMUTE,0,,1,54812,3ch,62,brightness,1.8,,homography,0.999,-0.04,7.9
2026-02-03 13:57:24,150,228,145,105,58,0.905,0.871,PP,S1,0.940,landmark,,UNMUTE,0,,1,56574,3ch,62,brightness,2.3,,homography,0.999,-0.04,7.9
2026-02-03 13:57:25,150,228,145,105,58,0.905,0.871,PP,S1,0.940,landmark,,UNMUTE,0,,1,59630,3ch,62,brightness,1.6,,homography,0.999,-0.04,7.9
2026-02-03 13:57:25,150,228,145,105,58,0.905,0.871,PP,S1,0.940,landmark,,UNMUTE,0,,1,60733,3ch,64,brightness,2.3,,homography,0.999,-0.04,7.9
2026-02-03 13:57:25,150,228,145,105,58,0.905,0.871,PP,S1,0.940,landmark,,UNMUTE,0,,1,61963,3ch,64,brightness,2.0,,homography,0.999,-0.04,7.9
2026-02-03 13:57:25,150,228,145,105,58,0.905,0.871,PP,S1,0.940,landmark,,UNMUTE,0,,1,62662,3ch,64,brightness,2.3,,homography,0.999,-0.04,7.9
2026-02-03 13:57:25,150,228,145,105,58,0.905,0.871,PP,S1,0.940,landmark,,UNMUTE,0,,1,63486,3ch,66,brightness,2.3,,homography,0.999,-0.04,7.9
2026-02-03 13:57:25,150,228,145,105,58,0.905,0.871,PP,S1,0.940,landmark,,UNMUTE,0,,1,64220,3ch,66,brightness,1.6,,homography,0.999,-0.04,7.9
2026-02-03 13:57:25,150,228,145,105,58,0.905,0.871,PP,S1,0.940,landmark,,UNMUTE,0,,1,65078,3ch,66,brightness,5.2,,homography,0.999,-0.04,7.9
2026-02-03 13:57:25,150,228,145,105,58,0.905,0.871,PP,S1,0.940,landmark,,UNMUTE,0,,1,65329,3ch,67,brightness,2.3,,homography,0.999,-0.04,7.9
2026-02-03 13:57:25,150,228,145,105,58,0.905,0.871,PP,S1,0.940,landmark,,UNMUTE,0,,1,66189,3ch,69,brightness,2.9,,homography,0.999,-0.04,7.9
2026-02-03 13:57:25,150,228,145,105,58,0.905,0.871,PP,S1,0.940,landmark,,UNMUTE,0,,1,65601,3ch,69,brightness,2.3,,homography,0.999,-0.04,7.9
2026-02-03 13:57:25,150,228,145,105,58,0.905,0.871,PP,S1,0.940,landmark,,UNMUTE,0,,1,65139,3ch,69,brightness,2.2,,homography,0.999,-0.04,7.9
2026-02-03 13:57:25,150,228,145,105,58,0.905,0.871,PP,S1,0.940,landmark,,UNMUTE,0,,1,65987,3ch,69,brightness,2.2,,homography,0.999,-0.04,7.9
2026-02-03 13:57:25,150,228,145,105,58,0.905,0.871,PP,S1,0.940,landmark,,UNMUTE,0,,1,66125,3ch,68,brightness,2.1,,homography,0.999,-0.04,7.9
2026-02-03 13:57:25,150,228,145,105,58,0.905,0.871,PP,S1,0.940,landmark,,UNMUTE,0,,1,67499,3ch,68,brightness,3.3,,homography,0.999,-0.04,7.9
2026-02-03 13:57:25,150,228,145,105,58,0.905,0.871,PP,S1,0.940,landmark,,UNMUTE,0,,1,67534,3ch,69,brightness,3.6,,homography,0.999,-0.04,7.9
2026-02-03 13:57:26,150,228,145,105,58,0.905,0.871,PP,S1,0.940,landmark,,UNMUTE,0,,1,68313,3ch,69,brightness,3.5,,homography,0.999,-0.04,7.9
2026-02-03 13:57:26,150,228,145,105,58,0.905,0.871,PP,S1,0.940,landmark,,UNMUTE,0,,1,68954,3ch,69,brightness,1.7,,homography,0.999,-0.04,7.9
2026-02-03 13:57:26,150,228,145,105,58,0.905,0.871,PP,S1,0.940,landmark,,UNMUTE,0,,1,69441,3ch,68,brightness,2.1,,homography,0.999,-0.04,7.9
2026-02-03 13:57:26,150,228,145,105,58,0.905,0.871,PP,S1,0.940,landmark,,UNMUTE,0,,1,69484,3ch,68,brightness,1.6,,homography,0.999,-0.04,7.9
2026-02-03 13:57:26,150,228,145,105,58,0.905,0.871,PP,S1,0.940,landmark,,UNMUTE,0,,1,69052,3ch,68,brightness,2.1,,homography,0.999,-0.04,7.9
2026-02-03 13:57:26,150,228,145,105,58,0.905,0.871,PP,S1,0.940,landmark,,UNMUTE,0,,1,69387,3ch,68,brightness,2.7,,homography,0.999,-0.04,7.9
2026-02-03 13:57:26,150,228,145,105,58,0.905,0.871,PP,S1,0.940,landmark,,UNMUTE,0,,1,69824,3ch,68,brightness,1.9,,homography,0.999,-0.04,7.9
2026-02-03 13:57:26,150,228,145,105,58,0.905,0.871,PP,S1,0.940,landmark,,UNMUTE,0,,1,70534,3ch,68,brightness,2.7,,homography,0.999,-0.04,7.9
2026-02-03 13:57:26,150,228,145,105,58,0.905,0.871,PP,S1,0.940,landmark,,UNMUTE,0,,1,71462,3ch,68,brightness,3.1,,homography,0.999,-0.04,7.9
2026-02-03 13:57:26,150,228,145,105,58,0.905,0.871,PP,S1,0.940,landmark,,UNMUTE,0,,1,71363,3ch,68,brightness,5.6,,homography,0.999,-0.04,7.9
2026-02-03 13:57:26,150,228,145,105,58,0.905,0.871,PP,S1,0.940,landmark,,UNMUTE,0,,1,42134,3ch,67,brightness,1.9,,homography,0.999,-0.04,7.9
2026-02-03 13:57:26,150,228,145,105,58,0.905,0.871,PP,S1,0.940,landmark,,UNMUTE,0,,1,51609,3ch,66,brightness,2.3,,homography,0.999,-0.04,7.9
2026-02-03 13:57:26,150,228,145,105,58,0.905,0.871,PP,S1,0.940,landmark,,UNMUTE,0,,1,53961,3ch,66,brightness,1.7,,homography,0.999,-0.04,7.9
2026-02-03 13:57:26,150,228,145,105,58,0.905,0.871,PP,S1,0.940,landmark,,UNMUTE,0,,1,54961,3ch,68,brightness,2.1,,homography,0.999,-0.04,7.9
2026-02-03 13:57:26,150,228,145,105,58,0.905,0.871,PP,S1,0.940,landmark,,UNMUTE,0,,1,57646,3ch,67,brightness,3.2,,homography,0.999,-0.04,7.9
2026-02-03 13:57:27,150,228,145,105,58,0.905,0.871,PP,S1,0.940,landmark,,UNMUTE,0,,1,58642,3ch,67,brightness,1.8,,homography,0.999,-0.04,7.9
2026-02-03 13:57:27,150,228,145,105,58,0.905,0.871,PP,S1,0.940,landmark,,UNMUTE,0,,1,59207,3ch,67,brightness,2.7,,homography,0.999,-0.04,7.9
2026-02-03 13:57:27,150,228,145,105,58,0.905,0.871,PP,S1,0.940,landmark,,UNMUTE,0,,1,59982,3ch,69,brightness,3.9,,homography,0.999,-0.04,7.9
2026-02-03 13:57:27,150,228,145,105,58,0.905,0.871,PP,S1,0.940,landmark,,UNMUTE,0,,1,60290,3ch,69,brightness,5.0,,homography,0.999,-0.04,7.9
2026-02-03 13:57:27,150,228,145,105,58,0.905,0.871,PP,S1,0.940,landmark,,UNMUTE,0,,1,61369,3ch,69,brightness,1.5,,homography,0.999,-0.04,7.9
2026-02-03 13:57:27,150,228,145,105,58,0.905,0.871,PP,S1,0.940,landmark,,UNMUTE,0,,1,63241,3ch,69,brightness,1.8,,homography,0.999,-0.04,7.9
2026-02-03 13:57:27,150,228,145,105,58,0.905,0.871,PP,S1,0.940,landmark,,UNMUTE,0,,1,63238,3ch,67,brightness,1.8,,homography,0.999,-0.04,7.9
2026-02-03 13:57:27,150,228,145,105,58,0.905,0.871,PP,S1,0.940,landmark,,UNMUTE,0,,1,64087,3ch,67,brightness,1.7,,homography,0.999,-0.04,7.9
2026-02-03 13:57:27,150,228,145,105,58,0.905,0.871,PP,S1,0.940,landmark,,UNMUTE,0,,1,65794,3ch,67,brightness,2.6,,homography,0.999,-0.04,7.9
2026-02-03 13:57:27,150,228,145,105,58,0.905,0.871,PP,S1,0.940,landmark,,UNMUTE,0,,1,66189,3ch,67,brightness,1.9,,homography,0.999,-0.04,7.9
2026-02-03 13:57:27,150,228,145,105,58,0.905,0.871,PP,S1,0.940,landmark,,UNMUTE,0,,1,66501,3ch,67,brightness,2.8,,homography,0.999,-0.04,7.9
2026-02-03 13:57:27,150,228,145,105,58,0.905,0.871,PP,S1,0.940,landmark,,UNMUTE,0,,1,66143,3ch,67,brightness,3.2,,homography,0.999,-0.04,7.9
2026-02-03 13:57:27,150,228,145,105,58,0.905,0.871,PP,S1,0.940,landmark,,UNMUTE,0,,1,66561,3ch,67,brightness,4.5,,homography,0.999,-0.04,7.9
2026-02-03 13:57:27,150,228,145,105,58,0.905,0.871,PP,S1,0.940,landmark,,UNMUTE,0,,1,65697,3ch,67,brightness,1.7,,homography,0.999,-0.04,7.9
2026-02-03 13:57:27,150,228,145,105,58,0.905,0.871,PP,S1,0.940,landmark,,UNMUTE,0,,1,66766,3ch,67,brightness,2.0,,homography,0.999,-0.04,7.9
2026-02-03 13:57:28,150,228,145,105,58,0.905,0.871,PP,S1,0.940,landmark,,UNMUTE,0,,1,67123,3ch,67,brightness,2.1,,homography,0.999,-0.04,7.9
2026-02-03 13:57:28,150,228,145,105,58,0.905,0.871,PP,S1,0.940,landmark,,UNMUTE,0,,1,66226,3ch,69,brightness,1.8,,homography,0.999,-0.04,7.9
2026-02-03 13:57:28,150,228,145,105,58,0.905,0.871,PP,S1,0.940,landmark,,UNMUTE,0,,1,66952,3ch,68,brightness,2.8,,homography,0.999,-0.04,7.9
2026-02-03 13:57:28,150,228,145,105,58,0.905,0.871,PP,S1,0.940,landmark,,UNMUTE,0,,1,67586,3ch,68,brightness,1.7,,homography,0.999,-0.04,7.9
2026-02-03 13:57:28,150,228,145,105,58,0.905,0.871,PP,S1,0.940,landmark,,UNMUTE,0,,1,67402,3ch,68,brightness,2.2,,homography,0.999,-0.04,7.9
2026-02-03 13:57:28,150,228,145,105,58,0.905,0.871,PP,S1,0.940,landmark,,UNMUTE,0,,1,67958,3ch,68,brightness,3.1,,homography,0.999,-0.04,7.9
2026-02-03 13:57:28,150,228,145,105,58,0.905,0.871,PP,S1,0.940,landmark,,UNMUTE,0,,1,67933,3ch,66,brightness,3.2,,homography,0.999,-0.04,7.9
2026-02-03 13:57:28,150,228,145,105,58,0.905,0.871,PP,S1,0.940,landmark,,UNMUTE,0,,1,68409,3ch,66,brightness,2.5,,homography,0.999,-0.04,7.9
2026-02-03 13:57:28,150,228,145,105,58,0.905,0.871,PP,S1,0.940,landmark,,UNMUTE,0,,1,68204,3ch,66,brightness,2.1,,homography,0.999,-0.04,7.9
2026-02-03 13:57:28,150,228,145,105,58,0.905,0.871,PP,S1,0.940,landmark,,UNMUTE,0,,1,68662,3ch,66,brightness,2.3,,homography,0.999,-0.04,7.9
2026-02-03 13:57:28,150,228,145,105,58,0.905,0.871,PP,S1,0.940,landmark,,UNMUTE,0,,1,45469,3ch,63,brightness,1.8,,homography,0.999,-0.04,7.9
2026-02-03 13:57:28,150,228,145,105,58,0.905,0.871,PP,S1,0.940,landmark,,UNMUTE,0,,1,50778,3ch,63,brightness,2.6,,homography,0.999,-0.04,7.9
2026-02-03 13:57:28,150,228,145,105,58,0.905,0.871,PP,S1,0.940,landmark,,UNMUTE,0,,1,54218,3ch,63,brightness,1.6,,homography,0.999,-0.04,7.9
2026-02-03 13:57:28,150,228,145,105,58,0.905,0.871,PP,S1,0.940,landmark,,UNMUTE,0,,1,57405,3ch,63,brightness,2.7,,homography,0.999,-0.04,7.9
2026-02-03 13:57:28,150,228,145,105,58,0.905,0.871,PP,S1,0.940,landmark,,UNMUTE,0,,1,59797,3ch,63,brightness,5.0,,homography,0.999,-0.04,7.9
2026-02-03 13:57:29,150,228,145,105,58,0.905,0.871,PP,S1,0.940,landmark,,UNMUTE,0,,1,61219,3ch,64,brightness,4.2,,homography,0.999,-0.04,7.9
2026-02-03 13:57:29,150,228,145,105,58,0.905,0.871,PP,S1,0.940,landmark,,UNMUTE,0,,1,63221,3ch,64,brightness,3.3,,homography,0.999,-0.04,7.9
2026-02-03 13:57:29,150,228,145,105,58,0.905,0.871,PP,S1,0.940,landmark,,UNMUTE,0,,1,63241,3ch,64,brightness,1.8,,homography,0.999,-0.04,7.9
2026-02-03 13:57:29,150,228,145,105,58,0.905,0.871,PP,S1,0.940,landmark,,UNMUTE,0,,1,63605,3ch,67,brightness,1.7,,homography,0.999,-0.04,7.9
2026-02-03 13:57:29,150,228,145,105,58,0.905,0.871,PP,S1,0.940,landmark,,UNMUTE,0,,1,65146,3ch,67,brightness,1.8,,homography,0.999,-0.04,7.9
2026-02-03 13:57:29,150,228,145,105,58,0.905,0.871,PP,S1,0.940,landmark,,UNMUTE,0,,1,66464,3ch,67,brightness,2.2,,homography,0.999,-0.04,7.9
2026-02-03 13:57:29,150,228,145,105,58,0.905,0.871,PP,S1,0.940,landmark,,UNMUTE,0,,1,66644,3ch,67,brightness,1.5,,homography,0.999,-0.04,7.9
2026-02-03 13:57:29,150,228,145,105,58,0.905,0.871,PP,S1,0.940,landmark,,UNMUTE,0,,1,66843,3ch,67,brightness,1.8,,homography,0.999,-0.04,7.9
2026-02-03 13:57:29,150,228,145,105,58,0.905,0.871,PP,S1,0.940,landmark,,UNMUTE,0,,1,66890,3ch,67,brightness,2.7,,homography,0.999,-0.04,7.9
2026-02-03 13:57:29,150,228,145,105,58,0.905,0.871,PP,S1,0.940,landmark,,UNMUTE,0,,1,68006,3ch,67,brightness,3.3,,homography,0.999,-0.04,7.9
2026-02-03 13:57:29,150,228,145,105,58,0.905,0.871,PP,S1,0.940,landmark,,UNMUTE,0,,1,68099,3ch,67,brightness,3.9,,homography,0.999,-0.04,7.9
2026-02-03 13:57:29,150,228,145,105,58,0.905,0.871,PP,S1,0.940,landmark,,UNMUTE,0,,1,68202,3ch,67,brightness,3.0,,homography,0.999,-0.04,7.9
2026-02-03 13:57:29,150,228,145,105,58,0.905,0.871,PP,S1,0.940,landmark,,UNMUTE,0,,1,68631,3ch,67,brightness,2.9,,homography,0.999,-0.04,7.9
2026-02-03 13:57:29,150,228,145,105,58,0.905,0.871,PP,S1,0.940,landmark,,UNMUTE,0,,1,68762,3ch,67,brightness,2.0,,homography,0.999,-0.04,7.9
2026-02-03 13:57:29,150,228,145,105,58,0.905,0.871,PP,S1,0.940,landmark,,UNMUTE,0,,1,68899,3ch,67,brightness,3.5,,homography,0.999,-0.04,7.9
2026-02-03 13:57:30,150,228,145,105,58,0.905,0.871,PP,S1,0.940,landmark,,UNMUTE,0,,1,69524,3ch,68,brightness,2.0,,homography,0.999,-0.04,7.9
2026-02-03 13:57:30,150,228,145,105,58,0.905,0.871,PP,S1,0.940,landmark,,UNMUTE,0,,1,69898,3ch,68,brightness,1.9,,homography,0.999,-0.04,7.9
2026-02-03 13:57:30,150,228,145,105,58,0.905,0.871,PP,S1,0.940,landmark,,UNMUTE,0,,1,69853,3ch,67,brightness,2.6,,homography,0.999,-0.04,7.9
2026-02-03 13:57:30,150,228,145,105,58,0.905,0.871,PP,S1,0.940,landmark,,UNMUTE,0,,1,69743,3ch,67,brightness,3.5,,homography,0.999,-0.04,7.9
2026-02-03 13:57:30,150,228,145,105,58,0.905,0.871,PP,S1,0.940,landmark,,UNMUTE,0,,1,69823,3ch,68,brightness,4.7,,homography,0.999,-0.04,7.9
2026-02-03 13:57:30,150,228,145,105,58,0.905,0.871,PP,S1,0.940,landmark,,UNMUTE,0,,1,70056,3ch,68,brightness,1.6,,homography,0.999,-0.04,7.9
2026-02-03 13:57:30,150,228,145,105,58,0.905,0.871,PP,S1,0.940,landmark,,UNMUTE,0,,1,70529,3ch,68,brightness,1.6,,homography,0.999,-0.04,7.9
2026-02-03 13:57:30,150,228,145,105,58,0.905,0.871,PP,S1,0.940,landmark,,UNMUTE,0,,1,70356,3ch,68,brightness,1.4,,homography,0.999,-0.04,7.9
2026-02-03 13:57:30,150,228,145,105,58,0.905,0.871,PP,S1,0.940,landmark,,UNMUTE,0,,1,70959,3ch,68,brightness,2.2,,homography,0.999,-0.04,7.9
2026-02-03 13:57:30,150,228,145,105,58,0.905,0.871,PP,S1,0.940,landmark,,UNMUTE,0,,1,71081,3ch,68,brightness,2.8,,homography,0.999,-0.04,7.9
2026-02-03 13:57:30,150,228,145,105,58,0.905,0.871,PP,S1,0.940,landmark,,UNMUTE,0,,1,36934,3ch,66,brightness,1.6,,homography,0.999,-0.04,7.9
2026-02-03 13:57:30,150,228,145,105,58,0.905,0.871,PP,S1,0.940,landmark,,UNMUTE,0,,1,45888,3ch,66,brightness,2.2,,homography,0.999,-0.04,7.9
2026-02-03 13:57:30,150,228,145,105,58,0.905,0.871,PP,S1,0.940,landmark,,UNMUTE,0,,1,50498,3ch,64,brightness,3.6,,homography,0.999,-0.04,7.9
2026-02-03 13:57:30,150,228,145,105,58,0.905,0.871,PP,S1,0.940,landmark,,UNMUTE,0,,1,53623,3ch,65,brightness,4.0,,homography,0.999,-0.04,7.9
2026-02-03 13:57:30,150,228,145,105,58,0.905,0.871,PP,S1,0.940,landmark,,UNMUTE,0,,1,56184,3ch,66,brightness,1.7,,homography,0.999,-0.04,7.9
2026-02-03 13:57:31,150,228,145,105,58,0.905,0.871,PP,S1,0.940,landmark,,UNMUTE,0,,1,57441,3ch,66,brightness,2.5,,homography,0.999,-0.04,7.9
2026-02-03 13:57:31,150,228,145,105,58,0.905,0.871,PP,S1,0.940,landmark,,UNMUTE,0,,1,58547,3ch,66,brightness,1.3,,homography,0.999,-0.04,7.9
2026-02-03 13:57:31,150,228,145,105,58,0.905,0.871,PP,S1,0.940,landmark,,UNMUTE,0,,1,59943,3ch,67,brightness,1.2,,homography,0.999,-0.04,7.9
2026-02-03 13:57:31,150,228,145,105,58,0.905,0.871,PP,S1,0.940,landmark,,UNMUTE,0,,1,62000,3ch,67,brightness,3.5,,homography,0.999,-0.04,7.9
2026-02-03 13:57:31,150,228,145,105,58,0.905,0.871,PP,S1,0.940,landmark,,UNMUTE,0,,1,62308,3ch,67,brightness,1.2,,homography,0.999,-0.04,7.9
2026-02-03 13:57:31,150,228,145,105,58,0.905,0.871,PP,S1,0.940,landmark,,UNMUTE,0,,1,63220,3ch,67,brightness,3.6,,homography,0.999,-0.04,7.9
2026-02-03 13:57:31,150,228,145,105,58,0.905,0.871,PP,S1,0.940,landmark,,UNMUTE,0,,1,64061,3ch,67,brightness,5.2,,homography,0.999,-0.04,7.9
2026-02-03 13:57:31,150,228,145,105,58,0.905,0.871,PP,S1,0.940,landmark,,UNMUTE,0,,1,64666,3ch,67,brightness,2.4,,homography,0.999,-0.04,7.9
2026-02-03 13:57:31,150,228,145,105,58,0.905,0.871,PP,S1,0.940,landmark,,UNMUTE,0,,1,65751,3ch,67,brightness,1.9,,homography,0.999,-0.04,7.9
2026-02-03 13:57:31,150,228,145,105,58,0.905,0.871,PP,S1,0.940,landmark,,UNMUTE,0,,1,66560,3ch,67,brightness,1.3,,homography,0.999,-0.04,7.9
2026-02-03 13:57:31,150,228,145,105,58,0.905,0.871,PP,S1,0.940,landmark,,UNMUTE,0,,1,67158,3ch,67,brightness,1.9,,homography,0.999,-0.04,7.9
2026-02-03 13:57:31,150,228,145,105,58,0.905,0.871,PP,S1,0.940,landmark,,UNMUTE,0,,1,67077,3ch,66,brightness,2.8,,homography,0.999,-0.04,7.9
2026-02-03 13:57:31,150,228,145,105,58,0.905,0.871,PP,S1,0.940,landmark,,UNMUTE,0,,1,67055,3ch,66,brightness,2.6,,homography,0.999,-0.04,7.9
2026-02-03 13:57:31,150,228,145,105,58,0.905,0.871,PP,S1,0.940,landmark,,UNMUTE,0,,1,67343,3ch,66,brightness,1.3,,homography,0.999,-0.04,7.9
2026-02-03 13:57:31,150,228,145,105,58,0.905,0.871,PP,S1,0.940,landmark,,UNMUTE,0,,1,67869,3ch,66,brightness,2.4,,homography,0.999,-0.04,7.9
2026-02-03 13:57:32,150,228,145,105,58,0.905,0.871,PP,S1,0.940,landmark,,UNMUTE,0,,1,67559,3ch,66,brightness,3.7,,homography,0.999,-0.04,7.9
2026-02-03 13:57:32,150,228,145,105,58,0.905,0.871,PP,S1,0.940,landmark,,UNMUTE,0,,1,67743,3ch,64,brightness,4.6,,homography,0.999,-0.04,7.9
2026-02-03 13:57:32,150,228,145,105,58,0.905,0.871,PP,S1,0.940,landmark,,UNMUTE,0,,1,67968,3ch,64,brightness,2.1,,homography,0.999,-0.04,7.9
2026-02-03 13:57:32,150,228,145,105,58,0.905,0.871,PP,S1,0.940,landmark,,UNMUTE,0,,1,68226,3ch,64,brightness,2.5,,homography,0.999,-0.04,7.9
2026-02-03 13:57:32,150,228,145,105,58,0.905,0.871,PP,S1,0.940,landmark,,UNMUTE,0,,1,69248,3ch,64,brightness,1.5,,homography,0.999,-0.04,7.9
2026-02-03 13:57:32,150,228,145,105,58,0.905,0.871,PP,S1,0.940,landmark,,UNMUTE,0,,1,69066,3ch,64,brightness,2.3,,homography,0.999,-0.04,7.9
2026-02-03 13:57:32,150,228,145,105,58,0.905,0.871,PP,S1,0.940,landmark,,UNMUTE,0,,1,69165,3ch,64,brightness,3.3,,homography,0.999,-0.04,7.9
2026-02-03 13:57:32,150,228,145,105,58,0.905,0.871,PP,S1,0.940,landmark,,UNMUTE,0,,1,68655,3ch,64,brightness,1.5,,homography,0.999,-0.04,7.9
2026-02-03 13:57:32,150,228,145,105,58,0.905,0.871,PP,S1,0.940,landmark,,UNMUTE,0,,1,69019,3ch,64,brightness,1.6,,homography,0.999,-0.04,7.9
2026-02-03 13:57:32,150,228,145,105,58,0.905,0.871,PP,S1,0.940,landmark,,UNMUTE,0,,1,69351,3ch,65,brightness,2.7,,homography,0.999,-0.04,7.9
2026-02-03 13:57:32,150,228,145,105,58,0.905,0.871,PP,S1,0.940,landmark,,UNMUTE,0,,1,43431,3ch,62,brightness,3.2,,homography,0.999,-0.04,7.9
2026-02-03 13:57:32,150,228,145,105,58,0.905,0.871,PP,S1,0.940,landmark,,UNMUTE,0,,1,51967,3ch,63,brightness,2.2,,homography,0.999,-0.04,7.9
2026-02-03 13:57:32,150,228,145,105,58,0.905,0.871,PP,S1,0.940,landmark,,UNMUTE,0,,1,54390,3ch,63,brightness,2.1,,homography,0.999,-0.04,7.9
2026-02-03 13:57:32,150,228,145,105,58,0.905,0.871,PP,S1,0.940,landmark,,UNMUTE,0,,1,55086,3ch,63,brightness,1.5,,homography,0.999,-0.04,7.9
2026-02-03 13:57:32,150,228,145,105,58,0.905,0.871,PP,S1,0.940,landmark,,UNMUTE,0,,1,56629,3ch,63,brightness,2.0,,homography,0.999,-0.04,7.9
2026-02-03 13:57:33,150,228,145,105,58,0.905,0.871,PP,S1,0.940,landmark,,UNMUTE,0,,1,58715,3ch,64,brightness,3.2,,homography,0.999,-0.04,7.9
2026-02-03 13:57:33,150,228,145,105,58,0.905,0.871,PP,S1,0.940,landmark,,UNMUTE,0,,1,60348,3ch,65,brightness,1.4,,homography,0.999,-0.04,7.9
2026-02-03 13:57:33,150,228,145,105,58,0.905,0.871,PP,S1,0.940,landmark,,UNMUTE,0,,1,61749,3ch,65,brightness,1.8,,homography,0.999,-0.04,7.9
2026-02-03 13:57:33,150,228,145,105,58,0.905,0.871,PP,S1,0.940,landmark,,UNMUTE,0,,1,63442,3ch,66,brightness,2.6,,homography,0.999,-0.04,7.9
2026-02-03 13:57:33,150,228,145,105,58,0.905,0.871,PP,S1,0.940,landmark,,UNMUTE,0,,1,63953,3ch,66,brightness,3.3,,homography,0.999,-0.04,7.9
2026-02-03 13:57:33,150,228,145,105,58,0.905,0.871,PP,S1,0.940,landmark,,UNMUTE,0,,1,64730,3ch,66,brightness,2.6,,homography,0.999,-0.04,7.9
2026-02-03 13:57:33,150,228,145,105,58,0.905,0.871,PP,S1,0.940,landmark,,UNMUTE,0,,1,65616,3ch,64,brightness,2.0,,homography,0.999,-0.04,7.9
2026-02-03 13:57:33,150,228,145,105,58,0.905,0.871,PP,S1,0.940,landmark,,UNMUTE,0,,1,66132,3ch,64,brightness,1.4,,homography,0.999,-0.04,7.9
2026-02-03 13:57:33,150,228,145,105,58,0.905,0.871,PP,S1,0.940,landmark,,UNMUTE,0,,1,66857,3ch,64,brightness,1.8,,homography,0.999,-0.04,7.9
2026-02-03 13:57:33,150,228,145,105,58,0.905,0.871,PP,S1,0.940,landmark,,UNMUTE,0,,1,67120,3ch,64,brightness,3.4,,homography,0.999,-0.04,7.9
2026-02-03 13:57:33,150,228,145,105,58,0.905,0.871,PP,S1,0.940,landmark,,UNMUTE,0,,1,66941,3ch,66,brightness,1.5,,homography,0.999,-0.04,7.9
2026-02-03 13:57:33,150,228,145,105,58,0.905,0.871,PP,S1,0.940,landmark,,UNMUTE,0,,1,67729,3ch,66,brightness,1.3,,homography,0.999,-0.04,7.9
2026-02-03 13:57:33,150,228,145,105,58,0.905,0.871,PP,S1,0.940,landmark,,UNMUTE,0,,1,67816,3ch,66,brightness,2.1,,homography,0.999,-0.04,7.9
2026-02-03 13:57:33,150,228,145,105,58,0.905,0.871,PP,S1,0.940,landmark,,UNMUTE,0,,1,68167,3ch,66,brightness,2.6,,homography,0.999,-0.04,7.9
2026-02-03 13:57:33,150,228,145,105,58,0.905,0.871,PP,S1,0.940,landmark,,UNMUTE,0,,1,68753,3ch,66,brightness,2.4,,homography,0.999,-0.04,7.9
2026-02-03 13:57:34,150,228,145,105,58,0.905,0.871,PP,S1,0.940,landmark,,UNMUTE,0,,1,68961,3ch,66,brightness,1.8,,homography,0.999,-0.04,7.9
2026-02-03 13:57:34,150,228,145,105,58,0.905,0.871,PP,S1,0.940,landmark,,UNMUTE,0,,1,69017,3ch,66,brightness,1.8,,homography,0.999,-0.04,7.9
2026-02-03 13:57:34,150,228,145,105,58,0.905,0.871,PP,S1,0.940,landmark,,UNMUTE,0,,1,68550,3ch,66,brightness,1.8,,homography,0.999,-0.04,7.9
2026-02-03 13:57:34,150,228,145,105,58,0.905,0.871,PP,S1,0.940,landmark,,UNMUTE,0,,1,69163,3ch,66,brightness,3.0,,homography,0.999,-0.04,7.9
2026-02-03 13:57:34,150,228,145,105,58,0.905,0.871,PP,S1,0.940,landmark,,UNMUTE,0,,1,68939,3ch,66,brightness,1.8,,homography,0.999,-0.04,7.9
2026-02-03 13:57:34,150,228,145,105,58,0.905,0.871,PP,S1,0.940,landmark,,UNMUTE,0,,1,69099,3ch,67,brightness,1.9,,homography,0.999,-0.04,7.9
2026-02-03 13:57:34,150,228,145,105,58,0.905,0.871,PP,S1,0.940,landmark,,UNMUTE,0,,1,69218,3ch,67,brightness,3.5,,homography,0.999,-0.04,7.9
2026-02-03 13:57:34,150,228,145,105,58,0.905,0.871,PP,S1,0.940,landmark,,UNMUTE,0,,1,69229,3ch,67,brightness,5.5,,homography,0.999,-0.04,7.9
2026-02-03 13:57:34,150,228,145,105,58,0.905,0.871,PP,S1,0.940,landmark,,UNMUTE,0,,1,69344,3ch,66,brightness,4.7,,homography,0.999,-0.04,7.9
2026-02-03 13:57:34,150,228,145,105,58,0.905,0.871,PP,S1,0.940,landmark,,UNMUTE,0,,1,69624,3ch,66,brightness,1.8,,homography,0.999,-0.04,7.9
2026-02-03 13:57:34,150,228,145,105,58,0.905,0.871,PP,S1,0.940,landmark,,UNMUTE,0,,1,40452,3ch,59,brightness,1.7,,homography,0.999,-0.04,7.9
2026-02-03 13:57:34,150,228,145,105,58,0.905,0.871,PP,S1,0.940,landmark,,UNMUTE,0,,1,51508,3ch,64,brightness,1.8,,homography,0.999,-0.04,7.9
2026-02-03 13:57:34,150,228,145,105,58,0.905,0.871,PP,S1,0.940,landmark,,UNMUTE,0,,1,52582,3ch,64,brightness,2.7,,homography,0.999,-0.04,7.9
2026-02-03 13:57:34,150,228,145,105,58,0.905,0.871,PP,S1,0.940,landmark,,UNMUTE,0,,1,53216,3ch,64,brightness,1.5,,homography,0.999,-0.04,7.9
2026-02-03 13:57:34,150,228,145,105,58,0.905,0.871,PP,S1,0.940,landmark,,UNMUTE,0,,1,55478,3ch,64,brightness,1.8,,homography,0.999,-0.04,7.9
2026-02-03 13:57:35,150,228,145,105,58,0.905,0.871,PP,S1,0.940,landmark,,UNMUTE,0,,1,57183,3ch,64,brightness,3.3,,homography,0.999,-0.04,7.9
2026-02-03 13:57:35,150,228,145,105,58,0.905,0.871,PP,S1,0.940,landmark,,UNMUTE,0,,1,58341,3ch,64,brightness,4.3,,homography,0.999,-0.04,7.9
2026-02-03 13:57:35,150,228,145,105,58,0.905,0.871,PP,S1,0.940,landmark,,UNMUTE,0,,1,59916,3ch,65,brightness,3.5,,homography,0.999,-0.04,7.9
2026-02-03 13:57:35,150,228,145,105,58,0.905,0.871,PP,S1,0.940,landmark,,UNMUTE,0,,1,60678,3ch,65,brightness,1.6,,homography,0.999,-0.04,7.9
2026-02-03 13:57:35,150,228,145,105,58,0.905,0.871,PP,S1,0.940,landmark,,UNMUTE,0,,1,60478,3ch,66,brightness,1.8,,homography,0.999,-0.04,7.9
2026-02-03 13:57:35,150,228,145,105,58,0.905,0.871,PP,S1,0.940,landmark,,UNMUTE,0,,1,61582,3ch,66,brightness,2.0,,homography,0.999,-0.04,7.9
2026-02-03 13:57:35,150,228,145,105,58,0.905,0.871,PP,S1,0.940,landmark,,UNMUTE,0,,1,61920,3ch,66,brightness,2.3,,homography,0.999,-0.04,7.9
2026-02-03 13:57:35,150,228,145,105,58,0.905,0.871,PP,S1,0.940,landmark,,UNMUTE,0,,1,62986,3ch,66,brightness,1.7,,homography,0.999,-0.04,7.9
2026-02-03 13:57:35,150,228,145,105,58,0.905,0.871,PP,S1,0.940,landmark,,UNMUTE,0,,1,64106,3ch,66,brightness,1.8,,homography,0.999,-0.04,7.9
2026-02-03 13:57:35,150,228,145,105,58,0.905,0.871,PP,S1,0.940,landmark,,UNMUTE,0,,1,64932,3ch,66,brightness,2.2,,homography,0.999,-0.04,7.9
2026-02-03 13:57:35,150,228,145,105,58,0.905,0.871,PP,S1,0.940,landmark,,UNMUTE,0,,1,65491,3ch,66,brightness,3.6,,homography,0.999,-0.04,7.9
2026-02-03 13:57:35,150,228,145,105,58,0.905,0.871,PP,S1,0.940,landmark,,UNMUTE,0,,1,65716,3ch,66,brightness,3.4,,homography,0.999,-0.04,7.9
2026-02-03 13:57:35,150,228,145,105,58,0.905,0.871,PP,S1,0.940,landmark,,UNMUTE,0,,1,65422,3ch,66,brightness,1.7,,homography,0.999,-0.04,7.9
2026-02-03 13:57:35,150,228,145,105,58,0.905,0.871,PP,S1,0.940,landmark,,UNMUTE,0,,1,65220,3ch,66,brightness,1.8,,homography,0.999,-0.04,7.9
2026-02-03 13:57:35,150,228,145,105,58,0.905,0.871,PP,S1,0.940,landmark,,UNMUTE,0,,1,66039,3ch,66,brightness,1.9,,homography,0.999,-0.04,7.9
2026-02-03 13:57:36,150,228,145,105,58,0.905,0.871,PP,S1,0.940,landmark,,UNMUTE,0,,1,66192,3ch,68,brightness,2.7,,homography,0.999,-0.04,7.9
2026-02-03 13:57:36,150,228,145,105,58,0.905,0.871,PP,S1,0.940,landmark,,UNMUTE,0,,1,66734,3ch,68,brightness,2.7,,homography,0.999,-0.04,7.9
2026-02-03 13:57:36,150,228,145,105,58,0.905,0.871,PP,S1,0.940,landmark,,UNMUTE,0,,1,67322,3ch,68,brightness,1.7,,homography,0.999,-0.04,7.9
2026-02-03 13:57:36,150,228,145,105,58,0.905,0.871,PP,S1,0.940,landmark,,UNMUTE,0,,1,67348,3ch,68,brightness,2.2,,homography,0.999,-0.04,7.9
2026-02-03 13:57:36,150,228,145,105,58,0.905,0.871,PP,S1,0.940,landmark,,UNMUTE,0,,1,66908,3ch,68,brightness,3.4,,homography,0.999,-0.04,7.9
2026-02-03 13:57:36,150,228,145,105,58,0.905,0.871,PP,S1,0.940,landmark,,UNMUTE,0,,1,66915,3ch,68,brightness,3.0,,homography,0.999,-0.04,7.9
2026-02-03 13:57:36,150,228,145,105,58,0.905,0.871,PP,S1,0.940,landmark,,UNMUTE,0,,1,67383,3ch,68,brightness,2.0,,homography,0.999,-0.04,7.9
2026-02-03 13:57:36,150,228,145,105,58,0.905,0.871,PP,S1,0.940,landmark,,UNMUTE,0,,1,67775,3ch,68,brightness,1.6,,homography,0.999,-0.04,7.9
2026-02-03 13:57:36,150,228,145,105,58,0.905,0.871,PP,S1,0.940,landmark,,UNMUTE,0,,1,67729,3ch,68,brightness,1.7,,homography,0.999,-0.04,7.9
2026-02-03 13:57:36,150,228,145,105,58,0.905,0.871,PP,S1,0.940,landmark,,UNMUTE,0,,1,68347,3ch,68,brightness,2.7,,homography,0.999,-0.04,7.9
2026-02-03 13:57:36,150,228,145,105,58,0.905,0.871,PP,S1,0.940,landmark,,UNMUTE,0,,1,42040,3ch,64,brightness,2.7,,homography,0.999,-0.04,7.9
2026-02-03 13:57:36,150,228,145,105,58,0.905,0.871,PP,S1,0.940,landmark,,UNMUTE,0,,1,49229,3ch,64,brightness,1.6,,homography,0.999,-0.04,7.9
2026-02-03 13:57:36,150,228,145,105,58,0.905,0.871,PP,S1,0.940,landmark,,UNMUTE,0,,1,51066,3ch,64,brightness,2.2,,homography,0.999,-0.04,7.9
2026-02-03 13:57:36,150,228,145,105,58,0.905,0.871,PP,S1,0.940,landmark,,UNMUTE,0,,1,54098,3ch,66,brightness,2.6,,homography,0.999,-0.04,7.9
2026-02-03 13:57:36,150,228,145,105,58,0.905,0.871,PP,S1,0.940,landmark,,UNMUTE,0,,1,56311,3ch,66,brightness,4.2,,homography,0.999,-0.04,7.9
2026-02-03 13:57:37,150,228,145,105,58,0.905,0.871,PP,S1,0.940,landmark,,UNMUTE,0,,1,58803,3ch,66,brightness,2.5,,homography,0.999,-0.04,7.9
2026-02-03 13:57:37,150,228,145,105,58,0.905,0.871,PP,S1,0.940,landmark,,UNMUTE,0,,1,60256,3ch,66,brightness,1.7,,homography,0.999,-0.04,7.9
2026-02-03 13:57:37,150,228,145,105,58,0.905,0.871,PP,S1,0.940,landmark,,UNMUTE,0,,1,61784,3ch,66,brightness,1.7,,homography,0.999,-0.04,7.9
2026-02-03 13:57:37,150,228,145,105,58,0.905,0.871,PP,S1,0.940,landmark,,UNMUTE,0,,1,64098,3ch,66,brightness,3.5,,homography,0.999,-0.04,7.9
2026-02-03 13:57:37,150,228,145,105,58,0.905,0.871,PP,S1,0.940,landmark,,UNMUTE,0,,1,64547,3ch,66,brightness,3.4,,homography,0.999,-0.04,7.9
2026-02-03 13:57:37,150,228,145,105,58,0.905,0.871,PP,S1,0.940,landmark,,UNMUTE,0,,1,65025,3ch,66,brightness,1.6,,homography,0.999,-0.04,7.9
2026-02-03 13:57:37,150,228,145,105,58,0.905,0.871,PP,S1,0.940,landmark,,UNMUTE,0,,1,65671,3ch,66,brightness,2.0,,homography,0.999,-0.04,7.9
2026-02-03 13:57:37,150,228,145,105,58,0.905,0.871,PP,S1,0.940,landmark,,UNMUTE,0,,1,66144,3ch,68,brightness,2.7,,homography,0.999,-0.04,7.9
2026-02-03 13:57:37,150,228,145,105,58,0.905,0.871,PP,S1,0.940,landmark,,UNMUTE,0,,1,66156,3ch,68,brightness,3.7,,homography,0.999,-0.04,7.9
2026-02-03 13:57:37,150,228,145,105,58,0.905,0.871,PP,S1,0.940,landmark,,UNMUTE,0,,1,67393,3ch,68,brightness,2.8,,homography,0.999,-0.04,7.9
2026-02-03 13:57:37,150,228,145,105,58,0.905,0.871,PP,S1,0.940,landmark,,UNMUTE,0,,1,67314,3ch,68,brightness,1.8,,homography,0.999,-0.04,7.9
2026-02-03 13:57:37,150,228,145,105,58,0.905,0.871,PP,S1,0.940,landmark,,UNMUTE,0,,1,68176,3ch,68,brightness,1.5,,homography,0.999,-0.04,7.9
2026-02-03 13:57:37,150,228,145,105,58,0.905,0.871,PP,S1,0.940,landmark,,UNMUTE,0,,1,68450,3ch,68,brightness,2.3,,homography,0.999,-0.04,7.9
2026-02-03 13:57:37,150,228,145,105,58,0.905,0.871,PP,S1,0.940,landmark,,UNMUTE,0,,1,68220,3ch,68,brightness,2.7,,homography,0.999,-0.04,7.9
2026-02-03 13:57:37,150,228,145,105,58,0.905,0.871,PP,S1,0.940,landmark,,UNMUTE,0,,1,68815,3ch,68,brightness,1.7,,homography,0.999,-0.04,7.9
2026-02-03 13:57:38,150,228,145,105,58,0.905,0.871,PP,S1,0.940,landmark,,UNMUTE,0,,1,69124,3ch,68,brightness,2.5,,homography,0.999,-0.04,7.9
2026-02-03 13:57:38,150,228,145,105,58,0.905,0.871,PP,S1,0.940,landmark,,UNMUTE,0,,1,69717,3ch,67,brightness,3.4,,homography,0.999,-0.04,7.9
2026-02-03 13:57:38,150,228,145,105,58,0.905,0.871,PP,S1,0.940,landmark,,UNMUTE,0,,1,69215,3ch,65,brightness,2.9,,homography,0.999,-0.04,7.9
2026-02-03 13:57:38,150,228,145,105,58,0.905,0.871,PP,S1,0.940,landmark,,UNMUTE,0,,1,69305,3ch,65,brightness,1.9,,homography,0.999,-0.04,7.9
2026-02-03 13:57:38,150,228,145,105,58,0.905,0.871,PP,S1,0.940,landmark,,UNMUTE,0,,1,69629,3ch,65,brightness,1.8,,homography,0.999,-0.04,7.9
2026-02-03 13:57:38,150,228,145,105,58,0.905,0.871,PP,S1,0.940,landmark,,UNMUTE,0,,1,69618,3ch,65,brightness,1.4,,homography,0.999,-0.04,7.9
2026-02-03 13:57:38,150,228,145,105,58,0.905,0.871,PP,S1,0.940,landmark,,UNMUTE,0,,1,71021,3ch,65,brightness,2.1,,homography,0.999,-0.04,7.9
2026-02-03 13:57:38,150,228,145,105,58,0.905,0.871,PP,S1,0.940,landmark,,UNMUTE,0,,1,70578,3ch,65,brightness,3.2,,homography,0.999,-0.04,7.9
2026-02-03 13:57:38,150,228,145,105,58,0.905,0.871,PP,S1,0.940,landmark,,UNMUTE,0,,1,70809,3ch,65,brightness,1.6,,homography,0.999,-0.04,7.9
2026-02-03 13:57:38,150,228,145,105,58,0.905,0.871,PP,S1,0.940,landmark,,UNMUTE,0,,1,71542,3ch,65,brightness,1.9,,homography,0.999,-0.04,7.9
2026-02-03 13:57:38,150,228,145,105,58,0.905,0.871,PP,S1,0.940,landmark,,UNMUTE,0,,1,45117,3ch,62,brightness,3.3,,homography,0.999,-0.04,7.9
2026-02-03 13:57:38,150,228,145,105,58,0.905,0.871,PP,S1,0.940,landmark,,UNMUTE,0,,1,53179,3ch,62,brightness,3.4,,homography,0.999,-0.04,7.9
2026-02-03 13:57:38,150,228,145,105,58,0.905,0.871,PP,S1,0.940,landmark,,UNMUTE,0,,1,56028,3ch,63,brightness,4.1,,homography,0.999,-0.04,7.9
2026-02-03 13:57:38,150,228,145,105,58,0.905,0.871,PP,S1,0.940,landmark,,UNMUTE,0,,1,57826,3ch,63,brightness,1.5,,homography,0.999,-0.04,7.9
2026-02-03 13:57:38,150,228,145,105,58,0.905,0.871,PP,S1,0.940,landmark,,UNMUTE,0,,1,59049,3ch,63,brightness,1.3,,homography,0.999,-0.04,7.9
2026-02-03 13:57:39,150,228,145,105,58,0.905,0.871,PP,S1,0.940,landmark,,UNMUTE,0,,1,60579,3ch,65,brightness,1.8,,homography,0.999,-0.04,7.9
2026-02-03 13:57:39,150,228,145,105,58,0.905,0.871,PP,S1,0.940,landmark,,UNMUTE,0,,1,61246,3ch,65,brightness,2.7,,homography,0.999,-0.04,7.9
2026-02-03 13:57:39,150,228,145,105,58,0.905,0.871,PP,S1,0.940,landmark,,UNMUTE,0,,1,63294,3ch,65,brightness,1.7,,homography,0.999,-0.04,7.9
2026-02-03 13:57:39,150,228,145,105,58,0.905,0.871,PP,S1,0.940,landmark,,UNMUTE,0,,1,63827,3ch,65,brightness,2.1,,homography,0.999,-0.04,7.9
2026-02-03 13:57:39,150,228,145,105,58,0.905,0.871,PP,S1,0.940,landmark,,UNMUTE,0,,1,64895,3ch,65,brightness,2.8,,homography,0.999,-0.04,7.9
2026-02-03 13:57:39,150,228,145,105,58,0.905,0.871,PP,S1,0.940,landmark,,UNMUTE,0,,1,65035,3ch,65,brightness,3.4,,homography,0.999,-0.04,7.9
2026-02-03 13:57:39,150,228,145,105,58,0.905,0.871,PP,S1,0.940,landmark,,UNMUTE,0,,1,65097,3ch,65,brightness,4.2,,homography,0.999,-0.04,7.9
2026-02-03 13:57:39,150,228,145,105,58,0.905,0.871,PP,S1,0.940,landmark,,UNMUTE,0,,1,65800,3ch,65,brightness,1.6,,homography,0.999,-0.04,7.9
2026-02-03 13:57:39,150,228,145,105,58,0.905,0.871,PP,S1,0.940,landmark,,UNMUTE,0,,1,65808,3ch,63,brightness,1.3,,homography,0.999,-0.04,7.9
2026-02-03 13:57:39,150,228,145,105,58,0.905,0.871,PP,S1,0.940,landmark,,UNMUTE,0,,1,66721,3ch,63,brightness,1.9,,homography,0.999,-0.04,7.9
2026-02-03 13:57:39,150,228,145,105,58,0.905,0.871,PP,S1,0.940,landmark,,UNMUTE,0,,1,66974,3ch,65,brightness,2.7,,homography,0.999,-0.04,7.9
2026-02-03 13:57:39,150,228,145,105,58,0.905,0.871,PP,S1,0.940,landmark,,UNMUTE,0,,1,67297,3ch,65,brightness,2.1,,homography,0.999,-0.04,7.9
2026-02-03 13:57:39,150,228,145,105,58,0.905,0.871,PP,S1,0.940,landmark,,UNMUTE,0,,1,68002,3ch,65,brightness,2.1,,homography,0.999,-0.04,7.9
2026-02-03 13:57:39,150,228,145,105,58,0.905,0.871,PP,S1,0.940,landmark,,UNMUTE,0,,1,67555,3ch,65,brightness,3.2,,homography,0.999,-0.04,7.9
2026-02-03 13:57:39,150,228,145,105,58,0.905,0.871,PP,S1,0.940,landmark,,UNMUTE,0,,1,68096,3ch,65,brightness,4.9,,homography,0.999,-0.04,7.9
2026-02-03 13:57:40,150,228,145,105,58,0.905,0.871,PP,S1,0.940,landmark,,UNMUTE,0,,1,68677,3ch,65,brightness,5.7,,homography,0.999,-0.04,7.9
2026-02-03 13:57:40,150,228,145,105,58,0.905,0.871,PP,S1,0.940,landmark,,UNMUTE,0,,1,68563,3ch,66,brightness,2.1,,homography,0.999,-0.04,7.9
2026-02-03 13:57:40,150,228,145,105,58,0.905,0.871,PP,S1,0.940,landmark,,UNMUTE,0,,1,68582,3ch,66,brightness,1.3,,homography,0.999,-0.04,7.9
2026-02-03 13:57:40,150,228,145,105,58,0.905,0.871,PP,S1,0.940,landmark,,UNMUTE,0,,1,68399,3ch,66,brightness,1.8,,homography,0.999,-0.04,7.9
2026-02-03 13:57:40,150,228,145,105,58,0.905,0.871,PP,S1,0.940,landmark,,UNMUTE,0,,1,68620,3ch,66,brightness,2.7,,homography,0.999,-0.04,7.9
2026-02-03 13:57:40,150,228,145,105,58,0.905,0.871,PP,S1,0.940,landmark,,UNMUTE,0,,1,68694,3ch,66,brightness,2.7,,homography,0.999,-0.04,7.9
2026-02-03 13:57:40,150,228,145,105,58,0.905,0.871,PP,S1,0.940,landmark,,UNMUTE,0,,1,69455,3ch,64,brightness,1.7,,homography,0.999,-0.04,7.9
2026-02-03 13:57:40,150,228,145,105,58,0.905,0.871,PP,S1,0.940,landmark,,UNMUTE,0,,1,69037,3ch,66,brightness,2.4,,homography,0.999,-0.04,7.9
2026-02-03 13:57:40,150,228,145,105,58,0.905,0.871,PP,S1,0.940,landmark,,UNMUTE,0,,1,69501,3ch,66,brightness,2.7,,homography,0.999,-0.04,7.9
2026-02-03 13:57:40,150,228,145,105,58,0.905,0.871,PP,S1,0.940,landmark,,UNMUTE,0,,1,70409,3ch,66,brightness,3.2,,homography,0.999,-0.04,7.9
2026-02-03 13:57:40,150,228,145,105,58,0.905,0.871,PP,S1,0.940,landmark,,UNMUTE,0,,1,43568,3ch,62,brightness,1.6,,homography,0.999,-0.04,7.9
2026-02-03 13:57:40,150,228,145,105,58,0.905,0.871,PP,S1,0.940,landmark,,UNMUTE,0,,1,50557,3ch,62,brightness,1.3,,homography,0.999,-0.04,7.9
2026-02-03 13:57:40,150,228,145,105,58,0.905,0.871,PP,S1,0.940,landmark,,UNMUTE,0,,1,51696,3ch,62,brightness,1.9,,homography,0.999,-0.04,7.9
2026-02-03 13:57:40,150,228,145,105,58,0.905,0.871,PP,S1,0.940,landmark,,UNMUTE,0,,1,54148,3ch,62,brightness,2.8,,homography,0.999,-0.04,7.9
2026-02-03 13:57:40,150,228,145,105,58,0.905,0.871,PP,S1,0.940,landmark,,UNMUTE,0,,1,57006,3ch,62,brightness,2.4,,homography,0.999,-0.04,7.9
2026-02-03 13:57:41,150,228,145,105,58,0.905,0.871,PP,S1,0.940,landmark,,UNMUTE,0,,1,58481,3ch,63,brightness,1.4,,homography,0.999,-0.04,7.9
2026-02-03 13:57:41,150,228,145,105,58,0.905,0.871,PP,S1,0.940,landmark,,UNMUTE,0,,1,59534,3ch,63,brightness,2.2,,homography,0.999,-0.04,7.9
2026-02-03 13:57:41,150,228,145,105,58,0.905,0.871,PP,S1,0.940,landmark,,UNMUTE,0,,1,60902,3ch,63,brightness,3.3,,homography,0.999,-0.04,7.9
2026-02-03 13:57:41,150,228,145,105,58,0.905,0.871,PP,S1,0.940,landmark,,UNMUTE,0,,1,61532,3ch,64,brightness,3.5,,homography,0.999,-0.04,7.9
2026-02-03 13:57:41,150,228,145,105,58,0.905,0.871,PP,S1,0.940,landmark,,UNMUTE,0,,1,62542,3ch,64,brightness,2.0,,homography,0.999,-0.04,7.9
2026-02-03 13:57:41,150,228,145,105,58,0.905,0.871,PP,S1,0.940,landmark,,UNMUTE,0,,1,62900,3ch,66,brightness,1.6,,homography,0.999,-0.04,7.9
2026-02-03 13:57:41,150,228,145,105,58,0.905,0.871,PP,S1,0.940,landmark,,UNMUTE,0,,1,63083,3ch,66,brightness,1.6,,homography,0.999,-0.04,7.9
2026-02-03 13:57:41,150,228,145,105,58,0.905,0.871,PP,S1,0.940,landmark,,UNMUTE,0,,1,63534,3ch,66,brightness,2.1,,homography,0.999,-0.04,7.9
2026-02-03 13:57:41,150,228,145,105,58,0.905,0.871,PP,S1,0.940,landmark,,UNMUTE,0,,1,64440,3ch,66,brightness,3.4,,homography,0.999,-0.04,7.9
2026-02-03 13:57:41,150,228,145,105,58,0.905,0.871,PP,S1,0.940,landmark,,UNMUTE,0,,1,65215,3ch,66,brightness,1.3,,homography,0.999,-0.04,7.9
2026-02-03 13:57:41,150,228,145,105,58,0.905,0.871,PP,S1,0.940,landmark,,UNMUTE,0,,1,66121,3ch,66,brightness,2.0,,homography,0.999,-0.04,7.9
2026-02-03 13:57:41,150,228,145,105,58,0.905,0.871,PP,S1,0.940,landmark,,UNMUTE,0,,1,66190,3ch,66,brightness,3.4,,homography,0.999,-0.04,7.9
2026-02-03 13:57:41,150,228,145,105,58,0.905,0.871,PP,S1,0.940,landmark,,UNMUTE,0,,1,66400,3ch,66,brightness,3.1,,homography,0.999,-0.04,7.9
2026-02-03 13:57:41,150,228,145,105,58,0.905,0.871,PP,S1,0.940,landmark,,UNMUTE,0,,1,66320,3ch,66,brightness,2.2,,homography,0.999,-0.04,7.9
2026-02-03 13:57:41,150,228,145,105,58,0.905,0.871,PP,S1,0.940,landmark,,UNMUTE,0,,1,66426,3ch,66,brightness,1.9,,homography,0.999,-0.04,7.9
2026-02-03 13:57:42,150,228,145,105,58,0.905,0.871,PP,S1,0.940,landmark,,UNMUTE,0,,1,66422,3ch,66,brightness,1.9,,homography,0.999,-0.04,7.9
2026-02-03 13:57:42,150,228,145,105,58,0.905,0.871,PP,S1,0.940,landmark,,UNMUTE,0,,1,66411,3ch,66,brightness,2.6,,homography,0.999,-0.04,7.9
2026-02-03 13:57:42,150,228,145,105,58,0.905,0.871,PP,S1,0.940,landmark,,UNMUTE,0,,1,67268,3ch,66,brightness,4.5,,homography,0.999,-0.04,7.9
2026-02-03 13:57:42,150,228,145,105,58,0.905,0.871,PP,S1,0.940,landmark,,UNMUTE,0,,1,67763,3ch,66,brightness,1.7,,homography,0.999,-0.04,7.9
2026-02-03 13:57:42,150,228,145,105,58,0.905,0.871,PP,S1,0.940,landmark,,UNMUTE,0,,1,67893,3ch,66,brightness,2.0,,homography,0.999,-0.04,7.9
2026-02-03 13:57:42,150,228,145,105,58,0.905,0.871,PP,S1,0.940,landmark,,UNMUTE,0,,1,68348,3ch,66,brightness,2.6,,homography,0.999,-0.04,7.9
2026-02-03 13:57:42,150,228,145,105,58,0.905,0.871,PP,S1,0.940,landmark,,UNMUTE,0,,1,69049,3ch,66,brightness,2.9,,homography,0.999,-0.04,7.9
2026-02-03 13:57:42,150,228,145,105,58,0.905,0.871,PP,S1,0.940,landmark,,UNMUTE,0,,1,68956,3ch,66,brightness,2.9,,homography,0.999,-0.04,7.9
2026-02-03 13:57:42,150,228,145,105,58,0.905,0.871,PP,S1,0.940,landmark,,UNMUTE,0,,1,69401,3ch,66,brightness,1.8,,homography,0.999,-0.04,7.9
2026-02-03 13:57:42,150,228,145,105,58,0.905,0.871,PP,S1,0.940,landmark,,UNMUTE,0,,1,70966,3ch,66,brightness,1.5,,homography,0.999,-0.04,7.9
2026-02-03 13:57:42,150,228,145,105,58,0.905,0.871,PP,S1,0.940,landmark,,UNMUTE,0,,1,47498,3ch,62,brightness,2.2,,homography,0.999,-0.04,7.9
2026-02-03 13:57:42,150,228,145,105,58,0.905,0.871,PP,S1,0.940,landmark,,UNMUTE,0,,1,54725,3ch,62,brightness,3.4,,homography,0.999,-0.04,7.9
2026-02-03 13:57:42,150,228,145,105,58,0.905,0.871,PP,S1,0.940,landmark,,UNMUTE,0,,1,56833,3ch,62,brightness,1.9,,homography,0.999,-0.04,7.9
2026-02-03 13:57:42,150,228,145,105,58,0.905,0.871,PP,S1,0.940,landmark,,UNMUTE,0,,1,57664,3ch,62,brightness,1.8,,homography,0.999,-0.04,7.9
2026-02-03 13:57:42,150,228,145,105,58,0.905,0.871,PP,S1,0.940,landmark,,UNMUTE,0,,1,58921,3ch,62,brightness,2.6,,homography,0.999,-0.04,7.9
2026-02-03 13:57:43,150,228,145,105,58,0.905,0.871,PP,S1,0.940,landmark,,UNMUTE,0,,1,59243,3ch,63,brightness,2.8,,homography,0.999,-0.04,7.9
2026-02-03 13:57:43,150,228,145,105,58,0.905,0.871,PP,S1,0.940,landmark,,UNMUTE,0,,1,60707,3ch,67,brightness,4.7,,homography,0.999,-0.04,7.9
2026-02-03 13:57:43,150,228,145,105,58,0.905,0.871,PP,S1,0.940,landmark,,UNMUTE,0,,1,62854,3ch,67,brightness,1.9,,homography,0.999,-0.04,7.9
2026-02-03 13:57:43,150,228,145,105,58,0.905,0.871,PP,S1,0.940,landmark,,UNMUTE,0,,1,63281,3ch,67,brightness,1.4,,homography,0.999,-0.04,7.9
2026-02-03 13:57:43,150,228,145,105,58,0.905,0.871,PP,S1,0.940,landmark,,UNMUTE,0,,1,63472,3ch,67,brightness,2.0,,homography,0.999,-0.04,7.9
2026-02-03 13:57:43,150,228,145,105,58,0.905,0.871,PP,S1,0.940,landmark,,UNMUTE,0,,1,64329,3ch,67,brightness,3.3,,homography,0.999,-0.04,7.9
2026-02-03 13:57:43,150,228,145,105,58,0.905,0.871,PP,S1,0.940,landmark,,UNMUTE,0,,1,66274,3ch,67,brightness,1.8,,homography,0.999,-0.04,7.9
2026-02-03 13:57:43,150,228,145,105,58,0.905,0.871,PP,S1,0.940,landmark,,UNMUTE,0,,1,66940,3ch,67,brightness,1.8,,homography,0.999,-0.04,7.9
2026-02-03 13:57:43,150,228,145,105,58,0.905,0.871,PP,S1,0.940,landmark,,UNMUTE,0,,1,67262,3ch,67,brightness,3.3,,homography,0.999,-0.04,7.9
2026-02-03 13:57:43,150,228,145,105,58,0.905,0.871,PP,S1,0.940,landmark,,UNMUTE,0,,1,68913,3ch,67,brightness,4.2,,homography,0.999,-0.04,7.9
2026-02-03 13:57:43,150,228,145,105,58,0.905,0.871,PP,S1,0.940,landmark,,UNMUTE,0,,1,69300,3ch,67,brightness,5.7,,homography,0.999,-0.04,7.9
2026-02-03 13:57:43,150,228,145,105,58,0.905,0.871,PP,S1,0.940,landmark,,UNMUTE,0,,1,69502,3ch,67,brightness,1.6,,homography,0.999,-0.04,7.9
2026-02-03 13:57:43,150,228,145,105,58,0.905,0.871,PP,S1,0.940,landmark,,UNMUTE,0,,1,69774,3ch,67,brightness,1.3,,homography,0.999,-0.04,7.9
2026-02-03 13:57:43,150,228,145,105,58,0.905,0.871,PP,S1,0.940,landmark,,UNMUTE,0,,1,70329,3ch,67,brightness,2.1,,homography,0.999,-0.04,7.9
2026-02-03 13:57:43,150,228,145,105,58,0.905,0.871,PP,S1,0.940,landmark,,UNMUTE,0,,1,69776,3ch,67,brightness,2.8,,homography,0.999,-0.04,7.9
2026-02-03 13:57:44,150,228,145,105,58,0.905,0.871,PP,S1,0.940,landmark,,UNMUTE,0,,1,69928,3ch,67,brightness,1.7,,homography,0.999,-0.04,7.9
2026-02-03 13:57:44,150,228,145,105,58,0.905,0.871,PP,S1,0.940,landmark,,UNMUTE,0,,1,69791,3ch,67,brightness,1.8,,homography,0.999,-0.04,7.9
2026-02-03 13:57:44,150,228,145,105,58,0.905,0.871,PP,S1,0.940,landmark,,UNMUTE,0,,1,70438,3ch,67,brightness,2.6,,homography,0.999,-0.04,7.9
2026-02-03 13:57:44,150,228,145,105,58,0.905,0.871,PP,S1,0.940,landmark,,UNMUTE,0,,1,69903,3ch,67,brightness,4.2,,homography,0.999,-0.04,7.9
2026-02-03 13:57:44,150,228,145,105,58,0.905,0.871,PP,S1,0.940,landmark,,UNMUTE,0,,1,69988,3ch,67,brightness,5.4,,homography,0.999,-0.04,7.9
2026-02-03 13:57:44,150,228,145,105,58,0.905,0.871,PP,S1,0.940,landmark,,UNMUTE,0,,1,70905,3ch,67,brightness,2.2,,homography,0.999,-0.04,7.9
2026-02-03 13:57:44,150,228,145,105,58,0.905,0.871,PP,S1,0.940,landmark,,UNMUTE,0,,1,70254,3ch,67,brightness,1.4,,homography,0.999,-0.04,7.9
2026-02-03 13:57:44,150,228,145,105,58,0.905,0.871,PP,S1,0.940,landmark,,UNMUTE,0,,1,70513,3ch,67,brightness,1.6,,homography,0.999,-0.04,7.9
2026-02-03 13:57:44,150,228,145,105,58,0.905,0.871,PP,S1,0.940,landmark,,UNMUTE,0,,1,71260,3ch,67,brightness,2.4,,homography,0.999,-0.04,7.9
2026-02-03 13:57:44,150,228,145,105,58,0.905,0.871,PP,S1,0.940,landmark,,UNMUTE,0,,1,72041,3ch,67,brightness,1.9,,homography,0.999,-0.04,7.9
2026-02-03 13:57:44,150,228,145,105,58,0.905,0.871,PP,S1,0.940,landmark,,UNMUTE,0,,1,39696,3ch,61,brightness,1.8,,homography,0.999,-0.04,7.9
2026-02-03 13:57:44,150,228,145,105,58,0.905,0.871,PP,S1,0.940,landmark,,UNMUTE,0,,1,47015,3ch,62,brightness,2.6,,homography,0.999,-0.04,7.9
2026-02-03 13:57:44,150,228,145,105,58,0.905,0.871,PP,S1,0.940,landmark,,UNMUTE,0,,1,50522,3ch,62,brightness,5.6,,homography,0.999,-0.04,7.9
2026-02-03 13:57:44,150,228,145,105,58,0.905,0.871,PP,S1,0.940,landmark,,UNMUTE,0,,1,53648,3ch,62,brightness,4.5,,homography,0.999,-0.04,7.9
2026-02-03 13:57:44,150,228,145,105,58,0.905,0.871,PP,S1,0.940,landmark,,UNMUTE,0,,1,56395,3ch,62,brightness,2.2,,homography,0.999,-0.04,7.9
2026-02-03 13:57:45,150,228,145,105,58,0.905,0.871,PP,S1,0.940,landmark,,UNMUTE,0,,1,57916,3ch,62,brightness,1.5,,homography,0.999,-0.04,7.9
2026-02-03 13:57:45,150,228,145,105,58,0.905,0.871,PP,S1,0.940,landmark,,UNMUTE,0,,1,59656,3ch,62,brightness,1.8,,homography,0.999,-0.04,7.9
2026-02-03 13:57:45,150,228,145,105,58,0.905,0.871,PP,S1,0.940,landmark,,UNMUTE,0,,1,60554,3ch,63,brightness,2.6,,homography,0.999,-0.04,7.9
2026-02-03 13:57:45,150,228,145,105,58,0.905,0.871,PP,S1,0.940,landmark,,UNMUTE,0,,1,61664,3ch,63,brightness,2.6,,homography,0.999,-0.04,7.9
2026-02-03 13:57:45,150,228,145,105,58,0.905,0.871,PP,S1,0.940,landmark,,UNMUTE,0,,1,63643,3ch,65,brightness,1.6,,homography,0.999,-0.04,7.9
2026-02-03 13:57:45,150,228,145,105,58,0.905,0.871,PP,S1,0.940,landmark,,UNMUTE,0,,1,63683,3ch,65,brightness,2.2,,homography,0.999,-0.04,7.9
2026-02-03 13:57:45,150,228,145,105,58,0.905,0.871,PP,S1,0.940,landmark,,UNMUTE,0,,1,63926,3ch,65,brightness,3.5,,homography,0.999,-0.04,7.9
2026-02-03 13:57:45,150,228,145,105,58,0.905,0.871,PP,S1,0.940,landmark,,UNMUTE,0,,1,64801,3ch,65,brightness,3.3,,homography,0.999,-0.04,7.9
2026-02-03 13:57:45,150,228,145,105,58,0.905,0.871,PP,S1,0.940,landmark,,UNMUTE,0,,1,64610,3ch,68,brightness,3.6,,homography,0.999,-0.04,7.9
2026-02-03 13:57:45,150,228,145,105,58,0.905,0.871,PP,S1,0.940,landmark,,UNMUTE,0,,1,64935,3ch,68,brightness,1.7,,homography,0.999,-0.04,7.9
2026-02-03 13:57:45,150,228,145,105,58,0.905,0.871,PP,S1,0.940,landmark,,UNMUTE,0,,1,65877,3ch,68,brightness,1.4,,homography,0.999,-0.04,7.9
2026-02-03 13:57:45,150,228,145,105,58,0.905,0.871,PP,S1,0.940,landmark,,UNMUTE,0,,1,66831,3ch,68,brightness,2.1,,homography,0.999,-0.04,7.9
2026-02-03 13:57:45,150,228,145,105,58,0.905,0.871,PP,S1,0.940,landmark,,UNMUTE,0,,1,66679,3ch,68,brightness,2.0,,homography,0.999,-0.04,7.9
2026-02-03 13:57:45,150,228,145,105,58,0.905,0.871,PP,S1,0.940,landmark,,UNMUTE,0,,1,68133,3ch,68,brightness,2.0,,homography,0.999,-0.04,7.9
2026-02-03 13:57:45,150,228,145,105,58,0.905,0.871,PP,S1,0.940,landmark,,UNMUTE,0,,1,67612,3ch,68,brightness,2.3,,homography,0.999,-0.04,7.9
2026-02-03 13:57:46,150,228,145,105,58,0.905,0.871,PP,S1,0.940,landmark,,UNMUTE,0,,1,68207,3ch,68,brightness,3.3,,homography,0.999,-0.04,7.9
2026-02-03 13:57:46,150,228,145,105,58,0.905,0.871,PP,S1,0.940,landmark,,UNMUTE,0,,1,68751,3ch,68,brightness,3.5,,homography,0.999,-0.04,7.9
2026-02-03 13:57:46,150,228,145,105,58,0.905,0.871,PP,S1,0.940,landmark,,UNMUTE,0,,1,68539,3ch,68,brightness,3.4,,homography,0.999,-0.04,7.9
2026-02-03 13:57:46,150,228,145,105,58,0.905,0.871,PP,S1,0.940,landmark,,UNMUTE,0,,1,68846,3ch,68,brightness,1.6,,homography,0.999,-0.04,7.9
2026-02-03 13:57:46,150,228,145,105,58,0.905,0.871,PP,S1,0.940,landmark,,UNMUTE,0,,1,68312,3ch,68,brightness,1.9,,homography,0.999,-0.04,7.9
2026-02-03 13:57:46,150,228,145,105,58,0.905,0.871,PP,S1,0.940,landmark,,UNMUTE,0,,1,69107,3ch,68,brightness,2.2,,homography,0.999,-0.04,7.9
2026-02-03 13:57:46,150,228,145,105,58,0.905,0.871,PP,S1,0.940,landmark,,UNMUTE,0,,1,69440,3ch,68,brightness,2.5,,homography,0.999,-0.04,7.9
2026-02-03 13:57:46,150,228,145,105,58,0.905,0.871,PP,S1,0.940,landmark,,UNMUTE,0,,1,68952,3ch,67,brightness,1.7,,homography,0.999,-0.04,7.9
2026-02-03 13:57:46,150,228,145,105,58,0.905,0.871,PP,S1,0.940,landmark,,UNMUTE,0,,1,69480,3ch,67,brightness,2.8,,homography,0.999,-0.04,7.9
2026-02-03 13:57:46,150,228,145,105,58,0.905,0.871,PP,S1,0.940,landmark,,UNMUTE,0,,1,70107,3ch,67,brightness,4.2,,homography,0.999,-0.04,7.9
2026-02-03 13:57:46,150,228,145,105,58,0.905,0.871,PP,S1,0.940,landmark,,UNMUTE,0,,1,40889,3ch,60,brightness,3.3,,homography,0.999,-0.04,7.9
2026-02-03 13:57:46,150,228,145,105,58,0.905,0.871,PP,S1,0.940,landmark,,UNMUTE,0,,1,48714,3ch,61,brightness,4.1,,homography,0.999,-0.04,7.9
2026-02-03 13:57:46,150,228,145,105,58,0.905,0.871,PP,S1,0.940,landmark,,UNMUTE,0,,1,52956,3ch,61,brightness,1.6,,homography,0.999,-0.04,7.9
2026-02-03 13:57:46,150,228,145,105,58,0.905,0.871,PP,S1,0.940,landmark,,UNMUTE,0,,1,54655,3ch,61,brightness,1.3,,homography,0.999,-0.04,7.9
2026-02-03 13:57:46,150,228,145,105,58,0.905,0.871,PP,S1,0.940,landmark,,UNMUTE,0,,1,57218,3ch,61,brightness,2.1,,homography,0.999,-0.04,7.9
2026-02-03 13:57:47,150,228,145,105,58,0.905,0.871,PP,S1,0.940,landmark,,UNMUTE,0,,1,57828,3ch,61,brightness,1.9,,homography,0.999,-0.04,7.9
2026-02-03 13:57:47,150,228,145,105,58,0.905,0.871,PP,S1,0.940,landmark,,UNMUTE,0,,1,58935,3ch,61,brightness,1.6,,homography,0.999,-0.04,7.9
2026-02-03 13:57:47,150,228,145,105,58,0.905,0.871,PP,S1,0.940,landmark,,UNMUTE,0,,1,60326,3ch,63,brightness,2.2,,homography,0.999,-0.04,7.9
2026-02-03 13:57:47,150,228,145,105,58,0.905,0.871,PP,S1,0.940,landmark,,UNMUTE,0,,1,60985,3ch,63,brightness,2.6,,homography,0.999,-0.04,7.9
2026-02-03 13:57:47,150,228,145,105,58,0.905,0.871,PP,S1,0.940,landmark,,UNMUTE,0,,1,62587,3ch,67,brightness,3.5,,homography,0.999,-0.04,7.9
2026-02-03 13:57:47,150,228,145,105,58,0.905,0.871,PP,S1,0.940,landmark,,UNMUTE,0,,1,63244,3ch,67,brightness,3.5,,homography,0.999,-0.04,7.9
2026-02-03 13:57:47,150,228,145,105,58,0.905,0.871,PP,S1,0.940,landmark,,UNMUTE,0,,1,63343,3ch,68,brightness,1.9,,homography,0.999,-0.04,7.9
2026-02-03 13:57:47,150,228,145,105,58,0.905,0.871,PP,S1,0.940,landmark,,UNMUTE,0,,1,63785,3ch,68,brightness,1.2,,homography,0.999,-0.04,7.9
2026-02-03 13:57:47,150,228,145,105,58,0.905,0.871,PP,S1,0.940,landmark,,UNMUTE,0,,1,64036,3ch,68,brightness,2.1,,homography,0.999,-0.04,7.9
2026-02-03 13:57:47,150,228,145,105,58,0.905,0.871,PP,S1,0.940,landmark,,UNMUTE,0,,1,64193,3ch,68,brightness,3.4,,homography,0.999,-0.04,7.9
2026-02-03 13:57:47,150,228,145,105,58,0.905,0.871,PP,S1,0.940,landmark,,UNMUTE,0,,1,65082,3ch,68,brightness,1.7,,homography,0.999,-0.04,7.9
2026-02-03 13:57:47,150,228,145,105,58,0.905,0.871,PP,S1,0.940,landmark,,UNMUTE,0,,1,66208,3ch,68,brightness,1.9,,homography,0.999,-0.04,7.9
2026-02-03 13:57:47,150,228,145,105,58,0.905,0.871,PP,S1,0.940,landmark,,UNMUTE,0,,1,67045,3ch,68,brightness,2.7,,homography,0.999,-0.04,7.9
2026-02-03 13:57:47,150,228,145,105,58,0.905,0.871,PP,S1,0.940,landmark,,UNMUTE,0,,1,67070,3ch,68,brightness,2.9,,homography,0.999,-0.04,7.9
2026-02-03 13:57:47,150,228,145,105,58,0.905,0.871,PP,S1,0.940,landmark,,UNMUTE,0,,1,67254,3ch,68,brightness,3.6,,homography,0.999,-0.04,7.9
2026-02-03 13:57:48,150,228,145,105,58,0.905,0.871,PP,S1,0.940,landmark,,UNMUTE,0,,1,67419,3ch,70,brightness,1.8,,homography,0.999,-0.04,7.9
2026-02-03 13:57:48,150,228,145,105,58,0.905,0.871,PP,S1,0.940,landmark,,UNMUTE,0,,1,67239,3ch,70,brightness,1.3,,homography,0.999,-0.04,7.9
2026-02-03 13:57:48,150,228,145,105,58,0.905,0.871,PP,S1,0.940,landmark,,UNMUTE,0,,1,67395,3ch,68,brightness,1.8,,homography,0.999,-0.04,7.9
2026-02-03 13:57:48,150,228,145,105,58,0.905,0.871,PP,S1,0.940,landmark,,UNMUTE,0,,1,67616,3ch,68,brightness,2.7,,homography,0.999,-0.04,7.9
2026-02-03 13:57:48,150,228,145,105,58,0.905,0.871,PP,S1,0.940,landmark,,UNMUTE,0,,1,67725,3ch,68,brightness,1.7,,homography,0.999,-0.04,7.9
2026-02-03 13:57:48,150,228,145,105,58,0.905,0.871,PP,S1,0.940,landmark,,UNMUTE,0,,1,68416,3ch,68,brightness,1.8,,homography,0.999,-0.04,7.9
2026-02-03 13:57:48,150,228,145,105,58,0.905,0.871,PP,S1,0.940,landmark,,UNMUTE,0,,1,69305,3ch,68,brightness,2.6,,homography,0.999,-0.04,7.9
2026-02-03 13:57:48,150,228,145,105,58,0.905,0.871,PP,S1,0.940,landmark,,UNMUTE,0,,1,68771,3ch,68,brightness,3.5,,homography,0.999,-0.04,7.9
2026-02-03 13:57:48,150,228,145,105,58,0.905,0.871,PP,S1,0.940,landmark,,UNMUTE,0,,1,68721,3ch,68,brightness,4.1,,homography,0.999,-0.04,7.9
2026-02-03 13:57:48,150,228,145,105,58,0.905,0.871,PP,S1,0.940,landmark,,UNMUTE,0,,1,69252,3ch,68,brightness,1.9,,homography,0.999,-0.04,7.9
2026-02-03 13:57:48,150,228,145,105,58,0.905,0.871,PP,S1,0.940,landmark,,UNMUTE,0,,1,44849,3ch,61,brightness,1.5,,homography,0.999,-0.04,7.9
2026-02-03 13:57:48,150,228,145,105,58,0.905,0.871,PP,S1,0.940,landmark,,UNMUTE,0,,1,53523,3ch,62,brightness,1.8,,homography,0.999,-0.04,7.9
2026-02-03 13:57:48,150,228,145,105,58,0.905,0.871,PP,S1,0.940,landmark,,UNMUTE,0,,1,55037,3ch,62,brightness,3.3,,homography,0.999,-0.04,7.9
2026-02-03 13:57:48,150,228,145,105,58,0.905,0.871,PP,S1,0.940,landmark,,UNMUTE,0,,1,56316,3ch,62,brightness,1.9,,homography,0.999,-0.04,7.9
2026-02-03 13:57:48,150,228,145,105,58,0.905,0.871,PP,S1,0.940,landmark,,UNMUTE,0,,1,57723,3ch,62,brightness,2.0,,homography,0.999,-0.04,7.9
2026-02-03 13:57:49,150,228,145,105,58,0.905,0.871,PP,S1,0.940,landmark,,UNMUTE,0,,1,59149,3ch,62,brightness,2.7,,homography,0.999,-0.04,7.9
2026-02-03 13:57:49,150,228,145,105,58,0.905,0.871,PP,S1,0.940,landmark,,UNMUTE,0,,1,59783,3ch,65,brightness,4.5,,homography,0.999,-0.04,7.9
2026-02-03 13:57:49,150,228,145,105,58,0.905,0.871,PP,S1,0.940,landmark,,UNMUTE,0,,1,60632,3ch,66,brightness,4.4,,homography,0.999,-0.04,7.9
2026-02-03 13:57:49,150,228,145,105,58,0.905,0.871,PP,S1,0.940,landmark,,UNMUTE,0,,1,61829,3ch,66,brightness,1.7,,homography,0.999,-0.04,7.9
2026-02-03 13:57:49,150,228,145,105,58,0.905,0.871,PP,S1,0.940,landmark,,UNMUTE,0,,1,62784,3ch,66,brightness,2.1,,homography,0.999,-0.04,7.9
2026-02-03 13:57:49,150,228,145,105,58,0.905,0.871,PP,S1,0.940,landmark,,UNMUTE,0,,1,63148,3ch,66,brightness,1.8,,homography,0.999,-0.04,7.9
2026-02-03 13:57:49,150,228,145,105,58,0.905,0.871,PP,S1,0.940,landmark,,UNMUTE,0,,1,64046,3ch,66,brightness,2.2,,homography,0.999,-0.04,7.9
2026-02-03 13:57:49,150,228,145,105,58,0.905,0.871,PP,S1,0.940,landmark,,UNMUTE,0,,1,64411,3ch,66,brightness,1.7,,homography,0.999,-0.04,7.9
2026-02-03 13:57:49,150,228,145,105,58,0.905,0.871,PP,S1,0.940,landmark,,UNMUTE,0,,1,64349,3ch,66,brightness,1.4,,homography,0.999,-0.04,7.9
2026-02-03 13:57:49,150,228,145,105,58,0.905,0.871,PP,S1,0.940,landmark,,UNMUTE,0,,1,66245,3ch,66,brightness,2.3,,homography,0.999,-0.04,7.9
2026-02-03 13:57:49,150,228,145,105,58,0.905,0.871,PP,S1,0.940,landmark,,UNMUTE,0,,1,67216,3ch,66,brightness,2.9,,homography,0.999,-0.04,7.9
2026-02-03 13:57:49,150,228,145,105,58,0.905,0.871,PP,S1,0.940,landmark,,UNMUTE,0,,1,67576,3ch,66,brightness,4.0,,homography,0.999,-0.04,7.9
2026-02-03 13:57:49,150,228,145,105,58,0.905,0.871,PP,S1,0.940,landmark,,UNMUTE,0,,1,67857,3ch,66,brightness,1.6,,homography,0.999,-0.04,7.9
2026-02-03 13:57:49,150,228,145,105,58,0.905,0.871,PP,S1,0.940,landmark,,UNMUTE,0,,1,67596,3ch,66,brightness,2.2,,homography,0.999,-0.04,7.9
2026-02-03 13:57:49,150,228,145,105,58,0.905,0.871,PP,S1,0.940,landmark,,UNMUTE,0,,1,68222,3ch,66,brightness,1.5,,homography,0.999,-0.04,7.9
2026-02-03 13:57:50,150,228,145,105,58,0.905,0.871,PP,S1,0.940,landmark,,UNMUTE,0,,1,68639,3ch,66,brightness,2.3,,homography,0.999,-0.04,7.9
2026-02-03 13:57:50,150,228,145,105,58,0.905,0.871,PP,S1,0.940,landmark,,UNMUTE,0,,1,68651,3ch,66,brightness,2.1,,homography,0.999,-0.04,7.9
2026-02-03 13:57:50,150,228,145,105,58,0.905,0.871,PP,S1,0.940,landmark,,UNMUTE,0,,1,69179,3ch,66,brightness,1.8,,homography,0.999,-0.04,7.9
2026-02-03 13:57:50,150,228,145,105,58,0.905,0.871,PP,S1,0.940,landmark,,UNMUTE,0,,1,70074,3ch,66,brightness,2.8,,homography,0.999,-0.04,7.9
2026-02-03 13:57:50,150,228,145,105,58,0.905,0.871,PP,S1,0.940,landmark,,UNMUTE,0,,1,70245,3ch,66,brightness,3.5,,homography,0.999,-0.04,7.9
2026-02-03 13:57:50,150,228,145,105,58,0.905,0.871,PP,S1,0.940,landmark,,UNMUTE,0,,1,70671,3ch,66,brightness,3.4,,homography,0.999,-0.04,7.9
2026-02-03 13:57:50,150,228,145,105,58,0.905,0.871,PP,S1,0.940,landmark,,UNMUTE,0,,1,71210,3ch,66,brightness,2.2,,homography,0.999,-0.04,7.9
2026-02-03 13:57:50,150,228,145,105,58,0.905,0.871,PP,S1,0.940,landmark,,UNMUTE,0,,1,71360,3ch,66,brightness,2.4,,homography,0.999,-0.04,7.9
2026-02-03 13:57:50,150,228,145,105,58,0.905,0.871,PP,S1,0.940,landmark,,UNMUTE,0,,1,71569,3ch,66,brightness,1.5,,homography,0.999,-0.04,7.9
2026-02-03 13:57:50,150,228,145,105,58,0.905,0.871,PP,S1,0.940,landmark,,UNMUTE,0,,1,71032,3ch,66,brightness,2.1,,homography,0.999,-0.04,7.9
2026-02-03 13:57:50,150,228,145,105,58,0.905,0.871,PP,S1,0.940,landmark,,UNMUTE,0,,1,42926,3ch,60,brightness,2.4,,homography,0.999,-0.04,7.9
2026-02-03 13:57:50,150,228,145,105,58,0.905,0.871,PP,S1,0.940,landmark,,UNMUTE,0,,1,49457,3ch,60,brightness,2.0,,homography,0.999,-0.04,7.9
2026-02-03 13:57:50,150,228,145,105,58,0.905,0.871,PP,S1,0.940,landmark,,UNMUTE,0,,1,53245,3ch,61,brightness,2.3,,homography,0.999,-0.04,7.9
2026-02-03 13:57:50,150,228,145,105,58,0.905,0.871,PP,S1,0.940,landmark,,UNMUTE,0,,1,54235,3ch,63,brightness,3.2,,homography,0.999,-0.04,7.9
2026-02-03 13:57:50,150,228,145,105,58,0.905,0.871,PP,S1,0.940,landmark,,UNMUTE,0,,1,56350,3ch,63,brightness,3.4,,homography,0.999,-0.04,7.9
2026-02-03 13:57:51,150,228,145,105,58,0.905,0.871,PP,S1,0.940,landmark,,UNMUTE,0,,1,58440,3ch,63,brightness,2.1,,homography,0.999,-0.04,7.9
2026-02-03 13:57:51,150,228,145,105,58,0.905,0.871,PP,S1,0.940,landmark,,UNMUTE,0,,1,60032,3ch,66,brightness,1.9,,homography,0.999,-0.04,7.9
2026-02-03 13:57:51,150,228,145,105,58,0.905,0.871,PP,S1,0.940,landmark,,UNMUTE,0,,1,61382,3ch,66,brightness,1.4,,homography,0.999,-0.04,7.9
2026-02-03 13:57:51,150,228,145,105,58,0.905,0.871,PP,S1,0.940,landmark,,UNMUTE,0,,1,62755,3ch,66,brightness,1.8,,homography,0.999,-0.04,7.9
2026-02-03 13:57:51,150,228,145,105,58,0.905,0.871,PP,S1,0.940,landmark,,UNMUTE,0,,1,63469,3ch,67,brightness,2.6,,homography,0.999,-0.04,7.9
2026-02-03 13:57:51,150,228,145,105,58,0.905,0.871,PP,S1,0.940,landmark,,UNMUTE,0,,1,64044,3ch,67,brightness,2.0,,homography,0.999,-0.04,7.9
2026-02-03 13:57:51,150,228,145,105,58,0.905,0.871,PP,S1,0.940,landmark,,UNMUTE,0,,1,64826,3ch,67,brightness,2.3,,homography,0.999,-0.04,7.9
2026-02-03 13:57:51,150,228,145,105,58,0.905,0.871,PP,S1,0.940,landmark,,UNMUTE,0,,1,65070,3ch,67,brightness,2.5,,homography,0.999,-0.04,7.9
2026-02-03 13:57:51,150,228,145,105,58,0.905,0.871,PP,S1,0.940,landmark,,UNMUTE,0,,1,65726,3ch,67,brightness,3.6,,homography,0.999,-0.04,7.9
2026-02-03 13:57:51,150,228,145,105,58,0.905,0.871,PP,S1,0.940,landmark,,UNMUTE,0,,1,66191,3ch,67,brightness,3.3,,homography,0.999,-0.04,7.9
2026-02-03 13:57:51,150,228,145,105,58,0.905,0.871,PP,S1,0.940,landmark,,UNMUTE,0,,1,67547,3ch,67,brightness,1.9,,homography,0.999,-0.04,7.9
2026-02-03 13:57:51,150,228,145,105,58,0.905,0.871,PP,S1,0.940,landmark,,UNMUTE,0,,1,68198,3ch,67,brightness,1.4,,homography,0.999,-0.04,7.9
2026-02-03 13:57:51,150,228,145,105,58,0.905,0.871,PP,S1,0.940,landmark,,UNMUTE,0,,1,67234,3ch,68,brightness,1.8,,homography,0.999,-0.04,7.9
2026-02-03 13:57:51,150,228,145,105,58,0.905,0.871,PP,S1,0.940,landmark,,UNMUTE,0,,1,68069,3ch,68,brightness,2.7,,homography,0.999,-0.04,7.9
2026-02-03 13:57:51,150,228,145,105,58,0.905,0.871,PP,S1,0.940,landmark,,UNMUTE,0,,1,68705,3ch,68,brightness,2.1,,homography,0.999,-0.04,7.9
2026-02-03 13:57:52,150,228,145,105,58,0.905,0.871,PP,S1,0.940,landmark,,UNMUTE,0,,1,68950,3ch,68,brightness,2.1,,homography,0.999,-0.04,7.9
2026-02-03 13:57:52,150,228,145,105,58,0.905,0.871,PP,S1,0.940,landmark,,UNMUTE,0,,1,69120,3ch,68,brightness,2.7,,homography,0.999,-0.04,7.9
2026-02-03 13:57:52,150,228,145,105,58,0.905,0.871,PP,S1,0.940,landmark,,UNMUTE,0,,1,69612,3ch,68,brightness,3.5,,homography,0.999,-0.04,7.9
2026-02-03 13:57:52,150,228,145,105,58,0.905,0.871,PP,S1,0.940,landmark,,UNMUTE,0,,1,70437,3ch,69,brightness,3.2,,homography,0.999,-0.04,7.9
2026-02-03 13:57:52,150,228,145,105,58,0.905,0.871,PP,S1,0.940,landmark,,UNMUTE,0,,1,70566,3ch,69,brightness,1.7,,homography,0.999,-0.04,7.9
2026-02-03 13:57:52,150,228,145,105,58,0.905,0.871,PP,S1,0.940,landmark,,UNMUTE,0,,1,70680,3ch,67,brightness,1.4,,homography,0.999,-0.04,7.9
2026-02-03 13:57:52,150,228,145,105,58,0.905,0.871,PP,S1,0.940,landmark,,UNMUTE,0,,1,70420,3ch,67,brightness,1.6,,homography,0.999,-0.04,7.9
2026-02-03 13:57:52,150,228,145,105,58,0.905,0.871,PP,S1,0.940,landmark,,UNMUTE,0,,1,69895,3ch,66,brightness,2.2,,homography,0.999,-0.04,7.9
2026-02-03 13:57:52,150,228,145,105,58,0.905,0.871,PP,S1,0.940,landmark,,UNMUTE,0,,1,69987,3ch,66,brightness,1.8,,homography,0.999,-0.04,7.9
2026-02-03 13:57:52,150,228,145,105,58,0.905,0.871,PP,S1,0.940,landmark,,UNMUTE,0,,1,71010,3ch,66,brightness,1.8,,homography,0.999,-0.04,7.9
2026-02-03 13:57:52,150,228,145,105,58,0.905,0.871,PP,S1,0.940,landmark,,UNMUTE,0,,1,41270,3ch,63,brightness,2.6,,homography,0.999,-0.04,7.9
2026-02-03 13:57:52,150,228,145,105,58,0.905,0.871,PP,S1,0.940,landmark,,UNMUTE,0,,1,51289,3ch,64,brightness,3.4,,homography,0.999,-0.04,7.9
2026-02-03 13:57:52,150,228,145,105,58,0.905,0.871,PP,S1,0.940,landmark,,UNMUTE,0,,1,53004,3ch,64,brightness,6.3,,homography,0.999,-0.04,7.9
2026-02-03 13:57:52,150,228,145,105,58,0.905,0.871,PP,S1,0.940,landmark,,UNMUTE,0,,1,54452,3ch,64,brightness,1.7,,homography,0.999,-0.04,7.9
2026-02-03 13:57:53,150,228,145,105,58,0.905,0.871,PP,S1,0.940,landmark,,UNMUTE,0,,1,54716,3ch,64,brightness,1.6,,homography,0.999,-0.04,7.9
2026-02-03 13:57:53,150,228,145,105,58,0.905,0.871,PP,S1,0.940,landmark,,UNMUTE,0,,1,56616,3ch,64,brightness,1.7,,homography,0.999,-0.04,7.9
2026-02-03 13:57:53,150,228,145,105,58,0.905,0.871,PP,S1,0.940,landmark,,UNMUTE,0,,1,57452,3ch,67,brightness,2.2,,homography,0.999,-0.04,7.9
2026-02-03 13:57:53,150,228,145,105,58,0.905,0.871,PP,S1,0.940,landmark,,UNMUTE,0,,1,58277,3ch,67,brightness,1.7,,homography,0.999,-0.04,7.9
2026-02-03 13:57:53,150,228,145,105,58,0.905,0.871,PP,S1,0.940,landmark,,UNMUTE,0,,1,59292,3ch,67,brightness,1.7,,homography,0.999,-0.04,7.9
2026-02-03 13:57:53,150,228,145,105,58,0.905,0.871,PP,S1,0.940,landmark,,UNMUTE,0,,1,60204,3ch,67,brightness,2.8,,homography,0.999,-0.04,7.9
2026-02-03 13:57:53,150,228,145,105,58,0.905,0.871,PP,S1,0.940,landmark,,UNMUTE,0,,1,61262,3ch,67,brightness,4.7,,homography,0.999,-0.04,7.9
2026-02-03 13:57:53,150,228,145,105,58,0.905,0.871,PP,S1,0.940,landmark,,UNMUTE,0,,1,62192,3ch,67,brightness,2.5,,homography,0.999,-0.04,7.9
2026-02-03 13:57:53,150,228,145,105,58,0.905,0.871,PP,S1,0.940,landmark,,UNMUTE,0,,1,63054,3ch,67,brightness,2.1,,homography,0.999,-0.04,7.9
2026-02-03 13:57:53,150,228,145,105,58,0.905,0.871,PP,S1,0.940,landmark,,UNMUTE,0,,1,63987,3ch,67,brightness,2.8,,homography,0.999,-0.04,7.9
2026-02-03 13:57:53,150,228,145,105,58,0.905,0.871,PP,S1,0.940,landmark,,UNMUTE,0,,1,63797,3ch,67,brightness,1.7,,homography,0.999,-0.04,7.9
2026-02-03 13:57:53,150,228,145,105,58,0.905,0.871,PP,S1,0.940,landmark,,UNMUTE,0,,1,64399,3ch,67,brightness,2.4,,homography,0.999,-0.04,7.9
2026-02-03 13:57:53,150,228,145,105,58,0.905,0.871,PP,S1,0.940,landmark,,UNMUTE,0,,1,65493,3ch,67,brightness,2.1,,homography,0.999,-0.04,7.9
2026-02-03 13:57:53,150,228,145,105,58,0.905,0.871,PP,S1,0.940,landmark,,UNMUTE,0,,1,66084,3ch,67,brightness,2.1,,homography,0.999,-0.04,7.9
2026-02-03 13:57:53,150,228,145,105,58,0.905,0.871,PP,S1,0.940,landmark,,UNMUTE,0,,1,66112,3ch,67,brightness,2.9,,homography,0.999,-0.04,7.9
2026-02-03 13:57:53,150,228,145,105,58,0.905,0.871,PP,S1,0.940,landmark,,UNMUTE,0,,1,66942,3ch,69,brightness,4.3,,homography,0.999,-0.04,7.9
2026-02-03 13:57:54,150,228,145,105,58,0.905,0.871,PP,S1,0.940,landmark,,UNMUTE,0,,1,65985,3ch,67,brightness,5.8,,homography,0.999,-0.04,7.9
2026-02-03 13:57:54,150,228,145,105,58,0.905,0.871,PP,S1,0.940,landmark,,UNMUTE,0,,1,66459,3ch,68,brightness,1.6,,homography,0.999,-0.04,7.9
2026-02-03 13:57:54,150,228,145,105,58,0.905,0.871,PP,S1,0.940,landmark,,UNMUTE,0,,1,66750,3ch,68,brightness,1.8,,homography,0.999,-0.04,7.9
2026-02-03 13:57:54,150,228,145,105,58,0.905,0.871,PP,S1,0.940,landmark,,UNMUTE,0,,1,66675,3ch,67,brightness,1.6,,homography,0.999,-0.04,7.9
2026-02-03 13:57:54,150,228,145,105,58,0.905,0.871,PP,S1,0.940,landmark,,UNMUTE,0,,1,67407,3ch,67,brightness,2.3,,homography,0.999,-0.04,7.9
2026-02-03 13:57:54,150,228,145,105,58,0.905,0.871,PP,S1,0.940,landmark,,UNMUTE,0,,1,67236,3ch,67,brightness,1.7,,homography,0.999,-0.04,7.9
2026-02-03 13:57:54,150,228,145,105,58,0.905,0.871,PP,S1,0.940,landmark,,UNMUTE,0,,1,67897,3ch,67,brightness,1.7,,homography,0.999,-0.04,7.9
2026-02-03 13:57:54,150,228,145,105,58,0.905,0.871,PP,S1,0.940,landmark,,UNMUTE,0,,1,67692,3ch,67,brightness,2.7,,homography,0.999,-0.04,7.9
2026-02-03 13:57:54,150,228,145,105,58,0.905,0.871,PP,S1,0.940,landmark,,UNMUTE,0,,1,67619,3ch,67,brightness,2.8,,homography,0.999,-0.04,7.9
2026-02-03 13:57:54,150,228,145,105,58,0.905,0.871,PP,S1,0.940,landmark,,UNMUTE,0,,1,67350,3ch,67,brightness,4.1,,homography,0.999,-0.04,7.9
2026-02-03 13:57:54,150,228,145,105,58,0.905,0.871,PP,S1,0.940,landmark,,UNMUTE,0,,1,39650,3ch,61,brightness,2.1,,homography,0.999,-0.04,7.9
2026-02-03 13:57:54,150,228,145,105,58,0.905,0.871,PP,S1,0.940,landmark,,UNMUTE,0,,1,48065,3ch,61,brightness,2.4,,homography,0.999,-0.04,7.9
2026-02-03 13:57:54,150,228,145,105,58,0.905,0.871,PP,S1,0.940,landmark,,UNMUTE,0,,1,51612,3ch,61,brightness,1.4,,homography,0.999,-0.04,7.9
2026-02-03 13:57:54,150,228,145,105,58,0.905,0.871,PP,S1,0.940,landmark,,UNMUTE,0,,1,54526,3ch,61,brightness,2.0,,homography,0.999,-0.04,7.9
2026-02-03 13:57:54,150,228,145,105,58,0.905,0.871,PP,S1,0.940,landmark,,UNMUTE,0,,1,57154,3ch,62,brightness,1.8,,homography,0.999,-0.04,7.9
2026-02-03 13:57:55,150,228,145,105,58,0.905,0.871,PP,S1,0.940,landmark,,UNMUTE,0,,1,58792,3ch,64,brightness,2.2,,homography,0.999,-0.04,7.9
2026-02-03 13:57:55,150,228,145,105,58,0.905,0.871,PP,S1,0.940,landmark,,UNMUTE,0,,1,60104,3ch,67,brightness,2.2,,homography,0.999,-0.04,7.9
2026-02-03 13:57:55,150,228,145,105,58,0.905,0.871,PP,S1,0.940,landmark,,UNMUTE,0,,1,61270,3ch,67,brightness,3.2,,homography,0.999,-0.04,7.9
2026-02-03 13:57:55,150,228,145,105,58,0.905,0.871,PP,S1,0.940,landmark,,UNMUTE,0,,1,62004,3ch,68,brightness,5.1,,homography,0.999,-0.04,7.9
2026-02-03 13:57:55,150,228,145,105,58,0.905,0.871,PP,S1,0.940,landmark,,UNMUTE,0,,1,63047,3ch,68,brightness,2.0,,homography,0.999,-0.04,7.9
2026-02-03 13:57:55,150,228,145,105,58,0.905,0.871,PP,S1,0.940,landmark,,UNMUTE,0,,1,63866,3ch,68,brightness,2.2,,homography,0.999,-0.04,7.9
2026-02-03 13:57:55,150,228,145,105,58,0.905,0.871,PP,S1,0.940,landmark,,UNMUTE,0,,1,64567,3ch,68,brightness,1.9,,homography,0.999,-0.04,7.9
2026-02-03 13:57:55,150,228,145,105,58,0.905,0.871,PP,S1,0.940,landmark,,UNMUTE,0,,1,64185,3ch,68,brightness,1.8,,homography,0.999,-0.04,7.9
2026-02-03 13:57:55,150,228,145,105,58,0.905,0.871,PP,S1,0.940,landmark,,UNMUTE,0,,1,64653,3ch,67,brightness,3.1,,homography,0.999,-0.04,7.9
2026-02-03 13:57:55,150,228,145,105,58,0.905,0.871,PP,S1,0.940,landmark,,UNMUTE,0,,1,66369,3ch,67,brightness,2.1,,homography,0.999,-0.04,7.9
2026-02-03 13:57:55,150,228,145,105,58,0.905,0.871,PP,S1,0.940,landmark,,UNMUTE,0,,1,67698,3ch,67,brightness,2.2,,homography,0.999,-0.04,7.9
2026-02-03 13:57:55,150,228,145,105,58,0.905,0.871,PP,S1,0.940,landmark,,UNMUTE,0,,1,67319,3ch,67,brightness,2.8,,homography,0.999,-0.04,7.9
2026-02-03 13:57:55,150,228,145,105,58,0.905,0.871,PP,S1,0.940,landmark,,UNMUTE,0,,1,68154,3ch,67,brightness,4.1,,homography,0.999,-0.04,7.9
2026-02-03 13:57:55,150,228,145,105,58,0.905,0.871,PP,S1,0.940,landmark,,UNMUTE,0,,1,68819,3ch,67,brightness,1.8,,homography,0.999,-0.04,7.9
2026-02-03 13:57:55,150,228,145,105,58,0.905,0.871,PP,S1,0.940,landmark,,UNMUTE,0,,1,68441,3ch,67,brightness,2.1,,homography,0.999,-0.04,7.9
2026-02-03 13:57:56,150,228,145,105,58,0.905,0.871,PP,S1,0.940,landmark,,UNMUTE,0,,1,68481,3ch,67,brightness,1.9,,homography,0.999,-0.04,7.9
2026-02-03 13:57:56,150,228,145,105,58,0.905,0.871,PP,S1,0.940,landmark,,UNMUTE,0,,1,68487,3ch,67,brightness,2.1,,homography,0.999,-0.04,7.9
2026-02-03 13:57:56,150,228,145,105,58,0.905,0.871,PP,S1,0.940,landmark,,UNMUTE,0,,1,69155,3ch,67,brightness,2.9,,homography,0.999,-0.04,7.9
2026-02-03 13:57:56,150,228,145,105,58,0.905,0.871,PP,S1,0.940,landmark,,UNMUTE,0,,1,69586,3ch,67,brightness,2.3,,homography,0.999,-0.04,7.9
2026-02-03 13:57:56,150,228,145,105,58,0.905,0.871,PP,S1,0.940,landmark,,UNMUTE,0,,1,70307,3ch,67,brightness,2.2,,homography,0.999,-0.04,7.9
2026-02-03 13:57:56,150,228,145,105,58,0.905,0.871,PP,S1,0.940,landmark,,UNMUTE,0,,1,69518,3ch,67,brightness,2.8,,homography,0.999,-0.04,7.9
2026-02-03 13:57:56,150,228,145,105,58,0.905,0.871,PP,S1,0.940,landmark,,UNMUTE,0,,1,69597,3ch,67,brightness,3.4,,homography,0.999,-0.04,7.9
2026-02-03 13:57:56,150,228,145,105,58,0.905,0.871,PP,S1,0.940,landmark,,UNMUTE,0,,1,70134,3ch,67,brightness,3.2,,homography,0.999,-0.04,7.9
2026-02-03 13:57:56,150,228,145,105,58,0.905,0.871,PP,S1,0.940,landmark,,UNMUTE,0,,1,70792,3ch,66,brightness,2.1,,homography,0.999,-0.04,7.9
2026-02-03 13:57:56,150,228,145,105,58,0.905,0.871,PP,S1,0.940,landmark,,UNMUTE,0,,1,70276,3ch,66,brightness,2.2,,homography,0.999,-0.04,7.9
2026-02-03 13:57:56,150,228,145,105,58,0.905,0.871,PP,S1,0.940,landmark,,UNMUTE,0,,1,42542,3ch,64,brightness,1.7,,homography,0.999,-0.04,7.9
2026-02-03 13:57:56,150,228,145,105,58,0.905,0.871,PP,S1,0.940,landmark,,UNMUTE,0,,1,49905,3ch,64,brightness,2.7,,homography,0.999,-0.04,7.9
2026-02-03 13:57:56,150,228,145,105,58,0.905,0.871,PP,S1,0.940,landmark,,UNMUTE,0,,1,54153,3ch,64,brightness,2.1,,homography,0.999,-0.04,7.9
2026-02-03 13:57:56,150,228,145,105,58,0.905,0.871,PP,S1,0.940,landmark,,UNMUTE,0,,1,55747,3ch,64,brightness,1.8,,homography,0.999,-0.04,7.9
2026-02-03 13:57:56,150,228,145,105,58,0.905,0.871,PP,S1,0.940,landmark,,UNMUTE,0,,1,58067,3ch,64,brightness,2.9,,homography,0.999,-0.04,7.9
2026-02-03 13:57:57,150,228,145,105,58,0.905,0.871,PP,S1,0.940,landmark,,UNMUTE,0,,1,60361,3ch,64,brightness,3.9,,homography,0.999,-0.04,7.9
2026-02-03 13:57:57,150,228,145,105,58,0.905,0.871,PP,S1,0.940,landmark,,UNMUTE,0,,1,60647,3ch,66,brightness,2.2,,homography,0.999,-0.04,7.9
2026-02-03 13:57:57,150,228,145,105,58,0.905,0.871,PP,S1,0.940,landmark,,UNMUTE,0,,1,61750,3ch,66,brightness,1.8,,homography,0.999,-0.04,7.9
2026-02-03 13:57:57,150,228,145,105,58,0.905,0.871,PP,S1,0.940,landmark,,UNMUTE,0,,1,63198,3ch,66,brightness,2.8,,homography,0.999,-0.04,7.9
2026-02-03 13:57:57,150,228,145,105,58,0.905,0.871,PP,S1,0.940,landmark,,UNMUTE,0,,1,63921,3ch,66,brightness,1.6,,homography,0.999,-0.04,7.9
2026-02-03 13:57:57,150,228,145,105,58,0.905,0.871,PP,S1,0.940,landmark,,UNMUTE,0,,1,64298,3ch,66,brightness,2.4,,homography,0.999,-0.04,7.9
2026-02-03 13:57:57,150,228,145,105,58,0.905,0.871,PP,S1,0.940,landmark,,UNMUTE,0,,1,64758,3ch,66,brightness,1.7,,homography,0.999,-0.04,7.9
2026-02-03 13:57:57,150,228,145,105,58,0.905,0.871,PP,S1,0.940,landmark,,UNMUTE,0,,1,66182,3ch,66,brightness,1.9,,homography,0.999,-0.04,7.9
2026-02-03 13:57:57,150,228,145,105,58,0.905,0.871,PP,S1,0.940,landmark,,UNMUTE,0,,1,67105,3ch,66,brightness,2.8,,homography,0.999,-0.04,7.9
2026-02-03 13:57:57,150,228,145,105,58,0.905,0.871,PP,S1,0.940,landmark,,UNMUTE,0,,1,68323,3ch,66,brightness,3.4,,homography,0.999,-0.04,7.9
2026-02-03 13:57:57,150,228,145,105,58,0.905,0.871,PP,S1,0.940,landmark,,UNMUTE,0,,1,67968,3ch,66,brightness,3.2,,homography,0.999,-0.04,7.9
2026-02-03 13:57:57,150,228,145,105,58,0.905,0.871,PP,S1,0.940,landmark,,UNMUTE,0,,1,68142,3ch,67,brightness,1.7,,homography,0.999,-0.04,7.9
2026-02-03 13:57:57,150,228,145,105,58,0.905,0.871,PP,S1,0.940,landmark,,UNMUTE,0,,1,68309,3ch,65,brightness,2.4,,homography,0.999,-0.04,7.9
2026-02-03 13:57:57,150,228,145,105,58,0.905,0.871,PP,S1,0.940,landmark,,UNMUTE,0,,1,68714,3ch,65,brightness,1.7,,homography,0.999,-0.04,7.9
2026-02-03 13:57:57,150,228,145,105,58,0.905,0.871,PP,S1,0.940,landmark,,UNMUTE,0,,1,68957,3ch,65,brightness,2.0,,homography,0.999,-0.04,7.9
2026-02-03 13:57:58,150,228,145,105,58,0.905,0.871,PP,S1,0.940,landmark,,UNMUTE,0,,1,68393,3ch,65,brightness,1.8,,homography,0.999,-0.04,7.9
2026-02-03 13:57:58,150,228,145,105,58,0.905,0.871,PP,S1,0.940,landmark,,UNMUTE,0,,1,69073,3ch,65,brightness,1.9,,homography,0.999,-0.04,7.9
2026-02-03 13:57:58,150,228,145,105,58,0.905,0.871,PP,S1,0.940,landmark,,UNMUTE,0,,1,69566,3ch,65,brightness,2.6,,homography,0.999,-0.04,7.9
2026-02-03 13:57:58,150,228,145,105,58,0.905,0.871,PP,S1,0.940,landmark,,UNMUTE,0,,1,70266,3ch,65,brightness,6.6,,homography,0.999,-0.04,7.9
2026-02-03 13:57:58,150,228,145,105,58,0.905,0.871,PP,S1,0.940,landmark,,UNMUTE,0,,1,70152,3ch,65,brightness,3.7,,homography,0.999,-0.04,7.9
2026-02-03 13:57:58,150,228,145,105,58,0.905,0.871,PP,S1,0.940,landmark,,UNMUTE,0,,1,69894,3ch,65,brightness,1.7,,homography,0.999,-0.04,7.9
2026-02-03 13:57:58,150,228,145,105,58,0.905,0.871,PP,S1,0.940,landmark,,UNMUTE,0,,1,71021,3ch,65,brightness,2.5,,homography,0.999,-0.04,7.9
2026-02-03 13:57:58,150,228,145,105,58,0.905,0.871,PP,S1,0.940,landmark,,UNMUTE,0,,1,71295,3ch,65,brightness,1.5,,homography,0.999,-0.04,7.9
2026-02-03 13:57:58,150,228,145,105,58,0.905,0.871,PP,S1,0.940,landmark,,UNMUTE,0,,1,71164,3ch,65,brightness,1.8,,homography,0.999,-0.04,7.9
2026-02-03 13:57:58,150,228,145,105,58,0.905,0.871,PP,S1,0.940,landmark,,UNMUTE,0,,1,71232,3ch,65,brightness,1.8,,homography,0.999,-0.04,7.9
2026-02-03 13:57:58,150,228,145,105,58,0.905,0.871,PP,S1,0.940,landmark,,UNMUTE,0,,1,45671,3ch,61,brightness,1.9,,homography,0.999,-0.04,7.9
2026-02-03 13:57:58,150,228,145,105,58,0.905,0.871,PP,S1,0.940,landmark,,UNMUTE,0,,1,49766,3ch,62,brightness,2.2,,homography,0.999,-0.04,7.9
2026-02-03 13:57:58,150,228,145,105,58,0.905,0.871,PP,S1,0.940,landmark,,UNMUTE,0,,1,52469,3ch,62,brightness,2.7,,homography,0.999,-0.04,7.9
2026-02-03 13:57:58,150,228,145,105,58,0.905,0.871,PP,S1,0.940,landmark,,UNMUTE,0,,1,53492,3ch,64,brightness,5.4,,homography,0.999,-0.04,7.9
2026-02-03 13:57:58,150,228,145,105,58,0.905,0.871,PP,S1,0.940,landmark,,UNMUTE,0,,1,55143,3ch,64,brightness,2.1,,homography,0.999,-0.04,7.9
2026-02-03 13:57:59,150,228,145,105,58,0.905,0.871,PP,S1,0.940,landmark,,UNMUTE,0,,1,56964,3ch,64,brightness,2.0,,homography,0.999,-0.04,7.9
2026-02-03 13:57:59,150,228,145,105,58,0.905,0.871,PP,S1,0.940,landmark,,UNMUTE,0,,1,58425,3ch,64,brightness,1.5,,homography,0.999,-0.04,7.9
2026-02-03 13:57:59,150,228,145,105,58,0.905,0.871,PP,S1,0.940,landmark,,UNMUTE,0,,1,59262,3ch,64,brightness,2.1,,homography,0.999,-0.04,7.9
2026-02-03 13:57:59,150,228,145,105,58,0.905,0.871,PP,S1,0.940,landmark,,UNMUTE,0,,1,60408,3ch,65,brightness,1.6,,homography,0.999,-0.04,7.9
2026-02-03 13:57:59,150,228,145,105,58,0.905,0.871,PP,S1,0.940,landmark,,UNMUTE,0,,1,61427,3ch,63,brightness,1.6,,homography,0.999,-0.04,7.9
2026-02-03 13:57:59,150,228,145,105,58,0.905,0.871,PP,S1,0.940,landmark,,UNMUTE,0,,1,62123,3ch,63,brightness,2.4,,homography,0.999,-0.04,7.9
2026-02-03 13:57:59,150,228,145,105,58,0.905,0.871,PP,S1,0.940,landmark,,UNMUTE,0,,1,63477,3ch,63,brightness,3.7,,homography,0.999,-0.04,7.9
2026-02-03 13:57:59,150,228,145,105,58,0.905,0.871,PP,S1,0.940,landmark,,UNMUTE,0,,1,63468,3ch,65,brightness,4.5,,homography,0.999,-0.04,7.9
2026-02-03 13:57:59,150,228,145,105,58,0.905,0.871,PP,S1,0.940,landmark,,UNMUTE,0,,1,63469,3ch,65,brightness,1.5,,homography,0.999,-0.04,7.9
2026-02-03 13:57:59,150,228,145,105,58,0.905,0.871,PP,S1,0.940,landmark,,UNMUTE,0,,1,67205,3ch,63,brightness,2.2,,homography,0.999,-0.04,7.9
2026-02-03 13:57:59,150,228,145,105,58,0.905,0.871,PP,S1,0.940,landmark,,UNMUTE,0,,1,67144,3ch,63,brightness,1.5,,homography,0.999,-0.04,7.9
2026-02-03 13:57:59,150,228,145,105,58,0.905,0.871,PP,S1,0.940,landmark,,UNMUTE,0,,1,68430,3ch,63,brightness,2.4,,homography,0.999,-0.04,7.9
2026-02-03 13:57:59,150,228,145,105,58,0.905,0.871,PP,S1,0.940,landmark,,UNMUTE,0,,1,67313,3ch,64,brightness,1.8,,homography,0.999,-0.04,7.9
2026-02-03 13:57:59,150,228,145,105,58,0.905,0.871,PP,S1,0.940,landmark,,UNMUTE,0,,1,68302,3ch,65,brightness,2.3,,homography,0.999,-0.04,7.9
2026-02-03 13:57:59,150,228,145,105,58,0.905,0.871,PP,S1,0.940,landmark,,UNMUTE,0,,1,68218,3ch,65,brightness,2.3,,homography,0.999,-0.04,7.9
2026-02-03 13:58:00,150,228,145,105,58,0.905,0.871,PP,S1,0.940,landmark,,UNMUTE,0,,1,68072,3ch,67,brightness,3.5,,homography,0.999,-0.04,7.9
2026-02-03 13:58:00,150,228,145,105,58,0.905,0.871,PP,S1,0.940,landmark,,UNMUTE,0,,1,68546,3ch,65,brightness,3.8,,homography,0.999,-0.04,7.9
2026-02-03 13:58:00,150,228,145,105,58,0.905,0.871,PP,S1,0.940,landmark,,UNMUTE,0,,1,68840,3ch,65,brightness,1.9,,homography,0.999,-0.04,7.9
2026-02-03 13:58:00,150,228,145,105,58,0.905,0.871,PP,S1,0.940,landmark,,UNMUTE,0,,1,69131,3ch,65,brightness,2.6,,homography,0.999,-0.04,7.9
2026-02-03 13:58:00,150,228,145,105,58,0.905,0.871,PP,S1,0.940,landmark,,UNMUTE,0,,1,68643,3ch,65,brightness,1.9,,homography,0.999,-0.04,7.9
2026-02-03 13:58:00,150,228,145,105,58,0.905,0.871,PP,S1,0.940,landmark,,UNMUTE,0,,1,68546,3ch,65,brightness,2.3,,homography,0.999,-0.04,7.9
2026-02-03 13:58:00,150,228,145,105,58,0.905,0.871,PP,S1,0.940,landmark,,UNMUTE,0,,1,67861,3ch,65,brightness,2.3,,homography,0.999,-0.04,7.9
2026-02-03 13:58:00,150,228,145,105,58,0.905,0.871,PP,S1,0.940,landmark,,UNMUTE,0,,1,68624,3ch,65,brightness,2.0,,homography,0.999,-0.04,7.9
2026-02-03 13:58:00,150,228,145,105,58,0.905,0.871,PP,S1,0.940,landmark,,UNMUTE,0,,1,69242,3ch,65,brightness,2.1,,homography,0.999,-0.04,7.9
2026-02-03 13:58:00,150,228,145,105,58,0.905,0.871,PP,S1,0.940,landmark,,UNMUTE,0,,1,70165,3ch,65,brightness,2.7,,homography,0.999,-0.04,7.9
2026-02-03 13:58:00,150,228,145,105,58,0.905,0.871,PP,S1,0.940,landmark,,UNMUTE,0,,1,40451,3ch,63,brightness,3.7,,homography,0.999,-0.04,7.9
2026-02-03 13:58:00,150,228,145,105,58,0.905,0.871,PP,S1,0.940,landmark,,UNMUTE,0,,1,50046,3ch,63,brightness,1.4,,homography,0.999,-0.04,7.9
2026-02-03 13:58:00,150,228,145,105,58,0.905,0.871,PP,S1,0.940,landmark,,UNMUTE,0,,1,51820,3ch,63,brightness,2.1,,homography,0.999,-0.04,7.9
2026-02-03 13:58:00,150,228,145,105,58,0.905,0.871,PP,S1,0.940,landmark,,UNMUTE,0,,1,55289,3ch,63,brightness,2.3,,homography,0.999,-0.04,7.9
2026-02-03 13:58:00,150,228,145,105,58,0.905,0.871,PP,S1,0.940,landmark,,UNMUTE,0,,1,56618,3ch,63,brightness,2.0,,homography,0.999,-0.04,7.9
2026-02-03 13:58:01,150,228,145,105,58,0.905,0.871,PP,S1,0.940,landmark,,UNMUTE,0,,1,58038,3ch,65,brightness,1.9,,homography,0.999,-0.04,7.9
2026-02-03 13:58:01,150,228,145,105,58,0.905,0.871,PP,S1,0.940,landmark,,UNMUTE,0,,1,59967,3ch,65,brightness,1.1,,homography,0.999,-0.04,7.9
2026-02-03 13:58:01,150,228,145,105,58,0.905,0.871,PP,S1,0.940,landmark,,UNMUTE,0,,1,60653,3ch,65,brightness,2.4,,homography,0.999,-0.04,7.9
2026-02-03 13:58:01,150,228,145,105,58,0.905,0.871,PP,S1,0.940,landmark,,UNMUTE,0,,1,61896,3ch,65,brightness,2.9,,homography,0.999,-0.04,7.9
2026-02-03 13:58:01,150,228,145,105,58,0.905,0.871,PP,S1,0.940,landmark,,UNMUTE,0,,1,62085,3ch,65,brightness,4.6,,homography,0.999,-0.04,7.9
2026-02-03 13:58:01,150,228,145,105,58,0.905,0.871,PP,S1,0.940,landmark,,UNMUTE,0,,1,62629,3ch,65,brightness,1.3,,homography,0.999,-0.04,7.9
2026-02-03 13:58:01,150,228,145,105,58,0.905,0.871,PP,S1,0.940,landmark,,UNMUTE,0,,1,63796,3ch,67,brightness,3.7,,homography,0.999,-0.04,7.9
2026-02-03 13:58:01,150,228,145,105,58,0.905,0.871,PP,S1,0.940,landmark,,UNMUTE,0,,1,64213,3ch,67,brightness,5.1,,homography,0.999,-0.04,7.9
2026-02-03 13:58:01,150,228,145,105,58,0.905,0.871,PP,S1,0.940,landmark,,UNMUTE,0,,1,64554,3ch,67,brightness,1.8,,homography,0.999,-0.04,7.9
2026-02-03 13:58:01,150,228,145,105,58,0.905,0.871,PP,S1,0.940,landmark,,UNMUTE,0,,1,65713,3ch,67,brightness,2.9,,homography,0.999,-0.04,7.9
2026-02-03 13:58:01,150,228,145,105,58,0.905,0.871,PP,S1,0.940,landmark,,UNMUTE,0,,1,66079,3ch,67,brightness,2.0,,homography,0.999,-0.04,7.9
2026-02-03 13:58:01,150,228,145,105,58,0.905,0.871,PP,S1,0.940,landmark,,UNMUTE,0,,1,65971,3ch,67,brightness,1.5,,homography,0.999,-0.04,7.9
2026-02-03 13:58:01,150,228,145,105,58,0.905,0.871,PP,S1,0.940,landmark,,UNMUTE,0,,1,67364,3ch,67,brightness,1.2,,homography,0.999,-0.04,7.9
2026-02-03 13:58:01,150,228,145,105,58,0.905,0.871,PP,S1,0.940,landmark,,UNMUTE,0,,1,66983,3ch,67,brightness,4.5,,homography,0.999,-0.04,7.9
2026-02-03 13:58:01,150,228,145,105,58,0.905,0.871,PP,S1,0.940,landmark,,UNMUTE,0,,1,67458,3ch,67,brightness,1.4,,homography,0.999,-0.04,7.9
2026-02-03 13:58:02,150,228,145,105,58,0.905,0.871,PP,S1,0.940,landmark,,UNMUTE,0,,1,67014,3ch,67,brightness,3.0,,homography,0.999,-0.04,7.9
2026-02-03 13:58:02,150,228,145,105,58,0.905,0.871,PP,S1,0.940,landmark,,UNMUTE,0,,1,67896,3ch,67,brightness,3.8,,homography,0.999,-0.04,7.9
2026-02-03 13:58:02,150,228,145,105,58,0.905,0.871,PP,S1,0.940,landmark,,UNMUTE,0,,1,67676,3ch,67,brightness,2.0,,homography,0.999,-0.04,7.9
2026-02-03 13:58:02,150,228,145,105,58,0.905,0.871,PP,S1,0.940,landmark,,UNMUTE,0,,1,67605,3ch,67,brightness,2.9,,homography,0.999,-0.04,7.9
2026-02-03 13:58:02,150,228,145,105,58,0.905,0.871,PP,S1,0.940,landmark,,UNMUTE,0,,1,68410,3ch,67,brightness,1.9,,homography,0.999,-0.04,7.9
2026-02-03 13:58:02,150,228,145,105,58,0.905,0.871,PP,S1,0.940,landmark,,UNMUTE,0,,1,69109,3ch,67,brightness,1.9,,homography,0.999,-0.04,7.9
2026-02-03 13:58:02,150,228,145,105,58,0.905,0.871,PP,S1,0.940,landmark,,UNMUTE,0,,1,69284,3ch,67,brightness,2.4,,homography,0.999,-0.04,7.9
2026-02-03 13:58:02,150,228,145,105,58,0.905,0.871,PP,S1,0.940,landmark,,UNMUTE,0,,1,69777,3ch,67,brightness,2.7,,homography,0.999,-0.04,7.9
2026-02-03 13:58:02,150,228,145,105,58,0.905,0.871,PP,S1,0.940,landmark,,UNMUTE,0,,1,68777,3ch,67,brightness,2.9,,homography,0.999,-0.04,7.9
2026-02-03 13:58:02,150,228,145,105,58,0.905,0.871,PP,S1,0.940,landmark,,UNMUTE,0,,1,69184,3ch,67,brightness,1.8,,homography,0.999,-0.04,7.9
2026-02-03 13:58:02,150,228,145,105,58,0.905,0.871,PP,S1,0.940,landmark,,UNMUTE,0,,1,46172,3ch,60,brightness,2.4,,homography,0.999,-0.04,7.9
2026-02-03 13:58:02,150,228,145,105,58,0.905,0.871,PP,S1,0.940,landmark,,UNMUTE,0,,1,54220,3ch,60,brightness,1.4,,homography,0.999,-0.04,7.9
2026-02-03 13:58:02,150,228,145,105,58,0.905,0.871,PP,S1,0.940,landmark,,UNMUTE,0,,1,56594,3ch,60,brightness,2.4,,homography,0.999,-0.04,7.9
2026-02-03 13:58:02,150,228,145,105,58,0.905,0.871,PP,S1,0.940,landmark,,UNMUTE,0,,1,58333,3ch,60,brightness,2.1,,homography,0.999,-0.04,7.9
2026-02-03 13:58:02,150,228,145,105,58,0.905,0.871,PP,S1,0.940,landmark,,UNMUTE,0,,1,59965,3ch,61,brightness,2.3,,homography,0.999,-0.04,7.9
2026-02-03 13:58:03,150,228,145,105,58,0.905,0.871,PP,S1,0.940,landmark,,UNMUTE,0,,1,61079,3ch,66,brightness,2.4,,homography,0.999,-0.04,7.9
2026-02-03 13:58:03,150,228,145,105,58,0.905,0.871,PP,S1,0.940,landmark,,UNMUTE,0,,1,62131,3ch,66,brightness,2.9,,homography,0.999,-0.04,7.9
2026-02-03 13:58:03,150,228,145,105,58,0.905,0.871,PP,S1,0.940,landmark,,UNMUTE,0,,1,62542,3ch,66,brightness,2.8,,homography,0.999,-0.04,7.9
2026-02-03 13:58:03,150,228,145,105,58,0.905,0.871,PP,S1,0.940,landmark,,UNMUTE,0,,1,63718,3ch,66,brightness,1.8,,homography,0.999,-0.04,7.9
2026-02-03 13:58:03,150,228,145,105,58,0.905,0.871,PP,S1,0.940,landmark,,UNMUTE,0,,1,65268,3ch,66,brightness,3.4,,homography,0.999,-0.04,7.9
2026-02-03 13:58:03,150,228,145,105,58,0.905,0.871,PP,S1,0.940,landmark,,UNMUTE,0,,1,65607,3ch,66,brightness,1.7,,homography,0.999,-0.04,7.9
2026-02-03 13:58:03,150,228,145,105,58,0.905,0.871,PP,S1,0.940,landmark,,UNMUTE,0,,1,66455,3ch,66,brightness,2.1,,homography,0.999,-0.04,7.9
2026-02-03 13:58:03,150,228,145,105,58,0.905,0.871,PP,S1,0.940,landmark,,UNMUTE,0,,1,66452,3ch,66,brightness,2.4,,homography,0.999,-0.04,7.9
2026-02-03 13:58:03,150,228,145,105,58,0.905,0.871,PP,S1,0.940,landmark,,UNMUTE,0,,1,66819,3ch,66,brightness,2.4,,homography,0.999,-0.04,7.9
2026-02-03 13:58:03,150,228,145,105,58,0.905,0.871,PP,S1,0.940,landmark,,UNMUTE,0,,1,68173,3ch,66,brightness,2.2,,homography,0.999,-0.04,7.9
2026-02-03 13:58:03,150,228,145,105,58,0.905,0.871,PP,S1,0.940,landmark,,UNMUTE,0,,1,68499,3ch,66,brightness,3.4,,homography,0.999,-0.04,7.9
2026-02-03 13:58:03,150,228,145,105,58,0.905,0.871,PP,S1,0.940,landmark,,UNMUTE,0,,1,68482,3ch,66,brightness,3.5,,homography,0.999,-0.04,7.9
2026-02-03 13:58:03,150,228,145,105,58,0.905,0.871,PP,S1,0.940,landmark,,UNMUTE,0,,1,68153,3ch,66,brightness,1.7,,homography,0.999,-0.04,7.9
2026-02-03 13:58:03,150,228,145,105,58,0.905,0.871,PP,S1,0.940,landmark,,UNMUTE,0,,1,67318,3ch,66,brightness,2.4,,homography,0.999,-0.04,7.9
2026-02-03 13:58:03,150,228,145,105,58,0.905,0.871,PP,S1,0.940,landmark,,UNMUTE,0,,1,67318,3ch,66,brightness,1.7,,homography,0.999,-0.04,7.9
2026-02-03 13:58:04,150,228,145,105,58,0.905,0.871,PP,S1,0.940,landmark,,UNMUTE,0,,1,68095,3ch,66,brightness,2.1,,homography,0.999,-0.04,7.9
2026-02-03 13:58:04,150,228,145,105,58,0.905,0.871,PP,S1,0.940,landmark,,UNMUTE,0,,1,69303,3ch,66,brightness,2.8,,homography,0.999,-0.04,7.9
2026-02-03 13:58:04,150,228,145,105,58,0.905,0.871,PP,S1,0.940,landmark,,UNMUTE,0,,1,69570,3ch,66,brightness,2.8,,homography,0.999,-0.04,7.9
2026-02-03 13:58:04,150,228,145,105,58,0.905,0.871,PP,S1,0.940,landmark,,UNMUTE,0,,1,69451,3ch,66,brightness,2.1,,homography,0.999,-0.04,7.9
2026-02-03 13:58:04,150,228,145,105,58,0.905,0.871,PP,S1,0.940,landmark,,UNMUTE,0,,1,69820,3ch,66,brightness,2.9,,homography,0.999,-0.04,7.9
2026-02-03 13:58:04,150,228,145,105,58,0.905,0.871,PP,S1,0.940,landmark,,UNMUTE,0,,1,69699,3ch,66,brightness,4.2,,homography,0.999,-0.04,7.9
2026-02-03 13:58:04,150,228,145,105,58,0.905,0.871,PP,S1,0.940,landmark,,UNMUTE,0,,1,70225,3ch,66,brightness,1.5,,homography,0.999,-0.04,7.9
2026-02-03 13:58:04,150,228,145,105,58,0.905,0.871,PP,S1,0.940,landmark,,UNMUTE,0,,1,70498,3ch,66,brightness,2.4,,homography,0.999,-0.04,7.9
2026-02-03 13:58:04,150,228,145,105,58,0.905,0.871,PP,S1,0.940,landmark,,UNMUTE,0,,1,70171,3ch,66,brightness,1.5,,homography,0.999,-0.04,7.9
2026-02-03 13:58:04,150,228,145,105,58,0.905,0.871,PP,S1,0.940,landmark,,UNMUTE,0,,1,70758,3ch,66,brightness,2.2,,homography,0.999,-0.04,7.9
2026-02-03 13:58:04,150,228,145,105,58,0.905,0.871,PP,S1,0.940,landmark,,UNMUTE,0,,1,41149,3ch,62,brightness,2.7,,homography,0.999,-0.04,7.9
2026-02-03 13:58:04,150,228,145,105,58,0.905,0.871,PP,S1,0.940,landmark,,UNMUTE,0,,1,48083,3ch,62,brightness,2.1,,homography,0.999,-0.04,7.9
2026-02-03 13:58:04,150,228,145,105,58,0.905,0.871,PP,S1,0.940,landmark,,UNMUTE,0,,1,51931,3ch,62,brightness,1.9,,homography,0.999,-0.04,7.9
2026-02-03 13:58:04,150,228,145,105,58,0.905,0.871,PP,S1,0.940,landmark,,UNMUTE,0,,1,53573,3ch,63,brightness,2.2,,homography,0.999,-0.04,7.9
2026-02-03 13:58:04,150,228,145,105,58,0.905,0.871,PP,S1,0.940,landmark,,UNMUTE,0,,1,56259,3ch,63,brightness,3.4,,homography,0.999,-0.04,7.9
2026-02-03 13:58:05,150,228,145,105,58,0.905,0.871,PP,S1,0.940,landmark,,UNMUTE,0,,1,59027,3ch,63,brightness,1.7,,homography,0.999,-0.04,7.9
2026-02-03 13:58:05,150,228,145,105,58,0.905,0.871,PP,S1,0.940,landmark,,UNMUTE,0,,1,60659,3ch,63,brightness,2.3,,homography,0.999,-0.04,7.9
2026-02-03 13:58:05,150,228,145,105,58,0.905,0.871,PP,S1,0.940,landmark,,UNMUTE,0,,1,61372,3ch,63,brightness,1.5,,homography,0.999,-0.04,7.9
2026-02-03 13:58:05,150,228,145,105,58,0.905,0.871,PP,S1,0.940,landmark,,UNMUTE,0,,1,62607,3ch,63,brightness,2.1,,homography,0.999,-0.04,7.9
2026-02-03 13:58:05,150,228,145,105,58,0.905,0.871,PP,S1,0.940,landmark,,UNMUTE,0,,1,62688,3ch,63,brightness,2.7,,homography,0.999,-0.04,7.9
2026-02-03 13:58:05,150,228,145,105,58,0.905,0.871,PP,S1,0.940,landmark,,UNMUTE,0,,1,63358,3ch,64,brightness,2.4,,homography,0.999,-0.04,7.9
2026-02-03 13:58:05,150,228,145,105,58,0.905,0.871,PP,S1,0.940,landmark,,UNMUTE,0,,1,64538,3ch,66,brightness,2.0,,homography,0.999,-0.04,7.9
2026-02-03 13:58:05,150,228,145,105,58,0.905,0.871,PP,S1,0.940,landmark,,UNMUTE,0,,1,63663,3ch,66,brightness,2.8,,homography,0.999,-0.04,7.9
2026-02-03 13:58:05,150,228,145,105,58,0.905,0.871,PP,S1,0.940,landmark,,UNMUTE,0,,1,65331,3ch,66,brightness,2.9,,homography,0.999,-0.04,7.9
2026-02-03 13:58:05,150,228,145,105,58,0.905,0.871,PP,S1,0.940,landmark,,UNMUTE,0,,1,65418,3ch,66,brightness,2.4,,homography,0.999,-0.04,7.9
2026-02-03 13:58:05,150,228,145,105,58,0.905,0.871,PP,S1,0.940,landmark,,UNMUTE,0,,1,66551,3ch,66,brightness,2.4,,homography,0.999,-0.04,7.9
2026-02-03 13:58:05,150,228,145,105,58,0.905,0.871,PP,S1,0.940,landmark,,UNMUTE,0,,1,66631,3ch,66,brightness,1.9,,homography,0.999,-0.04,7.9
2026-02-03 13:58:05,150,228,145,105,58,0.905,0.871,PP,S1,0.940,landmark,,UNMUTE,0,,1,66132,3ch,66,brightness,1.8,,homography,0.999,-0.04,7.9
2026-02-03 13:58:05,150,228,145,105,58,0.905,0.871,PP,S1,0.940,landmark,,UNMUTE,0,,1,66561,3ch,66,brightness,2.8,,homography,0.999,-0.04,7.9
2026-02-03 13:58:05,150,228,145,105,58,0.905,0.871,PP,S1,0.940,landmark,,UNMUTE,0,,1,66932,3ch,66,brightness,1.8,,homography,0.999,-0.04,7.9
2026-02-03 13:58:06,150,228,145,105,58,0.905,0.871,PP,S1,0.940,landmark,,UNMUTE,0,,1,66459,3ch,66,brightness,1.9,,homography,0.999,-0.04,7.9
2026-02-03 13:58:06,150,228,145,105,58,0.905,0.871,PP,S1,0.940,landmark,,UNMUTE,0,,1,66707,3ch,66,brightness,2.6,,homography,0.999,-0.04,7.9
2026-02-03 13:58:06,150,228,145,105,58,0.905,0.871,PP,S1,0.940,landmark,,UNMUTE,0,,1,66977,3ch,66,brightness,3.9,,homography,0.999,-0.04,7.9
2026-02-03 13:58:06,150,228,145,105,58,0.905,0.871,PP,S1,0.940,landmark,,UNMUTE,0,,1,67487,3ch,66,brightness,1.6,,homography,0.999,-0.04,7.9
2026-02-03 13:58:06,150,228,145,105,58,0.905,0.871,PP,S1,0.940,landmark,,UNMUTE,0,,1,67628,3ch,66,brightness,2.1,,homography,0.999,-0.04,7.9
2026-02-03 13:58:06,150,228,145,105,58,0.905,0.871,PP,S1,0.940,landmark,,UNMUTE,0,,1,68067,3ch,66,brightness,1.9,,homography,0.999,-0.04,7.9
2026-02-03 13:58:06,150,228,145,105,58,0.905,0.871,PP,S1,0.940,landmark,,UNMUTE,0,,1,68205,3ch,68,brightness,2.1,,homography,0.999,-0.04,7.9
2026-02-03 13:58:06,150,228,145,105,58,0.905,0.871,PP,S1,0.940,landmark,,UNMUTE,0,,1,68379,3ch,68,brightness,3.4,,homography,0.999,-0.04,7.9
2026-02-03 13:58:06,150,228,145,105,58,0.905,0.871,PP,S1,0.940,landmark,,UNMUTE,0,,1,69519,3ch,68,brightness,2.1,,homography,0.999,-0.04,7.9
2026-02-03 13:58:06,150,228,145,105,58,0.905,0.871,PP,S1,0.940,landmark,,UNMUTE,0,,1,69499,3ch,68,brightness,1.8,,homography,0.999,-0.04,7.9
2026-02-03 13:58:06,150,228,145,105,58,0.905,0.871,PP,S1,0.940,landmark,,UNMUTE,0,,1,41338,3ch,61,brightness,1.9,,homography,0.999,-0.04,7.9
2026-02-03 13:58:06,150,228,145,105,58,0.905,0.871,PP,S1,0.940,landmark,,UNMUTE,0,,1,47795,3ch,61,brightness,2.7,,homography,0.999,-0.04,7.9
2026-02-03 13:58:06,150,228,145,105,58,0.905,0.871,PP,S1,0.940,landmark,,UNMUTE,0,,1,51032,3ch,61,brightness,1.8,,homography,0.999,-0.04,7.9
2026-02-03 13:58:06,150,228,145,105,58,0.905,0.871,PP,S1,0.940,landmark,,UNMUTE,0,,1,53374,3ch,61,brightness,2.1,,homography,0.999,-0.04,7.9
2026-02-03 13:58:06,150,228,145,105,58,0.905,0.871,PP,S1,0.940,landmark,,UNMUTE,0,,1,56437,3ch,61,brightness,2.2,,homography,0.999,-0.04,7.9
2026-02-03 13:58:07,150,228,145,105,58,0.905,0.871,PP,S1,0.940,landmark,,UNMUTE,0,,1,58291,3ch,64,brightness,1.9,,homography,0.999,-0.04,7.9
2026-02-03 13:58:07,150,228,145,105,58,0.905,0.871,PP,S1,0.940,landmark,,UNMUTE,0,,1,59430,3ch,64,brightness,3.2,,homography,0.999,-0.04,7.9
2026-02-03 13:58:07,150,228,145,105,58,0.905,0.871,PP,S1,0.940,landmark,,UNMUTE,0,,1,60611,3ch,64,brightness,1.9,,homography,0.999,-0.04,7.9
2026-02-03 13:58:07,150,228,145,105,58,0.905,0.871,PP,S1,0.940,landmark,,UNMUTE,0,,1,61118,3ch,64,brightness,1.9,,homography,0.999,-0.04,7.9
2026-02-03 13:58:07,150,228,145,105,58,0.905,0.871,PP,S1,0.940,landmark,,UNMUTE,0,,1,61583,3ch,64,brightness,2.2,,homography,0.999,-0.04,7.9
2026-02-03 13:58:07,150,228,145,105,58,0.905,0.871,PP,S1,0.940,landmark,,UNMUTE,0,,1,62964,3ch,66,brightness,4.0,,homography,0.999,-0.04,7.9
2026-02-03 13:58:07,150,228,145,105,58,0.905,0.871,PP,S1,0.940,landmark,,UNMUTE,0,,1,62651,3ch,66,brightness,2.8,,homography,0.999,-0.04,7.9
2026-02-03 13:58:07,150,228,145,105,58,0.905,0.871,PP,S1,0.940,landmark,,UNMUTE,0,,1,63905,3ch,66,brightness,1.9,,homography,0.999,-0.04,7.9
2026-02-03 13:58:07,150,228,145,105,58,0.905,0.871,PP,S1,0.940,landmark,,UNMUTE,0,,1,64399,3ch,66,brightness,2.8,,homography,0.999,-0.04,7.9
2026-02-03 13:58:07,150,228,145,105,58,0.905,0.871,PP,S1,0.940,landmark,,UNMUTE,0,,1,64694,3ch,66,brightness,1.8,,homography,0.999,-0.04,7.9
2026-02-03 13:58:07,150,228,145,105,58,0.905,0.871,PP,S1,0.940,landmark,,UNMUTE,0,,1,64833,3ch,66,brightness,2.7,,homography,0.999,-0.04,7.9
2026-02-03 13:58:07,150,228,145,105,58,0.905,0.871,PP,S1,0.940,landmark,,UNMUTE,0,,1,65165,3ch,66,brightness,1.9,,homography,0.999,-0.04,7.9
2026-02-03 13:58:07,150,228,145,105,58,0.905,0.871,PP,S1,0.940,landmark,,UNMUTE,0,,1,66456,3ch,66,brightness,2.3,,homography,0.999,-0.04,7.9
2026-02-03 13:58:07,150,228,145,105,58,0.905,0.871,PP,S1,0.940,landmark,,UNMUTE,0,,1,66212,3ch,66,brightness,2.4,,homography,0.999,-0.04,7.9
2026-02-03 13:58:07,150,228,145,105,58,0.905,0.871,PP,S1,0.940,landmark,,UNMUTE,0,,1,66554,3ch,66,brightness,2.8,,homography,0.999,-0.04,7.9
2026-02-03 13:58:08,150,228,145,105,58,0.905,0.871,PP,S1,0.940,landmark,,UNMUTE,0,,1,66097,3ch,66,brightness,2.8,,homography,0.999,-0.04,7.9
2026-02-03 13:58:08,150,228,145,105,58,0.905,0.871,PP,S1,0.940,landmark,,UNMUTE,0,,1,66185,3ch,66,brightness,1.7,,homography,0.999,-0.04,7.9
2026-02-03 13:58:08,150,228,145,105,58,0.905,0.871,PP,S1,0.940,landmark,,UNMUTE,0,,1,67677,3ch,67,brightness,2.4,,homography,0.999,-0.04,7.9
2026-02-03 13:58:08,150,228,145,105,58,0.905,0.871,PP,S1,0.940,landmark,,UNMUTE,0,,1,67943,3ch,67,brightness,1.7,,homography,0.999,-0.04,7.9
2026-02-03 13:58:08,150,228,145,105,58,0.905,0.871,PP,S1,0.940,landmark,,UNMUTE,0,,1,68305,3ch,67,brightness,2.4,,homography,0.999,-0.04,7.9
2026-02-03 13:58:08,150,228,145,105,58,0.905,0.871,PP,S1,0.940,landmark,,UNMUTE,0,,1,68793,3ch,66,brightness,1.6,,homography,0.999,-0.04,7.9
2026-02-03 13:58:08,150,228,145,105,58,0.905,0.871,PP,S1,0.940,landmark,,UNMUTE,0,,1,68789,3ch,66,brightness,2.3,,homography,0.999,-0.04,7.9
2026-02-03 13:58:08,150,228,145,105,58,0.905,0.871,PP,S1,0.940,landmark,,UNMUTE,0,,1,68122,3ch,66,brightness,2.3,,homography,0.999,-0.04,7.9
2026-02-03 13:58:08,150,228,145,105,58,0.905,0.871,PP,S1,0.940,landmark,,UNMUTE,0,,1,68623,3ch,67,brightness,2.8,,homography,0.999,-0.04,7.9
2026-02-03 13:58:08,150,228,145,105,58,0.905,0.871,PP,S1,0.940,landmark,,UNMUTE,0,,1,69715,3ch,67,brightness,4.1,,homography,0.999,-0.04,7.9
2026-02-03 13:58:08,150,228,145,105,58,0.905,0.871,PP,S1,0.940,landmark,,UNMUTE,0,,1,43881,3ch,63,brightness,1.4,,homography,0.999,-0.04,7.9
2026-02-03 13:58:08,150,228,145,105,58,0.905,0.871,PP,S1,0.940,landmark,,UNMUTE,0,,1,51806,3ch,63,brightness,2.4,,homography,0.999,-0.04,7.9
2026-02-03 13:58:08,150,228,145,105,58,0.905,0.871,PP,S1,0.940,landmark,,UNMUTE,0,,1,53185,3ch,63,brightness,1.6,,homography,0.999,-0.04,7.9
2026-02-03 13:58:08,150,228,145,105,58,0.905,0.871,PP,S1,0.940,landmark,,UNMUTE,0,,1,55057,3ch,65,brightness,2.0,,homography,0.999,-0.04,7.9
2026-02-03 13:58:08,150,228,145,105,58,0.905,0.871,PP,S1,0.940,landmark,,UNMUTE,0,,1,56990,3ch,67,brightness,1.6,,homography,0.999,-0.04,7.9
2026-02-03 13:58:09,150,228,145,105,58,0.905,0.871,PP,S1,0.940,landmark,,UNMUTE,0,,1,58567,3ch,67,brightness,2.8,,homography,0.999,-0.04,7.9
2026-02-03 13:58:09,150,228,145,105,58,0.905,0.871,PP,S1,0.940,landmark,,UNMUTE,0,,1,59476,3ch,67,brightness,2.2,,homography,0.999,-0.04,7.9
2026-02-03 13:58:09,150,228,145,105,58,0.905,0.871,PP,S1,0.940,landmark,,UNMUTE,0,,1,60601,3ch,67,brightness,1.6,,homography,0.999,-0.04,7.9
2026-02-03 13:58:09,150,228,145,105,58,0.905,0.871,PP,S1,0.940,landmark,,UNMUTE,0,,1,61263,3ch,67,brightness,5.2,,homography,0.999,-0.04,7.9
2026-02-03 13:58:09,150,228,145,105,58,0.905,0.871,PP,S1,0.940,landmark,,UNMUTE,0,,1,61984,3ch,67,brightness,1.5,,homography,0.999,-0.04,7.9
2026-02-03 13:58:09,150,228,145,105,58,0.905,0.871,PP,S1,0.940,landmark,,UNMUTE,0,,1,63350,3ch,67,brightness,2.1,,homography,0.999,-0.04,7.9
2026-02-03 13:58:09,150,228,145,105,58,0.905,0.871,PP,S1,0.940,landmark,,UNMUTE,0,,1,65474,3ch,65,brightness,1.3,,homography,0.999,-0.04,7.9
2026-02-03 13:58:09,150,228,145,105,58,0.905,0.871,PP,S1,0.940,landmark,,UNMUTE,0,,1,65948,3ch,65,brightness,2.0,,homography,0.999,-0.04,7.9
2026-02-03 13:58:09,150,228,145,105,58,0.905,0.871,PP,S1,0.940,landmark,,UNMUTE,0,,1,66519,3ch,65,brightness,1.7,,homography,0.999,-0.04,7.9
2026-02-03 13:58:09,150,228,145,105,58,0.905,0.871,PP,S1,0.940,landmark,,UNMUTE,0,,1,67123,3ch,65,brightness,2.2,,homography,0.999,-0.04,7.9
2026-02-03 13:58:09,150,228,145,105,58,0.905,0.871,PP,S1,0.940,landmark,,UNMUTE,0,,1,67267,3ch,65,brightness,1.9,,homography,0.999,-0.04,7.9
2026-02-03 13:58:09,150,228,145,105,58,0.905,0.871,PP,S1,0.940,landmark,,UNMUTE,0,,1,67552,3ch,65,brightness,2.4,,homography,0.999,-0.04,7.9
2026-02-03 13:58:09,150,228,145,105,58,0.905,0.871,PP,S1,0.940,landmark,,UNMUTE,0,,1,67634,3ch,65,brightness,3.3,,homography,0.999,-0.04,7.9
2026-02-03 13:58:09,150,228,145,105,58,0.905,0.871,PP,S1,0.940,landmark,,UNMUTE,0,,1,67733,3ch,65,brightness,1.7,,homography,0.999,-0.04,7.9
2026-02-03 13:58:09,150,228,145,105,58,0.905,0.871,PP,S1,0.940,landmark,,UNMUTE,0,,1,67527,3ch,65,brightness,2.1,,homography,0.999,-0.04,7.9
2026-02-03 13:58:10,150,228,145,105,58,0.905,0.871,PP,S1,0.940,landmark,,UNMUTE,0,,1,69031,3ch,65,brightness,1.7,,homography,0.999,-0.04,7.9
2026-02-03 13:58:10,150,228,145,105,58,0.905,0.871,PP,S1,0.940,landmark,,UNMUTE,0,,1,68908,3ch,65,brightness,2.1,,homography,0.999,-0.04,7.9
2026-02-03 13:58:10,150,228,145,105,58,0.905,0.871,PP,S1,0.940,landmark,,UNMUTE,0,,1,69495,3ch,65,brightness,1.7,,homography,0.999,-0.04,7.9
2026-02-03 13:58:10,150,228,145,105,58,0.905,0.871,PP,S1,0.940,landmark,,UNMUTE,0,,1,69923,3ch,65,brightness,2.3,,homography,0.999,-0.04,7.9
2026-02-03 13:58:10,150,228,145,105,58,0.905,0.871,PP,S1,0.940,landmark,,UNMUTE,0,,1,69573,3ch,65,brightness,2.2,,homography,0.999,-0.04,7.9
2026-02-03 13:58:10,150,228,145,105,58,0.905,0.871,PP,S1,0.940,landmark,,UNMUTE,0,,1,69684,3ch,65,brightness,2.8,,homography,0.999,-0.04,7.9
2026-02-03 13:58:10,150,228,145,105,58,0.905,0.871,PP,S1,0.940,landmark,,UNMUTE,0,,1,69863,3ch,65,brightness,4.2,,homography,0.999,-0.04,7.9
2026-02-03 13:58:10,150,228,145,105,58,0.905,0.871,PP,S1,0.940,landmark,,UNMUTE,0,,1,69577,3ch,65,brightness,1.9,,homography,0.999,-0.04,7.9
2026-02-03 13:58:10,150,228,145,105,58,0.905,0.871,PP,S1,0.940,landmark,,UNMUTE,0,,1,71182,3ch,65,brightness,2.1,,homography,0.999,-0.04,7.9
2026-02-03 13:58:10,150,228,145,105,58,0.905,0.871,PP,S1,0.940,landmark,,UNMUTE,0,,1,71222,3ch,65,brightness,1.9,,homography,0.999,-0.04,7.9
2026-02-03 13:58:10,150,228,145,105,58,0.905,0.871,PP,S1,0.940,landmark,,UNMUTE,0,,1,39816,3ch,62,brightness,2.0,,homography,0.999,-0.04,7.9
2026-02-03 13:58:10,150,228,145,105,58,0.905,0.871,PP,S1,0.940,landmark,,UNMUTE,0,,1,47969,3ch,63,brightness,2.1,,homography,0.999,-0.04,7.9
2026-02-03 13:58:10,150,228,145,105,58,0.905,0.871,PP,S1,0.940,landmark,,UNMUTE,0,,1,49746,3ch,63,brightness,2.3,,homography,0.999,-0.04,7.9
2026-02-03 13:58:10,150,228,145,105,58,0.905,0.871,PP,S1,0.940,landmark,,UNMUTE,0,,1,53147,3ch,63,brightness,2.0,,homography,0.999,-0.04,7.9
2026-02-03 13:58:10,150,228,145,105,58,0.905,0.871,PP,S1,0.940,landmark,,UNMUTE,0,,1,55978,3ch,65,brightness,2.6,,homography,0.999,-0.04,7.9
2026-02-03 13:58:11,150,228,145,105,58,0.905,0.871,PP,S1,0.940,landmark,,UNMUTE,0,,1,59122,3ch,65,brightness,3.9,,homography,0.999,-0.04,7.9
2026-02-03 13:58:11,150,228,145,105,58,0.905,0.871,PP,S1,0.940,landmark,,UNMUTE,0,,1,60175,3ch,65,brightness,2.1,,homography,0.999,-0.04,7.9
2026-02-03 13:58:11,150,228,145,105,58,0.905,0.871,PP,S1,0.940,landmark,,UNMUTE,0,,1,60976,3ch,65,brightness,2.1,,homography,0.999,-0.04,7.9
2026-02-03 13:58:11,150,228,145,105,58,0.905,0.871,PP,S1,0.940,landmark,,UNMUTE,0,,1,62104,3ch,65,brightness,2.4,,homography,0.999,-0.04,7.9
2026-02-03 13:58:11,150,228,145,105,58,0.905,0.871,PP,S1,0.940,landmark,,UNMUTE,0,,1,63126,3ch,64,brightness,1.8,,homography,0.999,-0.04,7.9
2026-02-03 13:58:11,150,228,145,105,58,0.905,0.871,PP,S1,0.940,landmark,,UNMUTE,0,,1,64266,3ch,65,brightness,2.7,,homography,0.999,-0.04,7.9
2026-02-03 13:58:11,150,228,145,105,58,0.905,0.871,PP,S1,0.940,landmark,,UNMUTE,0,,1,64954,3ch,65,brightness,2.0,,homography,0.999,-0.04,7.9
2026-02-03 13:58:11,150,228,145,105,58,0.905,0.871,PP,S1,0.940,landmark,,UNMUTE,0,,1,64479,3ch,65,brightness,2.0,,homography,0.999,-0.04,7.9
2026-02-03 13:58:11,150,228,145,105,58,0.905,0.871,PP,S1,0.940,landmark,,UNMUTE,0,,1,64700,3ch,65,brightness,2.8,,homography,0.999,-0.04,7.9
2026-02-03 13:58:11,150,228,145,105,58,0.905,0.871,PP,S1,0.940,landmark,,UNMUTE,0,,1,65600,3ch,65,brightness,2.8,,homography,0.999,-0.04,7.9
2026-02-03 13:58:11,150,228,145,105,58,0.905,0.871,PP,S1,0.940,landmark,,UNMUTE,0,,1,66578,3ch,65,brightness,2.9,,homography,0.999,-0.04,7.9
2026-02-03 13:58:11,150,228,145,105,58,0.905,0.871,PP,S1,0.940,landmark,,UNMUTE,0,,1,67273,3ch,65,brightness,1.8,,homography,0.999,-0.04,7.9
2026-02-03 13:58:11,150,228,145,105,58,0.905,0.871,PP,S1,0.940,landmark,,UNMUTE,0,,1,67388,3ch,67,brightness,2.4,,homography,0.999,-0.04,7.9
2026-02-03 13:58:11,150,228,145,105,58,0.905,0.871,PP,S1,0.940,landmark,,UNMUTE,0,,1,67492,3ch,67,brightness,1.9,,homography,0.999,-0.04,7.9
2026-02-03 13:58:11,150,228,145,105,58,0.905,0.871,PP,S1,0.940,landmark,,UNMUTE,0,,1,66947,3ch,67,brightness,2.4,,homography,0.999,-0.04,7.9
2026-02-03 13:58:12,150,228,145,105,58,0.905,0.871,PP,S1,0.940,landmark,,UNMUTE,0,,1,67080,3ch,67,brightness,2.1,,homography,0.999,-0.04,7.9
2026-02-03 13:58:12,150,228,145,105,58,0.905,0.871,PP,S1,0.940,landmark,,UNMUTE,0,,1,67017,3ch,67,brightness,1.9,,homography,0.999,-0.04,7.9
2026-02-03 13:58:12,150,228,145,105,58,0.905,0.871,PP,S1,0.940,landmark,,UNMUTE,0,,1,68002,3ch,66,brightness,2.0,,homography,0.999,-0.04,7.9
2026-02-03 13:58:12,150,228,145,105,58,0.905,0.871,PP,S1,0.940,landmark,,UNMUTE,0,,1,67497,3ch,66,brightness,3.4,,homography,0.999,-0.04,7.9
2026-02-03 13:58:12,150,228,145,105,58,0.905,0.871,PP,S1,0.940,landmark,,UNMUTE,0,,1,67890,3ch,66,brightness,3.8,,homography,0.999,-0.04,7.9
2026-02-03 13:58:12,150,228,145,105,58,0.905,0.871,PP,S1,0.940,landmark,,UNMUTE,0,,1,67987,3ch,66,brightness,1.7,,homography,0.999,-0.04,7.9
2026-02-03 13:58:12,150,228,145,105,58,0.905,0.871,PP,S1,0.940,landmark,,UNMUTE,0,,1,68648,3ch,66,brightness,2.0,,homography,0.999,-0.04,7.9
2026-02-03 13:58:12,150,228,145,105,58,0.905,0.871,PP,S1,0.940,landmark,,UNMUTE,0,,1,69023,3ch,66,brightness,1.5,,homography,0.999,-0.04,7.9
2026-02-03 13:58:12,150,228,145,105,58,0.905,0.871,PP,S1,0.940,landmark,,UNMUTE,0,,1,68983,3ch,66,brightness,2.1,,homography,0.999,-0.04,7.9
2026-02-03 13:58:12,150,228,145,105,58,0.905,0.871,PP,S1,0.940,landmark,,UNMUTE,0,,1,70529,3ch,66,brightness,2.2,,homography,0.999,-0.04,7.9
2026-02-03 13:58:12,150,228,145,105,58,0.905,0.871,PP,S1,0.940,landmark,,UNMUTE,0,,1,44871,3ch,60,brightness,2.9,,homography,0.999,-0.04,7.9
2026-02-03 13:58:12,150,228,145,105,58,0.905,0.871,PP,S1,0.940,landmark,,UNMUTE,0,,1,50698,3ch,60,brightness,2.5,,homography,0.999,-0.04,7.9
2026-02-03 13:58:12,150,228,145,105,58,0.905,0.871,PP,S1,0.940,landmark,,UNMUTE,0,,1,51682,3ch,60,brightness,3.5,,homography,0.999,-0.04,7.9
2026-02-03 13:58:12,150,228,145,105,58,0.905,0.871,PP,S1,0.940,landmark,,UNMUTE,0,,1,54810,3ch,62,brightness,2.0,,homography,0.999,-0.04,7.9
2026-02-03 13:58:12,150,228,145,105,58,0.905,0.871,PP,S1,0.940,landmark,,UNMUTE,0,,1,56242,3ch,64,brightness,1.9,,homography,0.999,-0.04,7.9
2026-02-03 13:58:13,150,228,145,105,58,0.905,0.871,PP,S1,0.940,landmark,,UNMUTE,0,,1,59386,3ch,64,brightness,2.8,,homography,0.999,-0.04,7.9
2026-02-03 13:58:13,150,228,145,105,58,0.905,0.871,PP,S1,0.940,landmark,,UNMUTE,0,,1,60112,3ch,64,brightness,1.8,,homography,0.999,-0.04,7.9
2026-02-03 13:58:13,150,228,145,105,58,0.905,0.871,PP,S1,0.940,landmark,,UNMUTE,0,,1,59942,3ch,64,brightness,2.0,,homography,0.999,-0.04,7.9
2026-02-03 13:58:13,150,228,145,105,58,0.905,0.871,PP,S1,0.940,landmark,,UNMUTE,0,,1,61705,3ch,64,brightness,1.8,,homography,0.999,-0.04,7.9
2026-02-03 13:58:13,150,228,145,105,58,0.905,0.871,PP,S1,0.940,landmark,,UNMUTE,0,,1,63376,3ch,64,brightness,3.1,,homography,0.999,-0.04,7.9
2026-02-03 13:58:13,150,228,145,105,58,0.905,0.871,PP,S1,0.940,landmark,,UNMUTE,0,,1,63793,3ch,64,brightness,2.4,,homography,0.999,-0.04,7.9
2026-02-03 13:58:13,150,228,145,105,58,0.905,0.871,PP,S1,0.940,landmark,,UNMUTE,0,,1,64231,3ch,66,brightness,2.8,,homography,0.999,-0.04,7.9
2026-02-03 13:58:13,150,228,145,105,58,0.905,0.871,PP,S1,0.940,landmark,,UNMUTE,0,,1,64607,3ch,66,brightness,4.2,,homography,0.999,-0.04,7.9
2026-02-03 13:58:13,150,228,145,105,58,0.905,0.871,PP,S1,0.940,landmark,,UNMUTE,0,,1,65238,3ch,66,brightness,1.5,,homography,0.999,-0.04,7.9
2026-02-03 13:58:13,150,228,145,105,58,0.905,0.871,PP,S1,0.940,landmark,,UNMUTE,0,,1,66218,3ch,66,brightness,2.1,,homography,0.999,-0.04,7.9
2026-02-03 13:58:13,150,228,145,105,58,0.905,0.871,PP,S1,0.940,landmark,,UNMUTE,0,,1,66477,3ch,66,brightness,1.5,,homography,0.999,-0.04,7.9
2026-02-03 13:58:13,150,228,145,105,58,0.905,0.871,PP,S1,0.940,landmark,,UNMUTE,0,,1,66906,3ch,66,brightness,2.1,,homography,0.999,-0.04,7.9
2026-02-03 13:58:13,150,228,145,105,58,0.905,0.871,PP,S1,0.940,landmark,,UNMUTE,0,,1,67092,3ch,66,brightness,1.7,,homography,0.999,-0.04,7.9
2026-02-03 13:58:13,150,228,145,105,58,0.905,0.871,PP,S1,0.940,landmark,,UNMUTE,0,,1,67703,3ch,66,brightness,2.4,,homography,0.999,-0.04,7.9
2026-02-03 13:58:13,150,228,145,105,58,0.905,0.871,PP,S1,0.940,landmark,,UNMUTE,0,,1,68339,3ch,68,brightness,2.4,,homography,0.999,-0.04,7.9
2026-02-03 13:58:14,150,228,145,105,58,0.905,0.871,PP,S1,0.940,landmark,,UNMUTE,0,,1,68358,3ch,68,brightness,2.8,,homography,0.999,-0.04,7.9
2026-02-03 13:58:14,150,228,145,105,58,0.905,0.871,PP,S1,0.940,landmark,,UNMUTE,0,,1,68786,3ch,68,brightness,4.6,,homography,0.999,-0.04,7.9
2026-02-03 13:58:14,150,228,145,105,58,0.905,0.871,PP,S1,0.940,landmark,,UNMUTE,0,,1,68610,3ch,68,brightness,1.7,,homography,0.999,-0.04,7.9
2026-02-03 13:58:14,150,228,145,105,58,0.905,0.871,PP,S1,0.940,landmark,,UNMUTE,0,,1,69708,3ch,68,brightness,2.1,,homography,0.999,-0.04,7.9
2026-02-03 13:58:14,150,228,145,105,58,0.905,0.871,PP,S1,0.940,landmark,,UNMUTE,0,,1,68885,3ch,68,brightness,1.7,,homography,0.999,-0.04,7.9
2026-02-03 13:58:14,150,228,145,105,58,0.905,0.871,PP,S1,0.940,landmark,,UNMUTE,0,,1,68890,3ch,68,brightness,2.2,,homography,0.999,-0.04,7.9
2026-02-03 13:58:14,150,228,145,105,58,0.905,0.871,PP,S1,0.940,landmark,,UNMUTE,0,,1,69758,3ch,66,brightness,2.1,,homography,0.999,-0.04,7.9
2026-02-03 13:58:14,150,228,145,105,58,0.905,0.871,PP,S1,0.940,landmark,,UNMUTE,0,,1,69898,3ch,66,brightness,2.8,,homography,0.999,-0.04,7.9
2026-02-03 13:58:14,150,228,145,105,58,0.905,0.871,PP,S1,0.940,landmark,,UNMUTE,0,,1,70443,3ch,66,brightness,2.4,,homography,0.999,-0.04,7.9
2026-02-03 13:58:14,150,228,145,105,58,0.905,0.871,PP,S1,0.940,landmark,,UNMUTE,0,,1,69826,3ch,66,brightness,3.4,,homography,0.999,-0.04,7.9
2026-02-03 13:58:14,150,228,145,105,58,0.905,0.871,PP,S1,0.940,landmark,,UNMUTE,0,,1,40528,3ch,61,brightness,3.4,,homography,0.999,-0.04,7.9
2026-02-03 13:58:14,150,228,145,105,58,0.905,0.871,PP,S1,0.940,landmark,,UNMUTE,0,,1,49880,3ch,61,brightness,1.6,,homography,0.999,-0.04,7.9
2026-02-03 13:58:14,150,228,145,105,58,0.905,0.871,PP,S1,0.940,landmark,,UNMUTE,0,,1,52755,3ch,61,brightness,2.0,,homography,0.999,-0.04,7.9
2026-02-03 13:58:14,150,228,145,105,58,0.905,0.871,PP,S1,0.940,landmark,,UNMUTE,0,,1,54454,3ch,61,brightness,2.5,,homography,0.999,-0.04,7.9
2026-02-03 13:58:14,150,228,145,105,58,0.905,0.871,PP,S1,0.940,landmark,,UNMUTE,0,,1,56137,3ch,61,brightness,1.8,,homography,0.999,-0.04,7.9
2026-02-03 13:58:15,150,228,145,105,58,0.905,0.871,PP,S1,0.940,landmark,,UNMUTE,0,,1,58301,3ch,64,brightness,1.5,,homography,0.999,-0.04,7.9
2026-02-03 13:58:15,150,228,145,105,58,0.905,0.871,PP,S1,0.940,landmark,,UNMUTE,0,,1,59107,3ch,66,brightness,2.2,,homography,0.999,-0.04,7.9
2026-02-03 13:58:15,150,228,145,105,58,0.905,0.871,PP,S1,0.940,landmark,,UNMUTE,0,,1,59652,3ch,66,brightness,2.1,,homography,0.999,-0.04,7.9
2026-02-03 13:58:15,150,228,145,105,58,0.905,0.871,PP,S1,0.940,landmark,,UNMUTE,0,,1,60118,3ch,66,brightness,2.9,,homography,0.999,-0.04,7.9
2026-02-03 13:58:15,150,228,145,105,58,0.905,0.871,PP,S1,0.940,landmark,,UNMUTE,0,,1,61145,3ch,65,brightness,2.9,,homography,0.999,-0.04,7.9
2026-02-03 13:58:15,150,228,145,105,58,0.905,0.871,PP,S1,0.940,landmark,,UNMUTE,0,,1,61796,3ch,65,brightness,2.0,,homography,0.999,-0.04,7.9
2026-02-03 13:58:15,150,228,145,105,58,0.905,0.871,PP,S1,0.940,landmark,,UNMUTE,0,,1,62296,3ch,65,brightness,1.9,,homography,0.999,-0.04,7.9
2026-02-03 13:58:15,150,228,145,105,58,0.905,0.871,PP,S1,0.940,landmark,,UNMUTE,0,,1,62910,3ch,65,brightness,2.9,,homography,0.999,-0.04,7.9
2026-02-03 13:58:15,150,228,145,105,58,0.905,0.871,PP,S1,0.940,landmark,,UNMUTE,0,,1,63874,3ch,65,brightness,1.8,,homography,0.999,-0.04,7.9
2026-02-03 13:58:15,150,228,145,105,58,0.905,0.871,PP,S1,0.940,landmark,,UNMUTE,0,,1,64431,3ch,65,brightness,1.5,,homography,0.999,-0.04,7.9
2026-02-03 13:58:15,150,228,145,105,58,0.905,0.871,PP,S1,0.940,landmark,,UNMUTE,0,,1,65293,3ch,65,brightness,2.0,,homography,0.999,-0.04,7.9
2026-02-03 13:58:15,150,228,145,105,58,0.905,0.871,PP,S1,0.940,landmark,,UNMUTE,0,,1,64869,3ch,65,brightness,2.2,,homography,0.999,-0.04,7.9
2026-02-03 13:58:15,150,228,145,105,58,0.905,0.871,PP,S1,0.940,landmark,,UNMUTE,0,,1,65458,3ch,65,brightness,2.7,,homography,0.999,-0.04,7.9
2026-02-03 13:58:15,150,228,145,105,58,0.905,0.871,PP,S1,0.940,landmark,,UNMUTE,0,,1,65356,3ch,65,brightness,3.2,,homography,0.999,-0.04,7.9
2026-02-03 13:58:15,150,228,145,105,58,0.905,0.871,PP,S1,0.940,landmark,,UNMUTE,0,,1,65915,3ch,65,brightness,2.1,,homography,0.999,-0.04,7.9
2026-02-03 13:58:16,150,228,145,105,58,0.905,0.871,PP,S1,0.940,landmark,,UNMUTE,0,,1,67189,3ch,65,brightness,1.8,,homography,0.999,-0.04,7.9
2026-02-03 13:58:16,150,228,145,105,58,0.905,0.871,PP,S1,0.940,landmark,,UNMUTE,0,,1,67383,3ch,65,brightness,2.4,,homography,0.999,-0.04,7.9
2026-02-03 13:58:16,150,228,145,105,58,0.905,0.871,PP,S1,0.940,landmark,,UNMUTE,0,,1,68553,3ch,65,brightness,1.8,,homography,0.999,-0.04,7.9
2026-02-03 13:58:16,150,228,145,105,58,0.905,0.871,PP,S1,0.940,landmark,,UNMUTE,0,,1,68495,3ch,66,brightness,1.6,,homography,0.999,-0.04,7.9
2026-02-03 13:58:16,150,228,145,105,58,0.905,0.871,PP,S1,0.940,landmark,,UNMUTE,0,,1,68556,3ch,66,brightness,1.8,,homography,0.999,-0.04,7.9
2026-02-03 13:58:16,150,228,145,105,58,0.905,0.871,PP,S1,0.940,landmark,,UNMUTE,0,,1,68372,3ch,66,brightness,1.8,,homography,0.999,-0.04,7.9
2026-02-03 13:58:16,150,228,145,105,58,0.905,0.871,PP,S1,0.940,landmark,,UNMUTE,0,,1,68059,3ch,66,brightness,2.8,,homography,0.999,-0.04,7.9
2026-02-03 13:58:16,150,228,145,105,58,0.905,0.871,PP,S1,0.940,landmark,,UNMUTE,0,,1,67797,3ch,66,brightness,3.3,,homography,0.999,-0.04,7.9
2026-02-03 13:58:16,150,228,145,105,58,0.905,0.871,PP,S1,0.940,landmark,,UNMUTE,0,,1,67854,3ch,66,brightness,3.0,,homography,0.999,-0.04,7.9
2026-02-03 13:58:16,150,228,145,105,58,0.905,0.871,PP,S1,0.940,landmark,,UNMUTE,0,,1,67760,3ch,66,brightness,1.9,,homography,0.999,-0.04,7.9
2026-02-03 13:58:16,150,228,145,105,58,0.905,0.871,PP,S1,0.940,landmark,,UNMUTE,0,,1,42900,3ch,63,brightness,2.8,,homography,0.999,-0.04,7.9
2026-02-03 13:58:16,150,228,145,105,58,0.905,0.871,PP,S1,0.940,landmark,,UNMUTE,0,,1,48868,3ch,63,brightness,1.6,,homography,0.999,-0.04,7.9
2026-02-03 13:58:16,150,228,145,105,58,0.905,0.871,PP,S1,0.940,landmark,,UNMUTE,0,,1,51407,3ch,65,brightness,1.5,,homography,0.999,-0.04,7.9
2026-02-03 13:58:16,150,228,145,105,58,0.905,0.871,PP,S1,0.940,landmark,,UNMUTE,0,,1,54556,3ch,65,brightness,2.1,,homography,0.999,-0.04,7.9
2026-02-03 13:58:16,150,228,145,105,58,0.905,0.871,PP,S1,0.940,landmark,,UNMUTE,0,,1,54644,3ch,65,brightness,2.1,,homography,0.999,-0.04,7.9
2026-02-03 13:58:17,150,228,145,105,58,0.905,0.871,PP,S1,0.940,landmark,,UNMUTE,0,,1,57012,3ch,65,brightness,2.7,,homography,0.999,-0.04,7.9
2026-02-03 13:58:17,150,228,145,105,58,0.905,0.871,PP,S1,0.940,landmark,,UNMUTE,0,,1,57602,3ch,65,brightness,3.4,,homography,0.999,-0.04,7.9
2026-02-03 13:58:17,150,228,145,105,58,0.905,0.871,PP,S1,0.940,landmark,,UNMUTE,0,,1,59449,3ch,65,brightness,4.1,,homography,0.999,-0.04,7.9
2026-02-03 13:58:17,150,228,145,105,58,0.905,0.871,PP,S1,0.940,landmark,,UNMUTE,0,,1,60653,3ch,65,brightness,1.7,,homography,0.999,-0.04,7.9
2026-02-03 13:58:17,150,228,145,105,58,0.905,0.871,PP,S1,0.940,landmark,,UNMUTE,0,,1,61890,3ch,63,brightness,2.3,,homography,0.999,-0.04,7.9
2026-02-03 13:58:17,150,228,145,105,58,0.905,0.871,PP,S1,0.940,landmark,,UNMUTE,0,,1,62265,3ch,63,brightness,1.4,,homography,0.999,-0.04,7.9
2026-02-03 13:58:17,150,228,145,105,58,0.905,0.871,PP,S1,0.940,landmark,,UNMUTE,0,,1,62879,3ch,63,brightness,1.4,,homography,0.999,-0.04,7.9
2026-02-03 13:58:17,150,228,145,105,58,0.905,0.871,PP,S1,0.940,landmark,,UNMUTE,0,,1,63202,3ch,63,brightness,1.7,,homography,0.999,-0.04,7.9
2026-02-03 13:58:17,150,228,145,105,58,0.905,0.871,PP,S1,0.940,landmark,,UNMUTE,0,,1,62638,3ch,63,brightness,2.3,,homography,0.999,-0.04,7.9
2026-02-03 13:58:17,150,228,145,105,58,0.905,0.871,PP,S1,0.940,landmark,,UNMUTE,0,,1,63077,3ch,63,brightness,2.9,,homography,0.999,-0.04,7.9
2026-02-03 13:58:17,150,228,145,105,58,0.905,0.871,PP,S1,0.940,landmark,,UNMUTE,0,,1,63937,3ch,63,brightness,2.8,,homography,0.999,-0.04,7.9
2026-02-03 13:58:17,150,228,145,105,58,0.905,0.871,PP,S1,0.940,landmark,,UNMUTE,0,,1,64529,3ch,63,brightness,2.9,,homography,0.999,-0.04,7.9
2026-02-03 13:58:17,150,228,145,105,58,0.905,0.871,PP,S1,0.940,landmark,,UNMUTE,0,,1,65999,3ch,63,brightness,1.6,,homography,0.999,-0.04,7.9
2026-02-03 13:58:17,150,228,145,105,58,0.905,0.871,PP,S1,0.940,landmark,,UNMUTE,0,,1,65950,3ch,63,brightness,2.0,,homography,0.999,-0.04,7.9
2026-02-03 13:58:17,150,228,145,105,58,0.905,0.871,PP,S1,0.940,landmark,,UNMUTE,0,,1,66912,3ch,63,brightness,1.5,,homography,0.999,-0.04,7.9
2026-02-03 13:58:18,150,228,145,105,58,0.905,0.871,PP,S1,0.940,landmark,,UNMUTE,0,,1,66204,3ch,63,brightness,1.6,,homography,0.999,-0.04,7.9
2026-02-03 13:58:18,150,228,145,105,58,0.905,0.871,PP,S1,0.940,landmark,,UNMUTE,0,,1,68048,3ch,66,brightness,1.8,,homography,0.999,-0.04,7.9
2026-02-03 13:58:18,150,228,145,105,58,0.905,0.871,PP,S1,0.940,landmark,,UNMUTE,0,,1,68140,3ch,66,brightness,2.4,,homography,0.999,-0.04,7.9
2026-02-03 13:58:18,150,228,145,105,58,0.905,0.871,PP,S1,0.940,landmark,,UNMUTE,0,,1,69122,3ch,66,brightness,2.8,,homography,0.999,-0.04,7.9
2026-02-03 13:58:18,150,228,145,105,58,0.905,0.871,PP,S1,0.940,landmark,,UNMUTE,0,,1,69840,3ch,66,brightness,2.9,,homography,0.999,-0.04,7.9
2026-02-03 13:58:18,150,228,145,105,58,0.905,0.871,PP,S1,0.940,landmark,,UNMUTE,0,,1,69386,3ch,66,brightness,5.9,,homography,0.999,-0.04,7.9
2026-02-03 13:58:18,150,228,145,105,58,0.905,0.871,PP,S1,0.940,landmark,,UNMUTE,0,,1,68627,3ch,66,brightness,1.8,,homography,0.999,-0.04,7.9
2026-02-03 13:58:18,150,228,145,105,58,0.905,0.871,PP,S1,0.940,landmark,,UNMUTE,0,,1,68166,3ch,66,brightness,2.5,,homography,0.999,-0.04,7.9
2026-02-03 13:58:18,150,228,145,105,58,0.905,0.871,PP,S1,0.940,landmark,,UNMUTE,0,,1,69699,3ch,66,brightness,1.5,,homography,0.999,-0.04,7.9
2026-02-03 13:58:18,150,228,145,105,58,0.905,0.871,PP,S1,0.940,landmark,,UNMUTE,0,,1,69364,3ch,66,brightness,1.8,,homography,0.999,-0.04,7.9
2026-02-03 13:58:18,150,228,145,105,58,0.905,0.871,PP,S1,0.940,landmark,,UNMUTE,0,,1,40139,3ch,64,brightness,1.9,,homography,0.999,-0.04,7.9
2026-02-03 13:58:18,150,228,145,105,58,0.905,0.871,PP,S1,0.940,landmark,,UNMUTE,0,,1,48663,3ch,64,brightness,2.7,,homography,0.999,-0.04,7.9
2026-02-03 13:58:18,150,228,145,105,58,0.905,0.871,PP,S1,0.940,landmark,,UNMUTE,0,,1,52923,3ch,64,brightness,2.8,,homography,0.999,-0.04,7.9
2026-02-03 13:58:18,150,228,145,105,58,0.905,0.871,PP,S1,0.940,landmark,,UNMUTE,0,,1,55469,3ch,64,brightness,3.3,,homography,0.999,-0.04,7.9
2026-02-03 13:58:18,150,228,145,105,58,0.905,0.871,PP,S1,0.940,landmark,,UNMUTE,0,,1,56818,3ch,64,brightness,2.9,,homography,0.999,-0.04,7.9
2026-02-03 13:58:19,150,228,145,105,58,0.905,0.871,PP,S1,0.940,landmark,,UNMUTE,0,,1,58541,3ch,65,brightness,1.6,,homography,0.999,-0.04,7.9
2026-02-03 13:58:19,150,228,145,105,58,0.905,0.871,PP,S1,0.940,landmark,,UNMUTE,0,,1,59530,3ch,65,brightness,2.3,,homography,0.999,-0.04,7.9
2026-02-03 13:58:19,150,228,145,105,58,0.905,0.871,PP,S1,0.940,landmark,,UNMUTE,0,,1,60231,3ch,65,brightness,2.0,,homography,0.999,-0.04,7.9
2026-02-03 13:58:19,150,228,145,105,58,0.905,0.871,PP,S1,0.940,landmark,,UNMUTE,0,,1,61886,3ch,65,brightness,1.8,,homography,0.999,-0.04,7.9
2026-02-03 13:58:19,150,228,145,105,58,0.905,0.871,PP,S1,0.940,landmark,,UNMUTE,0,,1,62259,3ch,66,brightness,1.6,,homography,0.999,-0.04,7.9
2026-02-03 13:58:19,150,228,145,105,58,0.905,0.871,PP,S1,0.940,landmark,,UNMUTE,0,,1,63769,3ch,66,brightness,2.3,,homography,0.999,-0.04,7.9
2026-02-03 13:58:19,150,228,145,105,58,0.905,0.871,PP,S1,0.940,landmark,,UNMUTE,0,,1,64029,3ch,66,brightness,2.4,,homography,0.999,-0.04,7.9
2026-02-03 13:58:19,150,228,145,105,58,0.905,0.871,PP,S1,0.940,landmark,,UNMUTE,0,,1,63779,3ch,66,brightness,2.6,,homography,0.999,-0.04,7.9
2026-02-03 13:58:19,150,228,145,105,58,0.905,0.871,PP,S1,0.940,landmark,,UNMUTE,0,,1,64379,3ch,66,brightness,3.3,,homography,0.999,-0.04,7.9
2026-02-03 13:58:19,150,228,145,105,58,0.905,0.871,PP,S1,0.940,landmark,,UNMUTE,0,,1,64473,3ch,66,brightness,2.0,,homography,0.999,-0.04,7.9
2026-02-03 13:58:19,150,228,145,105,58,0.905,0.871,PP,S1,0.940,landmark,,UNMUTE,0,,1,64593,3ch,66,brightness,2.1,,homography,0.999,-0.04,7.9
2026-02-03 13:58:19,150,228,145,105,58,0.905,0.871,PP,S1,0.940,landmark,,UNMUTE,0,,1,65220,3ch,66,brightness,1.8,,homography,0.999,-0.04,7.9
2026-02-03 13:58:19,150,228,145,105,58,0.905,0.871,PP,S1,0.940,landmark,,UNMUTE,0,,1,66063,3ch,66,brightness,2.1,,homography,0.999,-0.04,7.9
2026-02-03 13:58:19,150,228,145,105,58,0.905,0.871,PP,S1,0.940,landmark,,UNMUTE,0,,1,65865,3ch,66,brightness,1.7,,homography,0.999,-0.04,7.9
2026-02-03 13:58:20,150,228,145,105,58,0.905,0.871,PP,S1,0.940,landmark,,UNMUTE,0,,1,66868,3ch,66,brightness,2.4,,homography,0.999,-0.04,7.9
2026-02-03 13:58:20,150,228,145,105,58,0.905,0.871,PP,S1,0.940,landmark,,UNMUTE,0,,1,67144,3ch,66,brightness,2.0,,homography,0.999,-0.04,7.9
2026-02-03 13:58:20,150,228,145,105,58,0.905,0.871,PP,S1,0.940,landmark,,UNMUTE,0,,1,67339,3ch,66,brightness,2.9,,homography,0.999,-0.04,7.9
2026-02-03 13:58:20,150,228,145,105,58,0.905,0.871,PP,S1,0.940,landmark,,UNMUTE,0,,1,68435,3ch,66,brightness,4.4,,homography,0.999,-0.04,7.9
2026-02-03 13:58:20,150,228,145,105,58,0.905,0.871,PP,S1,0.940,landmark,,UNMUTE,0,,1,69039,3ch,67,brightness,2.0,,homography,0.999,-0.04,7.9
2026-02-03 13:58:20,150,228,145,105,58,0.905,0.871,PP,S1,0.940,landmark,,UNMUTE,0,,1,68979,3ch,67,brightness,2.1,,homography,0.999,-0.04,7.9
2026-02-03 13:58:20,150,228,145,105,58,0.905,0.871,PP,S1,0.940,landmark,,UNMUTE,0,,1,69100,3ch,67,brightness,2.0,,homography,0.999,-0.04,7.9
2026-02-03 13:58:20,150,228,145,105,58,0.905,0.871,PP,S1,0.940,landmark,,UNMUTE,0,,1,68480,3ch,67,brightness,2.0,,homography,0.999,-0.04,7.9
2026-02-03 13:58:20,150,228,145,105,58,0.905,0.871,PP,S1,0.940,landmark,,UNMUTE,0,,1,68838,3ch,67,brightness,2.0,,homography,0.999,-0.04,7.9
2026-02-03 13:58:20,150,228,145,105,58,0.905,0.871,PP,S1,0.940,landmark,,UNMUTE,0,,1,69638,3ch,67,brightness,2.3,,homography,0.999,-0.04,7.9
2026-02-03 13:58:20,150,228,145,105,58,0.905,0.871,PP,S1,0.940,landmark,,UNMUTE,0,,1,69755,3ch,67,brightness,2.3,,homography,0.999,-0.04,7.9
2026-02-03 13:58:20,150,228,145,105,58,0.905,0.871,PP,S1,0.940,landmark,,UNMUTE,0,,1,45212,3ch,62,brightness,2.7,,homography,0.999,-0.04,7.9
2026-02-03 13:58:20,150,228,145,105,58,0.905,0.871,PP,S1,0.940,landmark,,UNMUTE,0,,1,53542,3ch,62,brightness,4.0,,homography,0.999,-0.04,7.9
2026-02-03 13:58:20,150,228,145,105,58,0.905,0.871,PP,S1,0.940,landmark,,UNMUTE,0,,1,56148,3ch,62,brightness,2.4,,homography,0.999,-0.04,7.9
2026-02-03 13:58:20,150,228,145,105,58,0.905,0.871,PP,S1,0.940,landmark,,UNMUTE,0,,1,57682,3ch,62,brightness,1.8,,homography,0.999,-0.04,7.9
2026-02-03 13:58:21,150,228,145,105,58,0.905,0.871,PP,S1,0.940,landmark,,UNMUTE,0,,1,58054,3ch,62,brightness,2.0,,homography,0.999,-0.04,7.9
2026-02-03 13:58:21,150,228,145,105,58,0.905,0.871,PP,S1,0.940,landmark,,UNMUTE,0,,1,59115,3ch,64,brightness,1.6,,homography,0.999,-0.04,7.9
2026-02-03 13:58:21,150,228,145,105,58,0.905,0.871,PP,S1,0.940,landmark,,UNMUTE,0,,1,60075,3ch,64,brightness,2.4,,homography,0.999,-0.04,7.9
2026-02-03 13:58:21,150,228,145,105,58,0.905,0.871,PP,S1,0.940,landmark,,UNMUTE,0,,1,61047,3ch,64,brightness,2.1,,homography,0.999,-0.04,7.9
2026-02-03 13:58:21,150,228,145,105,58,0.905,0.871,PP,S1,0.940,landmark,,UNMUTE,0,,1,61970,3ch,65,brightness,1.9,,homography,0.999,-0.04,7.9
2026-02-03 13:58:21,150,228,145,105,58,0.905,0.871,PP,S1,0.940,landmark,,UNMUTE,0,,1,63167,3ch,65,brightness,3.3,,homography,0.999,-0.04,7.9
2026-02-03 13:58:21,150,228,145,105,58,0.905,0.871,PP,S1,0.940,landmark,,UNMUTE,0,,1,64238,3ch,65,brightness,3.3,,homography,0.999,-0.04,7.9
2026-02-03 13:58:21,150,228,145,105,58,0.905,0.871,PP,S1,0.940,landmark,,UNMUTE,0,,1,65183,3ch,65,brightness,2.0,,homography,0.999,-0.04,7.9
2026-02-03 13:58:21,150,228,145,105,58,0.905,0.871,PP,S1,0.940,landmark,,UNMUTE,0,,1,66579,3ch,65,brightness,2.1,,homography,0.999,-0.04,7.9
2026-02-03 13:58:21,150,228,145,105,58,0.905,0.871,PP,S1,0.940,landmark,,UNMUTE,0,,1,66899,3ch,65,brightness,2.7,,homography,0.999,-0.04,7.9
2026-02-03 13:58:21,150,228,145,105,58,0.905,0.871,PP,S1,0.940,landmark,,UNMUTE,0,,1,67706,3ch,65,brightness,1.9,,homography,0.999,-0.04,7.9
2026-02-03 13:58:21,150,228,145,105,58,0.905,0.871,PP,S1,0.940,landmark,,UNMUTE,0,,1,67696,3ch,65,brightness,2.9,,homography,0.999,-0.04,7.9
2026-02-03 13:58:21,150,228,145,105,58,0.905,0.871,PP,S1,0.940,landmark,,UNMUTE,0,,1,67652,3ch,65,brightness,2.2,,homography,0.999,-0.04,7.9
2026-02-03 13:58:21,150,228,145,105,58,0.905,0.871,PP,S1,0.940,landmark,,UNMUTE,0,,1,66996,3ch,65,brightness,2.4,,homography,0.999,-0.04,7.9
2026-02-03 13:58:21,150,228,145,105,58,0.905,0.871,PP,S1,0.940,landmark,,UNMUTE,0,,1,67607,3ch,65,brightness,2.8,,homography,0.999,-0.04,7.9
2026-02-03 13:58:22,150,228,145,105,58,0.905,0.871,PP,S1,0.940,landmark,,UNMUTE,0,,1,69006,3ch,65,brightness,3.3,,homography,0.999,-0.04,7.9
2026-02-03 13:58:22,150,228,145,105,58,0.905,0.871,PP,S1,0.940,landmark,,UNMUTE,0,,1,68421,3ch,65,brightness,2.8,,homography,0.999,-0.04,7.9
2026-02-03 13:58:22,150,228,145,105,58,0.905,0.871,PP,S1,0.940,landmark,,UNMUTE,0,,1,68634,3ch,65,brightness,1.7,,homography,0.999,-0.04,7.9
2026-02-03 13:58:22,150,228,145,105,58,0.905,0.871,PP,S1,0.940,landmark,,UNMUTE,0,,1,68616,3ch,65,brightness,3.5,,homography,0.999,-0.04,7.9
2026-02-03 13:58:22,150,228,145,105,58,0.905,0.871,PP,S1,0.940,landmark,,UNMUTE,0,,1,69917,3ch,65,brightness,2.1,,homography,0.999,-0.04,7.9
2026-02-03 13:58:22,150,228,145,105,58,0.905,0.871,PP,S1,0.940,landmark,,UNMUTE,0,,1,70478,3ch,65,brightness,2.1,,homography,0.999,-0.04,7.9
2026-02-03 13:58:22,150,228,145,105,58,0.905,0.871,PP,S1,0.940,landmark,,UNMUTE,0,,1,70786,3ch,67,brightness,1.9,,homography,0.999,-0.04,7.9
2026-02-03 13:58:22,150,228,145,105,58,0.905,0.871,PP,S1,0.940,landmark,,UNMUTE,0,,1,71216,3ch,67,brightness,2.1,,homography,0.999,-0.04,7.9
2026-02-03 13:58:22,150,228,145,105,58,0.905,0.871,PP,S1,0.940,landmark,,UNMUTE,0,,1,71085,3ch,67,brightness,2.7,,homography,0.999,-0.04,7.9
2026-02-03 13:58:22,150,228,145,105,58,0.905,0.871,PP,S1,0.940,landmark,,UNMUTE,0,,1,71088,3ch,67,brightness,3.2,,homography,0.999,-0.04,7.9
2026-02-03 13:58:22,150,228,145,105,58,0.905,0.871,PP,S1,0.940,landmark,,UNMUTE,0,,1,71122,3ch,67,brightness,2.9,,homography,0.999,-0.04,7.9
2026-02-03 13:58:22,150,228,145,105,58,0.905,0.871,PP,S1,0.940,landmark,,UNMUTE,0,,1,45264,3ch,62,brightness,2.0,,homography,0.999,-0.04,7.9
2026-02-03 13:58:22,150,228,145,105,58,0.905,0.871,PP,S1,0.940,landmark,,UNMUTE,0,,1,51889,3ch,63,brightness,2.8,,homography,0.999,-0.04,7.9
2026-02-03 13:58:22,150,228,145,105,58,0.905,0.871,PP,S1,0.940,landmark,,UNMUTE,0,,1,55137,3ch,63,brightness,1.7,,homography,0.999,-0.04,7.9
2026-02-03 13:58:22,150,228,145,105,58,0.905,0.871,PP,S1,0.940,landmark,,UNMUTE,0,,1,57369,3ch,63,brightness,2.0,,homography,0.999,-0.04,7.9
2026-02-03 13:58:23,150,228,145,105,58,0.905,0.871,PP,S1,0.940,landmark,,UNMUTE,0,,1,59322,3ch,63,brightness,1.6,,homography,0.999,-0.04,7.9
2026-02-03 13:58:23,150,228,145,105,58,0.905,0.871,PP,S1,0.940,landmark,,UNMUTE,0,,1,61537,3ch,66,brightness,1.8,,homography,0.999,-0.04,7.9
2026-02-03 13:58:23,150,228,145,105,58,0.905,0.871,PP,S1,0.940,landmark,,UNMUTE,0,,1,61706,3ch,66,brightness,2.3,,homography,0.999,-0.04,7.9
2026-02-03 13:58:23,150,228,145,105,58,0.905,0.871,PP,S1,0.940,landmark,,UNMUTE,0,,1,62485,3ch,66,brightness,3.4,,homography,0.999,-0.04,7.9
2026-02-03 13:58:23,150,228,145,105,58,0.905,0.871,PP,S1,0.940,landmark,,UNMUTE,0,,1,63192,3ch,66,brightness,3.7,,homography,0.999,-0.04,7.9
2026-02-03 13:58:23,150,228,145,105,58,0.905,0.871,PP,S1,0.940,landmark,,UNMUTE,0,,1,64214,3ch,66,brightness,1.8,,homography,0.999,-0.04,7.9
2026-02-03 13:58:23,150,228,145,105,58,0.905,0.871,PP,S1,0.940,landmark,,UNMUTE,0,,1,65518,3ch,66,brightness,2.8,,homography,0.999,-0.04,7.9
2026-02-03 13:58:23,150,228,145,105,58,0.905,0.871,PP,S1,0.940,landmark,,UNMUTE,0,,1,66159,3ch,66,brightness,2.3,,homography,0.999,-0.04,7.9
2026-02-03 13:58:23,150,228,145,105,58,0.905,0.871,PP,S1,0.940,landmark,,UNMUTE,0,,1,66745,3ch,66,brightness,2.1,,homography,0.999,-0.04,7.9
2026-02-03 13:58:23,150,228,145,105,58,0.905,0.871,PP,S1,0.940,landmark,,UNMUTE,0,,1,67921,3ch,68,brightness,1.5,,homography,0.999,-0.04,7.9
2026-02-03 13:58:23,150,228,145,105,58,0.905,0.871,PP,S1,0.940,landmark,,UNMUTE,0,,1,67864,3ch,68,brightness,2.1,,homography,0.999,-0.04,7.9
2026-02-03 13:58:23,150,228,145,105,58,0.905,0.871,PP,S1,0.940,landmark,,UNMUTE,0,,1,67809,3ch,67,brightness,2.0,,homography,0.999,-0.04,7.9
2026-02-03 13:58:23,150,228,145,105,58,0.905,0.871,PP,S1,0.940,landmark,,UNMUTE,0,,1,68494,3ch,67,brightness,4.4,,homography,0.999,-0.04,7.9
2026-02-03 13:58:23,150,228,145,105,58,0.905,0.871,PP,S1,0.940,landmark,,UNMUTE,0,,1,69051,3ch,67,brightness,2.9,,homography,0.999,-0.04,7.9
2026-02-03 13:58:23,150,228,145,105,58,0.905,0.871,PP,S1,0.940,landmark,,UNMUTE,0,,1,69048,3ch,66,brightness,1.7,,homography,0.999,-0.04,7.9
2026-02-03 13:58:23,150,228,145,105,58,0.905,0.871,PP,S1,0.940,landmark,,UNMUTE,0,,1,69487,3ch,66,brightness,2.1,,homography,0.999,-0.04,7.9
2026-02-03 13:58:24,150,228,145,105,58,0.905,0.871,PP,S1,0.940,landmark,,UNMUTE,0,,1,69375,3ch,67,brightness,2.7,,homography,0.999,-0.04,7.9
2026-02-03 13:58:24,150,228,145,105,58,0.905,0.871,PP,S1,0.940,landmark,,UNMUTE,0,,1,69370,3ch,67,brightness,1.9,,homography,0.999,-0.04,7.9
2026-02-03 13:58:24,150,228,145,105,58,0.905,0.871,PP,S1,0.940,landmark,,UNMUTE,0,,1,70141,3ch,67,brightness,1.7,,homography,0.999,-0.04,7.9
2026-02-03 13:58:24,150,228,145,105,58,0.905,0.871,PP,S1,0.940,landmark,,UNMUTE,0,,1,69769,3ch,67,brightness,2.0,,homography,0.999,-0.04,7.9
2026-02-03 13:58:24,150,228,145,105,58,0.905,0.871,PP,S1,0.940,landmark,,UNMUTE,0,,1,70654,3ch,67,brightness,2.1,,homography,0.999,-0.04,7.9
2026-02-03 13:58:24,150,228,145,105,58,0.905,0.871,PP,S1,0.940,landmark,,UNMUTE,0,,1,71013,3ch,67,brightness,2.7,,homography,0.999,-0.04,7.9
2026-02-03 13:58:24,150,228,145,105,58,0.905,0.871,PP,S1,0.940,landmark,,UNMUTE,0,,1,71517,3ch,67,brightness,5.5,,homography,0.999,-0.04,7.9
2026-02-03 13:58:24,150,228,145,105,58,0.905,0.871,PP,S1,0.940,landmark,,UNMUTE,0,,1,71761,3ch,67,brightness,1.8,,homography,0.999,-0.04,7.9
2026-02-03 13:58:24,150,228,145,105,58,0.905,0.871,PP,S1,0.940,landmark,,UNMUTE,0,,1,71804,3ch,67,brightness,2.2,,homography,0.999,-0.04,7.9
2026-02-03 13:58:24,150,228,145,105,58,0.905,0.871,PP,S1,0.940,landmark,,UNMUTE,0,,1,71762,3ch,67,brightness,3.2,,homography,0.999,-0.04,7.9
2026-02-03 13:58:24,150,228,145,105,58,0.905,0.871,PP,S1,0.940,landmark,,UNMUTE,0,,1,43496,3ch,61,brightness,2.0,,homography,0.999,-0.04,7.9
2026-02-03 13:58:24,150,228,145,105,58,0.905,0.871,PP,S1,0.940,landmark,,UNMUTE,0,,1,50251,3ch,61,brightness,2.3,,homography,0.999,-0.04,7.9
2026-02-03 13:58:24,150,228,145,105,58,0.905,0.871,PP,S1,0.940,landmark,,UNMUTE,0,,1,53418,3ch,61,brightness,2.1,,homography,0.999,-0.04,7.9
2026-02-03 13:58:24,150,228,145,105,58,0.905,0.871,PP,S1,0.940,landmark,,UNMUTE,0,,1,54074,3ch,61,brightness,1.9,,homography,0.999,-0.04,7.9
2026-02-03 13:58:25,150,228,145,105,58,0.905,0.871,PP,S1,0.940,landmark,,UNMUTE,0,,1,56428,3ch,61,brightness,2.7,,homography,0.999,-0.04,7.9
2026-02-03 13:58:25,150,228,145,105,58,0.905,0.871,PP,S1,0.940,landmark,,UNMUTE,0,,1,58657,3ch,63,brightness,4.0,,homography,0.999,-0.04,7.9
2026-02-03 13:58:25,150,228,145,105,58,0.905,0.871,PP,S1,0.940,landmark,,UNMUTE,0,,1,58996,3ch,65,brightness,2.1,,homography,0.999,-0.04,7.9
2026-02-03 13:58:25,150,228,145,105,58,0.905,0.871,PP,S1,0.940,landmark,,UNMUTE,0,,1,60950,3ch,65,brightness,1.7,,homography,0.999,-0.04,7.9
2026-02-03 13:58:25,150,228,145,105,58,0.905,0.871,PP,S1,0.940,landmark,,UNMUTE,0,,1,62102,3ch,66,brightness,2.8,,homography,0.999,-0.04,7.9
2026-02-03 13:58:25,150,228,145,105,58,0.905,0.871,PP,S1,0.940,landmark,,UNMUTE,0,,1,62963,3ch,66,brightness,2.1,,homography,0.999,-0.04,7.9
2026-02-03 13:58:25,150,228,145,105,58,0.905,0.871,PP,S1,0.940,landmark,,UNMUTE,0,,1,64597,3ch,66,brightness,2.8,,homography,0.999,-0.04,7.9
2026-02-03 13:58:25,150,228,145,105,58,0.905,0.871,PP,S1,0.940,landmark,,UNMUTE,0,,1,64990,3ch,67,brightness,2.0,,homography,0.999,-0.04,7.9
2026-02-03 13:58:25,150,228,145,105,58,0.905,0.871,PP,S1,0.940,landmark,,UNMUTE,0,,1,64916,3ch,67,brightness,1.6,,homography,0.999,-0.04,7.9
2026-02-03 13:58:25,150,228,145,105,58,0.905,0.871,PP,S1,0.940,landmark,,UNMUTE,0,,1,65965,3ch,67,brightness,2.8,,homography,0.999,-0.04,7.9
2026-02-03 13:58:25,150,228,145,105,58,0.905,0.871,PP,S1,0.940,landmark,,UNMUTE,0,,1,66400,3ch,67,brightness,4.9,,homography,0.999,-0.04,7.9
2026-02-03 13:58:25,150,228,145,105,58,0.905,0.871,PP,S1,0.940,landmark,,UNMUTE,0,,1,65659,3ch,67,brightness,3.8,,homography,0.999,-0.04,7.9
2026-02-03 13:58:25,150,228,145,105,58,0.905,0.871,PP,S1,0.940,landmark,,UNMUTE,0,,1,66312,3ch,66,brightness,1.7,,homography,0.999,-0.04,7.9
2026-02-03 13:58:25,150,228,145,105,58,0.905,0.871,PP,S1,0.940,landmark,,UNMUTE,0,,1,66481,3ch,66,brightness,2.3,,homography,0.999,-0.04,7.9
2026-02-03 13:58:25,150,228,145,105,58,0.905,0.871,PP,S1,0.940,landmark,,UNMUTE,0,,1,65960,3ch,66,brightness,1.6,,homography,0.999,-0.04,7.9
2026-02-03 13:58:26,150,228,145,105,58,0.905,0.871,PP,S1,0.940,landmark,,UNMUTE,0,,1,66682,3ch,66,brightness,2.3,,homography,0.999,-0.04,7.9
2026-02-03 13:58:26,150,228,145,105,58,0.905,0.871,PP,S1,0.940,landmark,,UNMUTE,0,,1,66780,3ch,68,brightness,1.7,,homography,0.999,-0.04,7.9
2026-02-03 13:58:26,150,228,145,105,58,0.905,0.871,PP,S1,0.940,landmark,,UNMUTE,0,,1,67559,3ch,68,brightness,1.7,,homography,0.999,-0.04,7.9
2026-02-03 13:58:26,150,228,145,105,58,0.905,0.871,PP,S1,0.940,landmark,,UNMUTE,0,,1,67942,3ch,68,brightness,2.9,,homography,0.999,-0.04,7.9
2026-02-03 13:58:26,150,228,145,105,58,0.905,0.871,PP,S1,0.940,landmark,,UNMUTE,0,,1,66747,3ch,68,brightness,3.3,,homography,0.999,-0.04,7.9
2026-02-03 13:58:26,150,228,145,105,58,0.905,0.871,PP,S1,0.940,landmark,,UNMUTE,0,,1,67797,3ch,68,brightness,7.1,,homography,0.999,-0.04,7.9
2026-02-03 13:58:26,150,228,145,105,58,0.905,0.871,PP,S1,0.940,landmark,,UNMUTE,0,,1,68473,3ch,68,brightness,1.5,,homography,0.999,-0.04,7.9
2026-02-03 13:58:26,150,228,145,105,58,0.905,0.871,PP,S1,0.940,landmark,,UNMUTE,0,,1,69362,3ch,68,brightness,2.2,,homography,0.999,-0.04,7.9
2026-02-03 13:58:26,150,228,145,105,58,0.905,0.871,PP,S1,0.940,landmark,,UNMUTE,0,,1,69537,3ch,68,brightness,1.6,,homography,0.999,-0.04,7.9
2026-02-03 13:58:26,150,228,145,105,58,0.905,0.871,PP,S1,0.940,landmark,,UNMUTE,0,,1,70459,3ch,68,brightness,2.1,,homography,0.999,-0.04,7.9
2026-02-03 13:58:26,150,228,145,105,58,0.905,0.871,PP,S1,0.940,landmark,,UNMUTE,0,,1,70288,3ch,68,brightness,1.9,,homography,0.999,-0.04,7.9
2026-02-03 13:58:26,150,228,145,105,58,0.905,0.871,PP,S1,0.940,landmark,,UNMUTE,0,,1,38375,3ch,63,brightness,1.9,,homography,0.999,-0.04,7.9
2026-02-03 13:58:26,150,228,145,105,58,0.905,0.871,PP,S1,0.940,landmark,,UNMUTE,0,,1,48400,3ch,63,brightness,2.1,,homography,0.999,-0.04,7.9
2026-02-03 13:58:26,150,228,145,105,58,0.905,0.871,PP,S1,0.940,landmark,,UNMUTE,0,,1,50347,3ch,63,brightness,2.8,,homography,0.999,-0.04,7.9
2026-02-03 13:58:26,150,228,145,105,58,0.905,0.871,PP,S1,0.940,landmark,,UNMUTE,0,,1,53860,3ch,63,brightness,2.9,,homography,0.999,-0.04,7.9
2026-02-03 13:58:27,150,228,145,105,58,0.905,0.871,PP,S1,0.940,landmark,,UNMUTE,0,,1,57333,3ch,63,brightness,1.7,,homography,0.999,-0.04,7.9
2026-02-03 13:58:27,150,228,145,105,58,0.905,0.871,PP,S1,0.940,landmark,,UNMUTE,0,,1,58606,3ch,63,brightness,2.1,,homography,0.999,-0.04,7.9
2026-02-03 13:58:27,150,228,145,105,58,0.905,0.871,PP,S1,0.940,landmark,,UNMUTE,0,,1,59193,3ch,63,brightness,1.4,,homography,0.999,-0.04,7.9
2026-02-03 13:58:27,150,228,145,105,58,0.905,0.871,PP,S1,0.940,landmark,,UNMUTE,0,,1,59748,3ch,63,brightness,2.0,,homography,0.999,-0.04,7.9
2026-02-03 13:58:27,150,228,145,105,58,0.905,0.871,PP,S1,0.940,landmark,,UNMUTE,0,,1,61015,3ch,63,brightness,1.9,,homography,0.999,-0.04,7.9
2026-02-03 13:58:27,150,228,145,105,58,0.905,0.871,PP,S1,0.940,landmark,,UNMUTE,0,,1,61890,3ch,63,brightness,2.2,,homography,0.999,-0.04,7.9
2026-02-03 13:58:27,150,228,145,105,58,0.905,0.871,PP,S1,0.940,landmark,,UNMUTE,0,,1,62491,3ch,65,brightness,2.8,,homography,0.999,-0.04,7.9
2026-02-03 13:58:27,150,228,145,105,58,0.905,0.871,PP,S1,0.940,landmark,,UNMUTE,0,,1,63491,3ch,65,brightness,2.7,,homography,0.999,-0.04,7.9
2026-02-03 13:58:27,150,228,145,105,58,0.905,0.871,PP,S1,0.940,landmark,,UNMUTE,0,,1,63389,3ch,65,brightness,5.2,,homography,0.999,-0.04,7.9
2026-02-03 13:58:27,150,228,145,105,58,0.905,0.871,PP,S1,0.940,landmark,,UNMUTE,0,,1,65799,3ch,65,brightness,1.7,,homography,0.999,-0.04,7.9
2026-02-03 13:58:27,150,228,145,105,58,0.905,0.871,PP,S1,0.940,landmark,,UNMUTE,0,,1,66872,3ch,69,brightness,2.1,,homography,0.999,-0.04,7.9
2026-02-03 13:58:27,150,228,145,105,58,0.905,0.871,PP,S1,0.940,landmark,,UNMUTE,0,,1,67647,3ch,69,brightness,2.0,,homography,0.999,-0.04,7.9
2026-02-03 13:58:27,150,228,145,105,58,0.905,0.871,PP,S1,0.940,landmark,,UNMUTE,0,,1,67491,3ch,69,brightness,2.0,,homography,0.999,-0.04,7.9
2026-02-03 13:58:27,150,228,145,105,58,0.905,0.871,PP,S1,0.940,landmark,,UNMUTE,0,,1,68039,3ch,69,brightness,2.5,,homography,0.999,-0.04,7.9
2026-02-03 13:58:27,150,228,145,105,58,0.905,0.871,PP,S1,0.940,landmark,,UNMUTE,0,,1,68814,3ch,69,brightness,2.1,,homography,0.999,-0.04,7.9
2026-02-03 13:58:28,150,228,145,105,58,0.905,0.871,PP,S1,0.940,landmark,,UNMUTE,0,,1,68983,3ch,69,brightness,1.7,,homography,0.999,-0.04,7.9
2026-02-03 13:58:28,150,228,145,105,58,0.905,0.871,PP,S1,0.940,landmark,,UNMUTE,0,,1,68885,3ch,68,brightness,2.8,,homography,0.999,-0.04,7.9
2026-02-03 13:58:28,150,228,145,105,58,0.905,0.871,PP,S1,0.940,landmark,,UNMUTE,0,,1,68997,3ch,68,brightness,4.2,,homography,0.999,-0.04,7.9
2026-02-03 13:58:28,150,228,145,105,58,0.905,0.871,PP,S1,0.940,landmark,,UNMUTE,0,,1,68866,3ch,68,brightness,2.3,,homography,0.999,-0.04,7.9
2026-02-03 13:58:28,150,228,145,105,58,0.905,0.871,PP,S1,0.940,landmark,,UNMUTE,0,,1,69616,3ch,68,brightness,2.1,,homography,0.999,-0.04,7.9
2026-02-03 13:58:28,150,228,145,105,58,0.905,0.871,PP,S1,0.940,landmark,,UNMUTE,0,,1,69776,3ch,68,brightness,1.9,,homography,0.999,-0.04,7.9
2026-02-03 13:58:28,150,228,145,105,58,0.905,0.871,PP,S1,0.940,landmark,,UNMUTE,0,,1,69410,3ch,68,brightness,2.0,,homography,0.999,-0.04,7.9
2026-02-03 13:58:28,150,228,145,105,58,0.905,0.871,PP,S1,0.940,landmark,,UNMUTE,0,,1,69546,3ch,68,brightness,2.3,,homography,0.999,-0.04,7.9
2026-02-03 13:58:28,150,228,145,105,58,0.905,0.871,PP,S1,0.940,landmark,,UNMUTE,0,,1,70288,3ch,68,brightness,2.1,,homography,0.999,-0.04,7.9
2026-02-03 13:58:28,150,228,145,105,58,0.905,0.871,PP,S1,0.940,landmark,,UNMUTE,0,,1,69933,3ch,68,brightness,2.1,,homography,0.999,-0.04,7.9
2026-02-03 13:58:28,150,228,145,105,58,0.905,0.871,PP,S1,0.940,landmark,,UNMUTE,0,,1,69519,3ch,68,brightness,2.9,,homography,0.999,-0.04,7.9
2026-02-03 13:58:28,150,228,145,105,58,0.905,0.871,PP,S1,0.940,landmark,,UNMUTE,0,,1,45353,3ch,62,brightness,5.2,,homography,0.999,-0.04,7.9
2026-02-03 13:58:28,150,228,145,105,58,0.905,0.871,PP,S1,0.940,landmark,,UNMUTE,0,,1,53983,3ch,62,brightness,2.7,,homography,0.999,-0.04,7.9
2026-02-03 13:58:28,150,228,145,105,58,0.905,0.871,PP,S1,0.940,landmark,,UNMUTE,0,,1,56139,3ch,63,brightness,1.6,,homography,0.999,-0.04,7.9
2026-02-03 13:58:28,150,228,145,105,58,0.905,0.871,PP,S1,0.940,landmark,,UNMUTE,0,,1,57526,3ch,65,brightness,2.8,,homography,0.999,-0.04,7.9
2026-02-03 13:58:28,150,228,145,105,58,0.905,0.871,PP,S1,0.940,landmark,,UNMUTE,0,,1,58313,3ch,65,brightness,1.6,,homography,0.999,-0.04,7.9
2026-02-03 13:58:29,150,228,145,105,58,0.905,0.871,PP,S1,0.940,landmark,,UNMUTE,0,,1,59647,3ch,65,brightness,2.4,,homography,0.999,-0.04,7.9
2026-02-03 13:58:29,150,228,145,105,58,0.905,0.871,PP,S1,0.940,landmark,,UNMUTE,0,,1,61062,3ch,65,brightness,2.1,,homography,0.999,-0.04,7.9
2026-02-03 13:58:29,150,228,145,105,58,0.905,0.871,PP,S1,0.940,landmark,,UNMUTE,0,,1,62511,3ch,65,brightness,2.2,,homography,0.999,-0.04,7.9
2026-02-03 13:58:29,150,228,145,105,58,0.905,0.871,PP,S1,0.940,landmark,,UNMUTE,0,,1,64070,3ch,65,brightness,3.0,,homography,0.999,-0.04,7.9
2026-02-03 13:58:29,150,228,145,105,58,0.905,0.871,PP,S1,0.940,landmark,,UNMUTE,0,,1,64862,3ch,65,brightness,4.2,,homography,0.999,-0.04,7.9
2026-02-03 13:58:29,150,228,145,105,58,0.905,0.871,PP,S1,0.940,landmark,,UNMUTE,0,,1,64952,3ch,65,brightness,4.2,,homography,0.999,-0.04,7.9
2026-02-03 13:58:29,150,228,145,105,58,0.905,0.871,PP,S1,0.940,landmark,,UNMUTE,0,,1,65778,3ch,65,brightness,1.7,,homography,0.999,-0.04,7.9
2026-02-03 13:58:29,150,228,145,105,58,0.905,0.871,PP,S1,0.940,landmark,,UNMUTE,0,,1,65745,3ch,65,brightness,2.5,,homography,0.999,-0.04,7.9
2026-02-03 13:58:29,150,228,145,105,58,0.905,0.871,PP,S1,0.940,landmark,,UNMUTE,0,,1,66357,3ch,65,brightness,1.7,,homography,0.999,-0.04,7.9
2026-02-03 13:58:29,150,228,145,105,58,0.905,0.871,PP,S1,0.940,landmark,,UNMUTE,0,,1,67322,3ch,65,brightness,2.3,,homography,0.999,-0.04,7.9
2026-02-03 13:58:29,150,228,145,105,58,0.905,0.871,PP,S1,0.940,landmark,,UNMUTE,0,,1,67108,3ch,65,brightness,2.1,,homography,0.999,-0.04,7.9
2026-02-03 13:58:29,150,228,145,105,58,0.905,0.871,PP,S1,0.940,landmark,,UNMUTE,0,,1,67333,3ch,65,brightness,1.9,,homography,0.999,-0.04,7.9
2026-02-03 13:58:29,150,228,145,105,58,0.905,0.871,PP,S1,0.940,landmark,,UNMUTE,0,,1,68549,3ch,65,brightness,2.4,,homography,0.999,-0.04,7.9
2026-02-03 13:58:29,150,228,145,105,58,0.905,0.871,PP,S1,0.940,landmark,,UNMUTE,0,,1,68593,3ch,65,brightness,2.7,,homography,0.999,-0.04,7.9
2026-02-03 13:58:30,150,228,145,105,58,0.905,0.871,PP,S1,0.940,landmark,,UNMUTE,0,,1,68950,3ch,65,brightness,7.0,,homography,0.999,-0.04,7.9
2026-02-03 13:58:30,150,228,145,105,58,0.905,0.871,PP,S1,0.940,landmark,,UNMUTE,0,,1,68196,3ch,65,brightness,1.4,,homography,0.999,-0.04,7.9
2026-02-03 13:58:30,150,228,145,105,58,0.905,0.871,PP,S1,0.940,landmark,,UNMUTE,0,,1,68587,3ch,67,brightness,1.6,,homography,0.999,-0.04,7.9
2026-02-03 13:58:30,150,228,145,105,58,0.905,0.871,PP,S1,0.940,landmark,,UNMUTE,0,,1,68635,3ch,65,brightness,1.6,,homography,0.999,-0.04,7.9
2026-02-03 13:58:30,150,228,145,105,58,0.905,0.871,PP,S1,0.940,landmark,,UNMUTE,0,,1,68821,3ch,66,brightness,1.7,,homography,0.999,-0.04,7.9
2026-02-03 13:58:30,150,228,145,105,58,0.905,0.871,PP,S1,0.940,landmark,,UNMUTE,0,,1,68520,3ch,66,brightness,2.1,,homography,0.999,-0.04,7.9
2026-02-03 13:58:30,150,228,145,105,58,0.905,0.871,PP,S1,0.940,landmark,,UNMUTE,0,,1,69182,3ch,67,brightness,2.2,,homography,0.999,-0.04,7.9
2026-02-03 13:58:30,150,228,145,105,58,0.905,0.871,PP,S1,0.940,landmark,,UNMUTE,0,,1,69996,3ch,67,brightness,2.8,,homography,0.999,-0.04,7.9
2026-02-03 13:58:30,150,228,145,105,58,0.905,0.871,PP,S1,0.940,landmark,,UNMUTE,0,,1,69661,3ch,67,brightness,4.0,,homography,0.999,-0.04,7.9
2026-02-03 13:58:30,150,228,145,105,58,0.905,0.871,PP,S1,0.940,landmark,,UNMUTE,0,,1,69607,3ch,67,brightness,3.0,,homography,0.999,-0.04,7.9
2026-02-03 13:58:30,150,228,145,105,58,0.905,0.871,PP,S1,0.940,landmark,,UNMUTE,0,,1,69974,3ch,67,brightness,2.0,,homography,0.999,-0.04,7.9
2026-02-03 13:58:30,150,228,145,105,58,0.905,0.871,PP,S1,0.940,landmark,,UNMUTE,0,,1,43400,3ch,61,brightness,2.0,,homography,0.999,-0.04,7.9
2026-02-03 13:58:30,150,228,145,105,58,0.905,0.871,PP,S1,0.940,landmark,,UNMUTE,0,,1,49489,3ch,61,brightness,1.6,,homography,0.999,-0.04,7.9
2026-02-03 13:58:30,150,228,145,105,58,0.905,0.871,PP,S1,0.940,landmark,,UNMUTE,0,,1,53765,3ch,62,brightness,3.1,,homography,0.999,-0.04,7.9
2026-02-03 13:58:30,150,228,145,105,58,0.905,0.871,PP,S1,0.940,landmark,,UNMUTE,0,,1,54699,3ch,62,brightness,1.5,,homography,0.999,-0.04,7.9
2026-02-03 13:58:31,150,228,145,105,58,0.905,0.871,PP,S1,0.940,landmark,,UNMUTE,0,,1,57122,3ch,62,brightness,1.8,,homography,0.999,-0.04,7.9
2026-02-03 13:58:31,150,228,145,105,58,0.905,0.871,PP,S1,0.940,landmark,,UNMUTE,0,,1,58581,3ch,62,brightness,1.3,,homography,0.999,-0.04,7.9
2026-02-03 13:58:31,150,228,145,105,58,0.905,0.871,PP,S1,0.940,landmark,,UNMUTE,0,,1,60110,3ch,62,brightness,1.3,,homography,0.999,-0.04,7.9
2026-02-03 13:58:31,150,228,145,105,58,0.905,0.871,PP,S1,0.940,landmark,,UNMUTE,0,,1,61219,3ch,62,brightness,4.5,,homography,0.999,-0.04,7.9
2026-02-03 13:58:31,150,228,145,105,58,0.905,0.871,PP,S1,0.940,landmark,,UNMUTE,0,,1,62886,3ch,63,brightness,1.3,,homography,0.999,-0.04,7.9
2026-02-03 13:58:31,150,228,145,105,58,0.905,0.871,PP,S1,0.940,landmark,,UNMUTE,0,,1,63219,3ch,63,brightness,3.6,,homography,0.999,-0.04,7.9
2026-02-03 13:58:31,150,228,145,105,58,0.905,0.871,PP,S1,0.940,landmark,,UNMUTE,0,,1,63815,3ch,65,brightness,1.2,,homography,0.999,-0.04,7.9
2026-02-03 13:58:31,150,228,145,105,58,0.905,0.871,PP,S1,0.940,landmark,,UNMUTE,0,,1,64148,3ch,65,brightness,4.9,,homography,0.999,-0.04,7.9
2026-02-03 13:58:31,150,228,145,105,58,0.905,0.871,PP,S1,0.940,landmark,,UNMUTE,0,,1,64095,3ch,67,brightness,1.2,,homography,0.999,-0.04,7.9
2026-02-03 13:58:31,150,228,145,105,58,0.905,0.871,PP,S1,0.940,landmark,,UNMUTE,0,,1,64608,3ch,68,brightness,7.3,,homography,0.999,-0.04,7.9
2026-02-03 13:58:31,150,228,145,105,58,0.905,0.871,PP,S1,0.940,landmark,,UNMUTE,0,,1,65076,3ch,68,brightness,2.4,,homography,0.999,-0.04,7.9
2026-02-03 13:58:31,150,228,145,105,58,0.905,0.871,PP,S1,0.940,landmark,,UNMUTE,0,,1,65510,3ch,68,brightness,3.2,,homography,0.999,-0.04,7.9
2026-02-03 13:58:31,150,228,145,105,58,0.905,0.871,PP,S1,0.940,landmark,,UNMUTE,0,,1,65804,3ch,68,brightness,5.1,,homography,0.999,-0.04,7.9
2026-02-03 13:58:31,150,228,145,105,58,0.905,0.871,PP,S1,0.940,landmark,,UNMUTE,0,,1,65932,3ch,69,brightness,1.4,,homography,0.999,-0.04,7.9
2026-02-03 13:58:31,150,228,145,105,58,0.905,0.871,PP,S1,0.940,landmark,,UNMUTE,0,,1,65713,3ch,69,brightness,3.0,,homography,0.999,-0.04,7.9
2026-02-03 13:58:32,150,228,145,105,58,0.905,0.871,PP,S1,0.940,landmark,,UNMUTE,0,,1,65531,3ch,67,brightness,1.2,,homography,0.999,-0.04,7.9
2026-02-03 13:58:32,150,228,145,105,58,0.905,0.871,PP,S1,0.940,landmark,,UNMUTE,0,,1,65749,3ch,67,brightness,3.1,,homography,0.999,-0.04,7.9
2026-02-03 13:58:32,150,228,145,105,58,0.905,0.871,PP,S1,0.940,landmark,,UNMUTE,0,,1,65934,3ch,67,brightness,2.6,,homography,0.999,-0.04,7.9
2026-02-03 13:58:32,150,228,145,105,58,0.905,0.871,PP,S1,0.940,landmark,,UNMUTE,0,,1,66714,3ch,67,brightness,2.4,,homography,0.999,-0.04,7.9
2026-02-03 13:58:32,150,228,145,105,58,0.905,0.871,PP,S1,0.940,landmark,,UNMUTE,0,,1,66682,3ch,67,brightness,2.9,,homography,0.999,-0.04,7.9
2026-02-03 13:58:32,150,228,145,105,58,0.905,0.871,PP,S1,0.940,landmark,,UNMUTE,0,,1,69660,3ch,67,brightness,2.9,,homography,0.999,-0.04,7.9
2026-02-03 13:58:32,150,228,145,105,58,0.905,0.871,PP,S1,0.940,landmark,,UNMUTE,0,,1,69489,3ch,67,brightness,3.3,,homography,0.999,-0.04,7.9
2026-02-03 13:58:32,150,228,145,105,58,0.905,0.871,PP,S1,0.940,landmark,,UNMUTE,0,,1,69092,3ch,66,brightness,2.0,,homography,0.999,-0.04,7.9
2026-02-03 13:58:32,150,228,145,105,58,0.905,0.871,PP,S1,0.940,landmark,,UNMUTE,0,,1,69742,3ch,66,brightness,2.1,,homography,0.999,-0.04,7.9
2026-02-03 13:58:32,150,228,145,105,58,0.905,0.871,PP,S1,0.940,landmark,,UNMUTE,0,,1,70598,3ch,66,brightness,1.5,,homography,0.999,-0.04,7.9
2026-02-03 13:58:32,150,228,145,105,58,0.905,0.871,PP,S1,0.940,landmark,,UNMUTE,0,,1,71007,3ch,67,brightness,1.8,,homography,0.999,-0.04,7.9
2026-02-03 13:58:32,150,228,145,105,58,0.905,0.871,PP,S1,0.940,landmark,,UNMUTE,0,,1,41071,3ch,62,brightness,2.2,,homography,0.999,-0.04,7.9
2026-02-03 13:58:32,150,228,145,105,58,0.905,0.871,PP,S1,0.940,landmark,,UNMUTE,0,,1,50279,3ch,62,brightness,2.1,,homography,0.999,-0.04,7.9
2026-02-03 13:58:32,150,228,145,105,58,0.905,0.871,PP,S1,0.940,landmark,,UNMUTE,0,,1,53654,3ch,62,brightness,1.8,,homography,0.999,-0.04,7.9
2026-02-03 13:58:32,150,228,145,105,58,0.905,0.871,PP,S1,0.940,landmark,,UNMUTE,0,,1,55525,3ch,62,brightness,2.3,,homography,0.999,-0.04,7.9
2026-02-03 13:58:33,150,228,145,105,58,0.905,0.871,PP,S1,0.940,landmark,,UNMUTE,0,,1,58156,3ch,62,brightness,3.5,,homography,0.999,-0.04,7.9
2026-02-03 13:58:33,150,228,145,105,58,0.905,0.871,PP,S1,0.940,landmark,,UNMUTE,0,,1,58577,3ch,62,brightness,2.2,,homography,0.999,-0.04,7.9
2026-02-03 13:58:33,150,228,145,105,58,0.905,0.871,PP,S1,0.940,landmark,,UNMUTE,0,,1,58831,3ch,64,brightness,2.1,,homography,0.999,-0.04,7.9
2026-02-03 13:58:33,150,228,145,105,58,0.905,0.871,PP,S1,0.940,landmark,,UNMUTE,0,,1,60794,3ch,64,brightness,2.1,,homography,0.999,-0.04,7.9
2026-02-03 13:58:33,150,228,145,105,58,0.905,0.871,PP,S1,0.940,landmark,,UNMUTE,0,,1,61347,3ch,64,brightness,1.8,,homography,0.999,-0.04,7.9
2026-02-03 13:58:33,150,228,145,105,58,0.905,0.871,PP,S1,0.940,landmark,,UNMUTE,0,,1,62550,3ch,64,brightness,2.8,,homography,0.999,-0.04,7.9
2026-02-03 13:58:33,150,228,145,105,58,0.905,0.871,PP,S1,0.940,landmark,,UNMUTE,0,,1,63325,3ch,64,brightness,1.9,,homography,0.999,-0.04,7.9
2026-02-03 13:58:33,150,228,145,105,58,0.905,0.871,PP,S1,0.940,landmark,,UNMUTE,0,,1,64852,3ch,66,brightness,2.1,,homography,0.999,-0.04,7.9
2026-02-03 13:58:33,150,228,145,105,58,0.905,0.871,PP,S1,0.940,landmark,,UNMUTE,0,,1,65704,3ch,65,brightness,2.9,,homography,0.999,-0.04,7.9
2026-02-03 13:58:33,150,228,145,105,58,0.905,0.871,PP,S1,0.940,landmark,,UNMUTE,0,,1,67550,3ch,65,brightness,6.0,,homography,0.999,-0.04,7.9
2026-02-03 13:58:33,150,228,145,105,58,0.905,0.871,PP,S1,0.940,landmark,,UNMUTE,0,,1,68073,3ch,65,brightness,2.5,,homography,0.999,-0.04,7.9
2026-02-03 13:58:33,150,228,145,105,58,0.905,0.871,PP,S1,0.940,landmark,,UNMUTE,0,,1,68216,3ch,65,brightness,1.9,,homography,0.999,-0.04,7.9
2026-02-03 13:58:33,150,228,145,105,58,0.905,0.871,PP,S1,0.940,landmark,,UNMUTE,0,,1,68242,3ch,67,brightness,2.1,,homography,0.999,-0.04,7.9
2026-02-03 13:58:33,150,228,145,105,58,0.905,0.871,PP,S1,0.940,landmark,,UNMUTE,0,,1,68508,3ch,67,brightness,2.1,,homography,0.999,-0.04,7.9
2026-02-03 13:58:33,150,228,145,105,58,0.905,0.871,PP,S1,0.940,landmark,,UNMUTE,0,,1,68726,3ch,67,brightness,2.7,,homography,0.999,-0.04,7.9
2026-02-03 13:58:34,150,228,145,105,58,0.905,0.871,PP,S1,0.940,landmark,,UNMUTE,0,,1,68859,3ch,67,brightness,1.8,,homography,0.999,-0.04,7.9
2026-02-03 13:58:34,150,228,145,105,58,0.905,0.871,PP,S1,0.940,landmark,,UNMUTE,0,,1,69751,3ch,67,brightness,2.0,,homography,0.999,-0.04,7.9
2026-02-03 13:58:34,150,228,145,105,58,0.905,0.871,PP,S1,0.940,landmark,,UNMUTE,0,,1,69660,3ch,67,brightness,2.0,,homography,0.999,-0.04,7.9
2026-02-03 13:58:34,150,228,145,105,58,0.905,0.871,PP,S1,0.940,landmark,,UNMUTE,0,,1,69394,3ch,67,brightness,3.5,,homography,0.999,-0.04,7.9
2026-02-03 13:58:34,150,228,145,105,58,0.905,0.871,PP,S1,0.940,landmark,,UNMUTE,0,,1,69373,3ch,67,brightness,3.2,,homography,0.999,-0.04,7.9
2026-02-03 13:58:34,150,228,145,105,58,0.905,0.871,PP,S1,0.940,landmark,,UNMUTE,0,,1,70030,3ch,67,brightness,1.9,,homography,0.999,-0.04,7.9
2026-02-03 13:58:34,150,228,145,105,58,0.905,0.871,PP,S1,0.940,landmark,,UNMUTE,0,,1,70476,3ch,67,brightness,2.5,,homography,0.999,-0.04,7.9
2026-02-03 13:58:34,150,228,145,105,58,0.905,0.871,PP,S1,0.940,landmark,,UNMUTE,0,,1,71132,3ch,67,brightness,1.9,,homography,0.999,-0.04,7.9
2026-02-03 13:58:34,150,228,145,105,58,0.905,0.871,PP,S1,0.940,landmark,,UNMUTE,0,,1,70693,3ch,67,brightness,2.3,,homography,0.999,-0.04,7.9
2026-02-03 13:58:34,150,228,145,105,58,0.905,0.871,PP,S1,0.940,landmark,,UNMUTE,0,,1,70476,3ch,67,brightness,1.9,,homography,0.999,-0.04,7.9
2026-02-03 13:58:34,150,228,145,105,58,0.905,0.871,PP,S1,0.940,landmark,,UNMUTE,0,,1,70736,3ch,67,brightness,2.1,,homography,0.999,-0.04,7.9
2026-02-03 13:58:34,150,228,145,105,58,0.905,0.871,PP,S1,0.940,landmark,,UNMUTE,0,,1,38924,3ch,62,brightness,2.3,,homography,0.999,-0.04,7.9
2026-02-03 13:58:34,150,228,145,105,58,0.905,0.871,PP,S1,0.940,landmark,,UNMUTE,0,,1,48960,3ch,63,brightness,2.6,,homography,0.999,-0.04,7.9
2026-02-03 13:58:34,150,228,145,105,58,0.905,0.871,PP,S1,0.940,landmark,,UNMUTE,0,,1,52042,3ch,63,brightness,4.4,,homography,0.999,-0.04,7.9
2026-02-03 13:58:34,150,228,145,105,58,0.905,0.871,PP,S1,0.940,landmark,,UNMUTE,0,,1,53447,3ch,63,brightness,1.6,,homography,0.999,-0.04,7.9
2026-02-03 13:58:35,150,228,145,105,58,0.905,0.871,PP,S1,0.940,landmark,,UNMUTE,0,,1,55018,3ch,64,brightness,2.0,,homography,0.999,-0.04,7.9
2026-02-03 13:58:35,150,228,145,105,58,0.905,0.871,PP,S1,0.940,landmark,,UNMUTE,0,,1,57280,3ch,64,brightness,1.8,,homography,0.999,-0.04,7.9
2026-02-03 13:58:35,150,228,145,105,58,0.905,0.871,PP,S1,0.940,landmark,,UNMUTE,0,,1,59416,3ch,66,brightness,2.7,,homography,0.999,-0.04,7.9
2026-02-03 13:58:35,150,228,145,105,58,0.905,0.871,PP,S1,0.940,landmark,,UNMUTE,0,,1,60493,3ch,66,brightness,2.0,,homography,0.999,-0.04,7.9
2026-02-03 13:58:35,150,228,145,105,58,0.905,0.871,PP,S1,0.940,landmark,,UNMUTE,0,,1,61397,3ch,67,brightness,1.8,,homography,0.999,-0.04,7.9
2026-02-03 13:58:35,150,228,145,105,58,0.905,0.871,PP,S1,0.940,landmark,,UNMUTE,0,,1,62986,3ch,67,brightness,2.1,,homography,0.999,-0.04,7.9
2026-02-03 13:58:35,150,228,145,105,58,0.905,0.871,PP,S1,0.940,landmark,,UNMUTE,0,,1,64288,3ch,67,brightness,3.3,,homography,0.999,-0.04,7.9
2026-02-03 13:58:35,150,228,145,105,58,0.905,0.871,PP,S1,0.940,landmark,,UNMUTE,0,,1,64860,3ch,67,brightness,5.0,,homography,0.999,-0.04,7.9
2026-02-03 13:58:35,150,228,145,105,58,0.905,0.871,PP,S1,0.940,landmark,,UNMUTE,0,,1,66043,3ch,67,brightness,1.9,,homography,0.999,-0.04,7.9
2026-02-03 13:58:35,150,228,145,105,58,0.905,0.871,PP,S1,0.940,landmark,,UNMUTE,0,,1,67201,3ch,67,brightness,2.4,,homography,0.999,-0.04,7.9
2026-02-03 13:58:35,150,228,145,105,58,0.905,0.871,PP,S1,0.940,landmark,,UNMUTE,0,,1,67160,3ch,67,brightness,1.6,,homography,0.999,-0.04,7.9
2026-02-03 13:58:35,150,228,145,105,58,0.905,0.871,PP,S1,0.940,landmark,,UNMUTE,0,,1,68153,3ch,67,brightness,2.3,,homography,0.999,-0.04,7.9
2026-02-03 13:58:35,150,228,145,105,58,0.905,0.871,PP,S1,0.940,landmark,,UNMUTE,0,,1,69086,3ch,68,brightness,1.8,,homography,0.999,-0.04,7.9
2026-02-03 13:58:35,150,228,145,105,58,0.905,0.871,PP,S1,0.940,landmark,,UNMUTE,0,,1,69165,3ch,68,brightness,2.7,,homography,0.999,-0.04,7.9
2026-02-03 13:58:35,150,228,145,105,58,0.905,0.871,PP,S1,0.940,landmark,,UNMUTE,0,,1,68653,3ch,68,brightness,2.3,,homography,0.999,-0.04,7.9
2026-02-03 13:58:36,150,228,145,105,58,0.905,0.871,PP,S1,0.940,landmark,,UNMUTE,0,,1,69105,3ch,68,brightness,2.7,,homography,0.999,-0.04,7.9
2026-02-03 13:58:36,150,228,145,105,58,0.905,0.871,PP,S1,0.940,landmark,,UNMUTE,0,,1,69371,3ch,66,brightness,4.7,,homography,0.999,-0.04,7.9
2026-02-03 13:58:36,150,228,145,105,58,0.905,0.871,PP,S1,0.940,landmark,,UNMUTE,0,,1,69063,3ch,66,brightness,1.8,,homography,0.999,-0.04,7.9
2026-02-03 13:58:36,150,228,145,105,58,0.905,0.871,PP,S1,0.940,landmark,,UNMUTE,0,,1,69402,3ch,66,brightness,2.1,,homography,0.999,-0.04,7.9
2026-02-03 13:58:36,150,228,145,105,58,0.905,0.871,PP,S1,0.940,landmark,,UNMUTE,0,,1,69456,3ch,66,brightness,1.5,,homography,0.999,-0.04,7.9
2026-02-03 13:58:36,150,228,145,105,58,0.905,0.871,PP,S1,0.940,landmark,,UNMUTE,0,,1,69571,3ch,66,brightness,2.4,,homography,0.999,-0.04,7.9
2026-02-03 13:58:36,150,228,145,105,58,0.905,0.871,PP,S1,0.940,landmark,,UNMUTE,0,,1,69051,3ch,66,brightness,1.7,,homography,0.999,-0.04,7.9
2026-02-03 13:58:36,150,228,145,105,58,0.905,0.871,PP,S1,0.940,landmark,,UNMUTE,0,,1,69166,3ch,67,brightness,2.3,,homography,0.999,-0.04,7.9
2026-02-03 13:58:36,150,228,145,105,58,0.905,0.871,PP,S1,0.940,landmark,,UNMUTE,0,,1,69698,3ch,66,brightness,2.0,,homography,0.999,-0.04,7.9
2026-02-03 13:58:36,150,228,145,105,58,0.905,0.871,PP,S1,0.940,landmark,,UNMUTE,0,,1,70006,3ch,66,brightness,3.2,,homography,0.999,-0.04,7.9
2026-02-03 13:58:36,150,228,145,105,58,0.905,0.871,PP,S1,0.940,landmark,,UNMUTE,0,,1,70077,3ch,66,brightness,4.4,,homography,0.999,-0.04,7.9
2026-02-03 13:58:36,150,228,145,105,58,0.905,0.871,PP,S1,0.940,landmark,,UNMUTE,0,,1,43719,3ch,61,brightness,1.8,,homography,0.999,-0.04,7.9
2026-02-03 13:58:36,150,228,145,105,58,0.905,0.871,PP,S1,0.940,landmark,,UNMUTE,0,,1,49429,3ch,61,brightness,2.4,,homography,0.999,-0.04,7.9
2026-02-03 13:58:36,150,228,145,105,58,0.905,0.871,PP,S1,0.940,landmark,,UNMUTE,0,,1,53895,3ch,61,brightness,1.6,,homography,0.999,-0.04,7.9
2026-02-03 13:58:36,150,228,145,105,58,0.905,0.871,PP,S1,0.940,landmark,,UNMUTE,0,,1,56264,3ch,65,brightness,2.2,,homography,0.999,-0.04,7.9
2026-02-03 13:58:37,150,228,145,105,58,0.905,0.871,PP,S1,0.940,landmark,,UNMUTE,0,,1,58179,3ch,65,brightness,2.0,,homography,0.999,-0.04,7.9
2026-02-03 13:58:37,150,228,145,105,58,0.905,0.871,PP,S1,0.940,landmark,,UNMUTE,0,,1,59780,3ch,65,brightness,2.2,,homography,0.999,-0.04,7.9
2026-02-03 13:58:37,150,228,145,105,58,0.905,0.871,PP,S1,0.940,landmark,,UNMUTE,0,,1,61004,3ch,65,brightness,2.1,,homography,0.999,-0.04,7.9
2026-02-03 13:58:37,150,228,145,105,58,0.905,0.871,PP,S1,0.940,landmark,,UNMUTE,0,,1,61720,3ch,65,brightness,3.4,,homography,0.999,-0.04,7.9
2026-02-03 13:58:37,150,228,145,105,58,0.905,0.871,PP,S1,0.940,landmark,,UNMUTE,0,,1,62693,3ch,65,brightness,4.0,,homography,0.999,-0.04,7.9
2026-02-03 13:58:37,150,228,145,105,58,0.905,0.871,PP,S1,0.940,landmark,,UNMUTE,0,,1,63307,3ch,67,brightness,1.8,,homography,0.999,-0.04,7.9
2026-02-03 13:58:37,150,228,145,105,58,0.905,0.871,PP,S1,0.940,landmark,,UNMUTE,0,,1,64063,3ch,67,brightness,2.3,,homography,0.999,-0.04,7.9
2026-02-03 13:58:37,150,228,145,105,58,0.905,0.871,PP,S1,0.940,landmark,,UNMUTE,0,,1,65447,3ch,67,brightness,1.5,,homography,0.999,-0.04,7.9
2026-02-03 13:58:37,150,228,145,105,58,0.905,0.871,PP,S1,0.940,landmark,,UNMUTE,0,,1,65472,3ch,67,brightness,2.3,,homography,0.999,-0.04,7.9
2026-02-03 13:58:37,150,228,145,105,58,0.905,0.871,PP,S1,0.940,landmark,,UNMUTE,0,,1,67208,3ch,67,brightness,2.0,,homography,0.999,-0.04,7.9
2026-02-03 13:58:37,150,228,145,105,58,0.905,0.871,PP,S1,0.940,landmark,,UNMUTE,0,,1,67685,3ch,67,brightness,2.5,,homography,0.999,-0.04,7.9
2026-02-03 13:58:37,150,228,145,105,58,0.905,0.871,PP,S1,0.940,landmark,,UNMUTE,0,,1,68300,3ch,67,brightness,2.0,,homography,0.999,-0.04,7.9
2026-02-03 13:58:37,150,228,145,105,58,0.905,0.871,PP,S1,0.940,landmark,,UNMUTE,0,,1,68564,3ch,67,brightness,2.8,,homography,0.999,-0.04,7.9
2026-02-03 13:58:37,150,228,145,105,58,0.905,0.871,PP,S1,0.940,landmark,,UNMUTE,0,,1,68895,3ch,67,brightness,5.4,,homography,0.999,-0.04,7.9
2026-02-03 13:58:37,150,228,145,105,58,0.905,0.871,PP,S1,0.940,landmark,,UNMUTE,0,,1,68701,3ch,67,brightness,1.7,,homography,0.999,-0.04,7.9
2026-02-03 13:58:38,150,228,145,105,58,0.905,0.871,PP,S1,0.940,landmark,,UNMUTE,0,,1,69223,3ch,67,brightness,1.8,,homography,0.999,-0.04,7.9
2026-02-03 13:58:38,150,228,145,105,58,0.905,0.871,PP,S1,0.940,landmark,,UNMUTE,0,,1,69882,3ch,67,brightness,1.3,,homography,0.999,-0.04,7.9
2026-02-03 13:58:38,150,228,145,105,58,0.905,0.871,PP,S1,0.940,landmark,,UNMUTE,0,,1,69810,3ch,67,brightness,2.0,,homography,0.999,-0.04,7.9
2026-02-03 13:58:38,150,228,145,105,58,0.905,0.871,PP,S1,0.940,landmark,,UNMUTE,0,,1,70111,3ch,67,brightness,2.3,,homography,0.999,-0.04,7.9
2026-02-03 13:58:38,150,228,145,105,58,0.905,0.871,PP,S1,0.940,landmark,,UNMUTE,0,,1,70295,3ch,67,brightness,2.1,,homography,0.999,-0.04,7.9
2026-02-03 13:58:38,150,228,145,105,58,0.905,0.871,PP,S1,0.940,landmark,,UNMUTE,0,,1,70783,3ch,67,brightness,2.2,,homography,0.999,-0.04,7.9
2026-02-03 13:58:38,150,228,145,105,58,0.905,0.871,PP,S1,0.940,landmark,,UNMUTE,0,,1,70943,3ch,67,brightness,2.8,,homography,0.999,-0.04,7.9
2026-02-03 13:58:38,150,228,145,105,58,0.905,0.871,PP,S1,0.940,landmark,,UNMUTE,0,,1,70911,3ch,67,brightness,4.2,,homography,0.999,-0.04,7.9
2026-02-03 13:58:38,150,228,145,105,58,0.905,0.871,PP,S1,0.940,landmark,,UNMUTE,0,,1,71107,3ch,67,brightness,2.0,,homography,0.999,-0.04,7.9
2026-02-03 13:58:38,150,228,145,105,58,0.905,0.871,PP,S1,0.940,landmark,,UNMUTE,0,,1,71157,3ch,67,brightness,2.1,,homography,0.999,-0.04,7.9
2026-02-03 13:58:38,150,228,145,105,58,0.905,0.871,PP,S1,0.940,landmark,,UNMUTE,0,,1,71406,3ch,67,brightness,1.5,,homography,0.999,-0.04,7.9
2026-02-03 13:58:38,150,228,145,105,58,0.905,0.871,PP,S1,0.940,landmark,,UNMUTE,0,,1,43721,3ch,62,brightness,2.0,,homography,0.999,-0.04,7.9
2026-02-03 13:58:38,150,228,145,105,58,0.905,0.871,PP,S1,0.940,landmark,,UNMUTE,0,,1,51538,3ch,62,brightness,2.3,,homography,0.999,-0.04,7.9
2026-02-03 13:58:38,150,228,145,105,58,0.905,0.871,PP,S1,0.940,landmark,,UNMUTE,0,,1,54295,3ch,62,brightness,2.0,,homography,0.999,-0.04,7.9
2026-02-03 13:58:38,150,228,145,105,58,0.905,0.871,PP,S1,0.940,landmark,,UNMUTE,0,,1,56201,3ch,62,brightness,2.2,,homography,0.999,-0.04,7.9
2026-02-03 13:58:39,150,228,145,105,58,0.905,0.871,PP,S1,0.940,landmark,,UNMUTE,0,,1,58385,3ch,62,brightness,2.9,,homography,0.999,-0.04,7.9
2026-02-03 13:58:39,150,228,145,105,58,0.905,0.871,PP,S1,0.940,landmark,,UNMUTE,0,,1,61261,3ch,64,brightness,4.7,,homography,0.999,-0.04,7.9
2026-02-03 13:58:39,150,228,145,105,58,0.905,0.871,PP,S1,0.940,landmark,,UNMUTE,0,,1,62682,3ch,64,brightness,3.3,,homography,0.999,-0.04,7.9
2026-02-03 13:58:39,150,228,145,105,58,0.905,0.871,PP,S1,0.940,landmark,,UNMUTE,0,,1,63711,3ch,64,brightness,1.9,,homography,0.999,-0.04,7.9
2026-02-03 13:58:39,150,228,145,105,58,0.905,0.871,PP,S1,0.940,landmark,,UNMUTE,0,,1,63863,3ch,63,brightness,1.5,,homography,0.999,-0.04,7.9
2026-02-03 13:58:39,150,228,145,105,58,0.905,0.871,PP,S1,0.940,landmark,,UNMUTE,0,,1,64371,3ch,64,brightness,1.8,,homography,0.999,-0.04,7.9
2026-02-03 13:58:39,150,228,145,105,58,0.905,0.871,PP,S1,0.940,landmark,,UNMUTE,0,,1,66004,3ch,66,brightness,2.7,,homography,0.999,-0.04,7.9
2026-02-03 13:58:39,150,228,145,105,58,0.905,0.871,PP,S1,0.940,landmark,,UNMUTE,0,,1,65468,3ch,66,brightness,1.3,,homography,0.999,-0.04,7.9
2026-02-03 13:58:39,150,228,145,105,58,0.905,0.871,PP,S1,0.940,landmark,,UNMUTE,0,,1,66869,3ch,66,brightness,1.8,,homography,0.999,-0.04,7.9
2026-02-03 13:58:39,150,228,145,105,58,0.905,0.871,PP,S1,0.940,landmark,,UNMUTE,0,,1,68378,3ch,67,brightness,2.4,,homography,0.999,-0.04,7.9
2026-02-03 13:58:39,150,228,145,105,58,0.905,0.871,PP,S1,0.940,landmark,,UNMUTE,0,,1,69370,3ch,67,brightness,5.1,,homography,0.999,-0.04,7.9
2026-02-03 13:58:39,150,228,145,105,58,0.905,0.871,PP,S1,0.940,landmark,,UNMUTE,0,,1,69410,3ch,67,brightness,2.8,,homography,0.999,-0.04,7.9
2026-02-03 13:58:39,150,228,145,105,58,0.905,0.871,PP,S1,0.940,landmark,,UNMUTE,0,,1,68784,3ch,67,brightness,1.7,,homography,0.999,-0.04,7.9
2026-02-03 13:58:39,150,228,145,105,58,0.905,0.871,PP,S1,0.940,landmark,,UNMUTE,0,,1,68491,3ch,66,brightness,2.4,,homography,0.999,-0.04,7.9
2026-02-03 13:58:39,150,228,145,105,58,0.905,0.871,PP,S1,0.940,landmark,,UNMUTE,0,,1,68646,3ch,66,brightness,1.9,,homography,0.999,-0.04,7.9
2026-02-03 13:58:40,150,228,145,105,58,0.905,0.871,PP,S1,0.940,landmark,,UNMUTE,0,,1,69342,3ch,66,brightness,2.5,,homography,0.999,-0.04,7.9
2026-02-03 13:58:40,150,228,145,105,58,0.905,0.871,PP,S1,0.940,landmark,,UNMUTE,0,,1,69221,3ch,67,brightness,1.9,,homography,0.999,-0.04,7.9
2026-02-03 13:58:40,150,228,145,105,58,0.905,0.871,PP,S1,0.940,landmark,,UNMUTE,0,,1,69494,3ch,67,brightness,2.2,,homography,0.999,-0.04,7.9
2026-02-03 13:58:40,150,228,145,105,58,0.905,0.871,PP,S1,0.940,landmark,,UNMUTE,0,,1,70329,3ch,66,brightness,2.4,,homography,0.999,-0.04,7.9
2026-02-03 13:58:40,150,228,145,105,58,0.905,0.871,PP,S1,0.940,landmark,,UNMUTE,0,,1,70450,3ch,67,brightness,3.5,,homography,0.999,-0.04,7.9
2026-02-03 13:58:40,150,228,145,105,58,0.905,0.871,PP,S1,0.940,landmark,,UNMUTE,0,,1,69958,3ch,67,brightness,5.0,,homography,0.999,-0.04,7.9
2026-02-03 13:58:40,150,228,145,105,58,0.905,0.871,PP,S1,0.940,landmark,,UNMUTE,0,,1,69765,3ch,67,brightness,1.8,,homography,0.999,-0.04,7.9
2026-02-03 13:58:40,150,228,145,105,58,0.905,0.871,PP,S1,0.940,landmark,,UNMUTE,0,,1,70653,3ch,67,brightness,2.2,,homography,0.999,-0.04,7.9
2026-02-03 13:58:40,150,228,145,105,58,0.905,0.871,PP,S1,0.940,landmark,,UNMUTE,0,,1,71311,3ch,67,brightness,1.6,,homography,0.999,-0.04,7.9
2026-02-03 13:58:40,150,228,145,105,58,0.905,0.871,PP,S1,0.940,landmark,,UNMUTE,0,,1,71140,3ch,67,brightness,2.4,,homography,0.999,-0.04,7.9
2026-02-03 13:58:40,150,228,145,105,58,0.905,0.871,PP,S1,0.940,landmark,,UNMUTE,0,,1,71414,3ch,67,brightness,2.0,,homography,0.999,-0.04,7.9
2026-02-03 13:58:40,150,228,145,105,58,0.905,0.871,PP,S1,0.940,landmark,,UNMUTE,0,,1,44859,3ch,62,brightness,2.1,,homography,0.999,-0.04,7.9
2026-02-03 13:58:40,150,228,145,105,58,0.905,0.871,PP,S1,0.940,landmark,,UNMUTE,0,,1,50824,3ch,62,brightness,2.6,,homography,0.999,-0.04,7.9
2026-02-03 13:58:40,150,228,145,105,58,0.905,0.871,PP,S1,0.940,landmark,,UNMUTE,0,,1,54153,3ch,62,brightness,3.2,,homography,0.999,-0.04,7.9
2026-02-03 13:58:40,150,228,145,105,58,0.905,0.871,PP,S1,0.940,landmark,,UNMUTE,0,,1,56328,3ch,62,brightness,4.1,,homography,0.999,-0.04,7.9
2026-02-03 13:58:41,150,228,145,105,58,0.905,0.871,PP,S1,0.940,landmark,,UNMUTE,0,,1,58067,3ch,62,brightness,1.7,,homography,0.999,-0.04,7.9
2026-02-03 13:58:41,150,228,145,105,58,0.905,0.871,PP,S1,0.940,landmark,,UNMUTE,0,,1,59529,3ch,64,brightness,2.1,,homography,0.999,-0.04,7.9
2026-02-03 13:58:41,150,228,145,105,58,0.905,0.871,PP,S1,0.940,landmark,,UNMUTE,0,,1,60861,3ch,64,brightness,1.6,,homography,0.999,-0.04,7.9
2026-02-03 13:58:41,150,228,145,105,58,0.905,0.871,PP,S1,0.940,landmark,,UNMUTE,0,,1,62212,3ch,64,brightness,2.8,,homography,0.999,-0.04,7.9
2026-02-03 13:58:41,150,228,145,105,58,0.905,0.871,PP,S1,0.940,landmark,,UNMUTE,0,,1,63869,3ch,64,brightness,1.8,,homography,0.999,-0.04,7.9
2026-02-03 13:58:41,150,228,145,105,58,0.905,0.871,PP,S1,0.940,landmark,,UNMUTE,0,,1,64969,3ch,64,brightness,2.1,,homography,0.999,-0.04,7.9
2026-02-03 13:58:41,150,228,145,105,58,0.905,0.871,PP,S1,0.940,landmark,,UNMUTE,0,,1,65697,3ch,64,brightness,2.2,,homography,0.999,-0.04,7.9
2026-02-03 13:58:41,150,228,145,105,58,0.905,0.871,PP,S1,0.940,landmark,,UNMUTE,0,,1,66143,3ch,65,brightness,3.9,,homography,0.999,-0.04,7.9
2026-02-03 13:58:41,150,228,145,105,58,0.905,0.871,PP,S1,0.940,landmark,,UNMUTE,0,,1,66109,3ch,65,brightness,5.4,,homography,0.999,-0.04,7.9
2026-02-03 13:58:41,150,228,145,105,58,0.905,0.871,PP,S1,0.940,landmark,,UNMUTE,0,,1,67748,3ch,65,brightness,2.2,,homography,0.999,-0.04,7.9
2026-02-03 13:58:41,150,228,145,105,58,0.905,0.871,PP,S1,0.940,landmark,,UNMUTE,0,,1,68414,3ch,65,brightness,2.1,,homography,0.999,-0.04,7.9
2026-02-03 13:58:41,150,228,145,105,58,0.905,0.871,PP,S1,0.940,landmark,,UNMUTE,0,,1,68534,3ch,65,brightness,1.4,,homography,0.999,-0.04,7.9
2026-02-03 13:58:41,150,228,145,105,58,0.905,0.871,PP,S1,0.940,landmark,,UNMUTE,0,,1,69059,3ch,65,brightness,2.1,,homography,0.999,-0.04,7.9
2026-02-03 13:58:41,150,228,145,105,58,0.905,0.871,PP,S1,0.940,landmark,,UNMUTE,0,,1,68883,3ch,65,brightness,2.3,,homography,0.999,-0.04,7.9
2026-02-03 13:58:41,150,228,145,105,58,0.905,0.871,PP,S1,0.940,landmark,,UNMUTE,0,,1,68192,3ch,65,brightness,2.4,,homography,0.999,-0.04,7.9
2026-02-03 13:58:42,150,228,145,105,58,0.905,0.871,PP,S1,0.940,landmark,,UNMUTE,0,,1,68354,3ch,65,brightness,1.9,,homography,0.999,-0.04,7.9
2026-02-03 13:58:42,150,228,145,105,58,0.905,0.871,PP,S1,0.940,landmark,,UNMUTE,0,,1,68798,3ch,65,brightness,2.8,,homography,0.999,-0.04,7.9
2026-02-03 13:58:42,150,228,145,105,58,0.905,0.871,PP,S1,0.940,landmark,,UNMUTE,0,,1,69703,3ch,65,brightness,2.8,,homography,0.999,-0.04,7.9
2026-02-03 13:58:42,150,228,145,105,58,0.905,0.871,PP,S1,0.940,landmark,,UNMUTE,0,,1,70400,3ch,67,brightness,2.3,,homography,0.999,-0.04,7.9
2026-02-03 13:58:42,150,228,145,105,58,0.905,0.871,PP,S1,0.940,landmark,,UNMUTE,0,,1,70803,3ch,67,brightness,2.1,,homography,0.999,-0.04,7.9
2026-02-03 13:58:42,150,228,145,105,58,0.905,0.871,PP,S1,0.940,landmark,,UNMUTE,0,,1,71267,3ch,67,brightness,1.5,,homography,0.999,-0.04,7.9
2026-02-03 13:58:42,150,228,145,105,58,0.905,0.871,PP,S1,0.940,landmark,,UNMUTE,0,,1,71351,3ch,67,brightness,2.0,,homography,0.999,-0.04,7.9
2026-02-03 13:58:42,150,228,145,105,58,0.905,0.871,PP,S1,0.940,landmark,,UNMUTE,0,,1,70672,3ch,67,brightness,2.4,,homography,0.999,-0.04,7.9
2026-02-03 13:58:42,150,228,145,105,58,0.905,0.871,PP,S1,0.940,landmark,,UNMUTE,0,,1,71885,3ch,67,brightness,2.0,,homography,0.999,-0.04,7.9
2026-02-03 13:58:42,150,228,145,105,58,0.905,0.871,PP,S1,0.940,landmark,,UNMUTE,0,,1,72773,3ch,67,brightness,2.0,,homography,0.999,-0.04,7.9
2026-02-03 13:58:42,150,228,145,105,58,0.905,0.871,PP,S1,0.940,landmark,,UNMUTE,0,,1,72548,3ch,67,brightness,2.8,,homography,0.999,-0.04,7.9
2026-02-03 13:58:42,150,228,145,105,58,0.905,0.871,PP,S1,0.940,landmark,,UNMUTE,0,,1,41524,3ch,60,brightness,5.2,,homography,0.999,-0.04,7.9
2026-02-03 13:58:42,150,228,145,105,58,0.905,0.871,PP,S1,0.940,landmark,,UNMUTE,0,,1,52427,3ch,61,brightness,2.4,,homography,0.999,-0.04,7.9
2026-02-03 13:58:42,150,228,145,105,58,0.905,0.871,PP,S1,0.940,landmark,,UNMUTE,0,,1,54691,3ch,61,brightness,1.8,,homography,0.999,-0.04,7.9
2026-02-03 13:58:42,150,228,145,105,58,0.905,0.871,PP,S1,0.940,landmark,,UNMUTE,0,,1,56795,3ch,62,brightness,1.5,,homography,0.999,-0.04,7.9
2026-02-03 13:58:43,150,228,145,105,58,0.905,0.871,PP,S1,0.940,landmark,,UNMUTE,0,,1,58249,3ch,62,brightness,1.8,,homography,0.999,-0.04,7.9
2026-02-03 13:58:43,150,228,145,105,58,0.905,0.871,PP,S1,0.940,landmark,,UNMUTE,0,,1,59489,3ch,62,brightness,2.6,,homography,0.999,-0.04,7.9
2026-02-03 13:58:43,150,228,145,105,58,0.905,0.871,PP,S1,0.940,landmark,,UNMUTE,0,,1,60363,3ch,63,brightness,1.9,,homography,0.999,-0.04,7.9
2026-02-03 13:58:43,150,228,145,105,58,0.905,0.871,PP,S1,0.940,landmark,,UNMUTE,0,,1,61377,3ch,65,brightness,1.7,,homography,0.999,-0.04,7.9
2026-02-03 13:58:43,150,228,145,105,58,0.905,0.871,PP,S1,0.940,landmark,,UNMUTE,0,,1,63121,3ch,66,brightness,2.2,,homography,0.999,-0.04,7.9
2026-02-03 13:58:43,150,228,145,105,58,0.905,0.871,PP,S1,0.940,landmark,,UNMUTE,0,,1,64623,3ch,66,brightness,3.2,,homography,0.999,-0.04,7.9
2026-02-03 13:58:43,150,228,145,105,58,0.905,0.871,PP,S1,0.940,landmark,,UNMUTE,0,,1,65551,3ch,66,brightness,3.3,,homography,0.999,-0.04,7.9
2026-02-03 13:58:43,150,228,145,105,58,0.905,0.871,PP,S1,0.940,landmark,,UNMUTE,0,,1,65437,3ch,66,brightness,2.1,,homography,0.999,-0.04,7.9
2026-02-03 13:58:43,150,228,145,105,58,0.905,0.871,PP,S1,0.940,landmark,,UNMUTE,0,,1,65841,3ch,66,brightness,1.6,,homography,0.999,-0.04,7.9
2026-02-03 13:58:43,150,228,145,105,58,0.905,0.871,PP,S1,0.940,landmark,,UNMUTE,0,,1,67078,3ch,66,brightness,1.8,,homography,0.999,-0.04,7.9
2026-02-03 13:58:43,150,228,145,105,58,0.905,0.871,PP,S1,0.940,landmark,,UNMUTE,0,,1,67452,3ch,66,brightness,2.7,,homography,0.999,-0.04,7.9
2026-02-03 13:58:43,150,228,145,105,58,0.905,0.871,PP,S1,0.940,landmark,,UNMUTE,0,,1,68924,3ch,66,brightness,1.9,,homography,0.999,-0.04,7.9
2026-02-03 13:58:43,150,228,145,105,58,0.905,0.871,PP,S1,0.940,landmark,,UNMUTE,0,,1,70503,3ch,66,brightness,1.7,,homography,0.999,-0.04,7.9
2026-02-03 13:58:43,150,228,145,105,58,0.905,0.871,PP,S1,0.940,landmark,,UNMUTE,0,,1,70210,3ch,66,brightness,2.3,,homography,0.999,-0.04,7.9
2026-02-03 13:58:43,150,228,145,105,58,0.905,0.871,PP,S1,0.940,landmark,,UNMUTE,0,,1,69398,3ch,67,brightness,2.7,,homography,0.999,-0.04,7.9
2026-02-03 13:58:44,150,228,145,105,58,0.905,0.871,PP,S1,0.940,landmark,,UNMUTE,0,,1,69481,3ch,67,brightness,3.3,,homography,0.999,-0.04,7.9
2026-02-03 13:58:44,150,228,145,105,58,0.905,0.871,PP,S1,0.940,landmark,,UNMUTE,0,,1,69294,3ch,67,brightness,1.8,,homography,0.999,-0.04,7.9
2026-02-03 13:58:44,150,228,145,105,58,0.905,0.871,PP,S1,0.940,landmark,,UNMUTE,0,,1,70277,3ch,67,brightness,1.9,,homography,0.999,-0.04,7.9
2026-02-03 13:58:44,150,228,145,105,58,0.905,0.871,PP,S1,0.940,landmark,,UNMUTE,0,,1,70429,3ch,67,brightness,2.1,,homography,0.999,-0.04,7.9
2026-02-03 13:58:44,150,228,145,105,58,0.905,0.871,PP,S1,0.940,landmark,,UNMUTE,0,,1,70949,3ch,67,brightness,2.8,,homography,0.999,-0.04,7.9
2026-02-03 13:58:44,150,228,145,105,58,0.905,0.871,PP,S1,0.940,landmark,,UNMUTE,0,,1,72392,3ch,67,brightness,1.9,,homography,0.999,-0.04,7.9
2026-02-03 13:58:44,150,228,145,105,58,0.905,0.871,PP,S1,0.940,landmark,,UNMUTE,0,,1,71968,3ch,67,brightness,1.5,,homography,0.999,-0.04,7.9
2026-02-03 13:58:44,150,228,145,105,58,0.905,0.871,PP,S1,0.940,landmark,,UNMUTE,0,,1,71824,3ch,67,brightness,2.1,,homography,0.999,-0.04,7.9
2026-02-03 13:58:44,150,228,145,105,58,0.905,0.871,PP,S1,0.940,landmark,,UNMUTE,0,,1,72559,3ch,67,brightness,2.7,,homography,0.999,-0.04,7.9
2026-02-03 13:58:44,150,228,145,105,58,0.905,0.871,PP,S1,0.940,landmark,,UNMUTE,0,,1,72783,3ch,67,brightness,4.3,,homography,0.999,-0.04,7.9
2026-02-03 13:58:44,150,228,145,105,58,0.905,0.871,PP,S1,0.940,landmark,,UNMUTE,0,,1,73326,3ch,67,brightness,1.8,,homography,0.999,-0.04,7.9
2026-02-03 13:58:44,150,228,145,105,58,0.905,0.871,PP,S1,0.940,landmark,,UNMUTE,0,,1,44105,3ch,63,brightness,2.0,,homography,0.999,-0.04,7.9
2026-02-03 13:58:44,150,228,145,105,58,0.905,0.871,PP,S1,0.940,landmark,,UNMUTE,0,,1,52403,3ch,63,brightness,1.7,,homography,0.999,-0.04,7.9
2026-02-03 13:58:44,150,228,145,105,58,0.905,0.871,PP,S1,0.940,landmark,,UNMUTE,0,,1,55414,3ch,64,brightness,2.8,,homography,0.999,-0.04,7.9
2026-02-03 13:58:44,150,228,145,105,58,0.905,0.871,PP,S1,0.940,landmark,,UNMUTE,0,,1,58063,3ch,64,brightness,2.4,,homography,0.999,-0.04,7.9
2026-02-03 13:58:45,150,228,145,105,58,0.905,0.871,PP,S1,0.940,landmark,,UNMUTE,0,,1,59534,3ch,66,brightness,2.3,,homography,0.999,-0.04,7.9
2026-02-03 13:58:45,150,228,145,105,58,0.905,0.871,PP,S1,0.940,landmark,,UNMUTE,0,,1,60860,3ch,66,brightness,2.4,,homography,0.999,-0.04,7.9
2026-02-03 13:58:45,150,228,145,105,58,0.905,0.871,PP,S1,0.940,landmark,,UNMUTE,0,,1,60299,3ch,66,brightness,2.7,,homography,0.999,-0.04,7.9
2026-02-03 13:58:45,150,228,145,105,58,0.905,0.871,PP,S1,0.940,landmark,,UNMUTE,0,,1,61994,3ch,66,brightness,5.5,,homography,0.999,-0.04,7.9
2026-02-03 13:58:45,150,228,145,105,58,0.905,0.871,PP,S1,0.940,landmark,,UNMUTE,0,,1,63737,3ch,66,brightness,1.8,,homography,0.999,-0.04,7.9
2026-02-03 13:58:45,150,228,145,105,58,0.905,0.871,PP,S1,0.940,landmark,,UNMUTE,0,,1,63713,3ch,66,brightness,1.8,,homography,0.999,-0.04,7.9
2026-02-03 13:58:45,150,228,145,105,58,0.905,0.871,PP,S1,0.940,landmark,,UNMUTE,0,,1,65384,3ch,66,brightness,1.7,,homography,0.999,-0.04,7.9
2026-02-03 13:58:45,150,228,145,105,58,0.905,0.871,PP,S1,0.940,landmark,,UNMUTE,0,,1,65880,3ch,66,brightness,2.3,,homography,0.999,-0.04,7.9
2026-02-03 13:58:45,150,228,145,105,58,0.905,0.871,PP,S1,0.940,landmark,,UNMUTE,0,,1,66615,3ch,66,brightness,2.9,,homography,0.999,-0.04,7.9
2026-02-03 13:58:45,150,228,145,105,58,0.905,0.871,PP,S1,0.940,landmark,,UNMUTE,0,,1,68467,3ch,66,brightness,2.3,,homography,0.999,-0.04,7.9
2026-02-03 13:58:45,150,228,145,105,58,0.905,0.871,PP,S1,0.940,landmark,,UNMUTE,0,,1,69708,3ch,66,brightness,1.8,,homography,0.999,-0.04,7.9
2026-02-03 13:58:45,150,228,145,105,58,0.905,0.871,PP,S1,0.940,landmark,,UNMUTE,0,,1,69145,3ch,66,brightness,3.5,,homography,0.999,-0.04,7.9
2026-02-03 13:58:45,150,228,145,105,58,0.905,0.871,PP,S1,0.940,landmark,,UNMUTE,0,,1,69163,3ch,66,brightness,5.5,,homography,0.999,-0.04,7.9
2026-02-03 13:58:45,150,228,145,105,58,0.905,0.871,PP,S1,0.940,landmark,,UNMUTE,0,,1,68898,3ch,66,brightness,1.5,,homography,0.999,-0.04,7.9
2026-02-03 13:58:45,150,228,145,105,58,0.905,0.871,PP,S1,0.940,landmark,,UNMUTE,0,,1,69945,3ch,66,brightness,2.6,,homography,0.999,-0.04,7.9
2026-02-03 13:58:46,150,228,145,105,58,0.905,0.871,PP,S1,0.940,landmark,,UNMUTE,0,,1,70672,3ch,66,brightness,1.8,,homography,0.999,-0.04,7.9
2026-02-03 13:58:46,150,228,145,105,58,0.905,0.871,PP,S1,0.940,landmark,,UNMUTE,0,,1,70997,3ch,66,brightness,2.7,,homography,0.999,-0.04,7.9
2026-02-03 13:58:46,150,228,145,105,58,0.905,0.871,PP,S1,0.940,landmark,,UNMUTE,0,,1,71021,3ch,66,brightness,2.7,,homography,0.999,-0.04,7.9
2026-02-03 13:58:46,150,228,145,105,58,0.905,0.871,PP,S1,0.940,landmark,,UNMUTE,0,,1,72092,3ch,66,brightness,2.2,,homography,0.999,-0.04,7.9
2026-02-03 13:58:46,150,228,145,105,58,0.905,0.871,PP,S1,0.940,landmark,,UNMUTE,0,,1,72377,3ch,66,brightness,1.9,,homography,0.999,-0.04,7.9
2026-02-03 13:58:46,150,228,145,105,58,0.905,0.871,PP,S1,0.940,landmark,,UNMUTE,0,,1,71903,3ch,66,brightness,2.1,,homography,0.999,-0.04,7.9
2026-02-03 13:58:46,150,228,145,105,58,0.905,0.871,PP,S1,0.940,landmark,,UNMUTE,0,,1,71383,3ch,66,brightness,3.2,,homography,0.999,-0.04,7.9
2026-02-03 13:58:46,150,228,145,105,58,0.905,0.871,PP,S1,0.940,landmark,,UNMUTE,0,,1,71385,3ch,66,brightness,2.9,,homography,0.999,-0.04,7.9
2026-02-03 13:58:46,150,228,145,105,58,0.905,0.871,PP,S1,0.940,landmark,,UNMUTE,0,,1,71763,3ch,66,brightness,1.8,,homography,0.999,-0.04,7.9
2026-02-03 13:58:46,150,228,145,105,58,0.905,0.871,PP,S1,0.940,landmark,,UNMUTE,0,,1,72013,3ch,66,brightness,1.5,,homography,0.999,-0.04,7.9
2026-02-03 13:58:46,150,228,145,105,58,0.905,0.871,PP,S1,0.940,landmark,,UNMUTE,0,,1,72768,3ch,66,brightness,2.0,,homography,0.999,-0.04,7.9
2026-02-03 13:58:46,150,228,145,105,58,0.905,0.871,PP,S1,0.940,landmark,,UNMUTE,0,,1,43047,3ch,61,brightness,3.2,,homography,0.999,-0.04,7.9
2026-02-03 13:58:46,150,228,145,105,58,0.905,0.871,PP,S1,0.940,landmark,,UNMUTE,0,,1,54079,3ch,61,brightness,1.8,,homography,0.999,-0.04,7.9
2026-02-03 13:58:46,150,228,145,105,58,0.905,0.871,PP,S1,0.940,landmark,,UNMUTE,0,,1,55394,3ch,63,brightness,1.8,,homography,0.999,-0.04,7.9
2026-02-03 13:58:46,150,228,145,105,58,0.905,0.871,PP,S1,0.940,landmark,,UNMUTE,0,,1,56940,3ch,63,brightness,2.9,,homography,0.999,-0.04,7.9
2026-02-03 13:58:47,150,228,145,105,58,0.905,0.871,PP,S1,0.940,landmark,,UNMUTE,0,,1,59275,3ch,63,brightness,3.1,,homography,0.999,-0.04,7.9
2026-02-03 13:58:47,150,228,145,105,58,0.905,0.871,PP,S1,0.940,landmark,,UNMUTE,0,,1,60120,3ch,63,brightness,2.1,,homography,0.999,-0.04,7.9
2026-02-03 13:58:47,150,228,145,105,58,0.905,0.871,PP,S1,0.940,landmark,,UNMUTE,0,,1,60895,3ch,63,brightness,1.9,,homography,0.999,-0.04,7.9
2026-02-03 13:58:47,150,228,145,105,58,0.905,0.871,PP,S1,0.940,landmark,,UNMUTE,0,,1,61399,3ch,65,brightness,1.5,,homography,0.999,-0.04,7.9
2026-02-03 13:58:47,150,228,145,105,58,0.905,0.871,PP,S1,0.940,landmark,,UNMUTE,0,,1,62156,3ch,65,brightness,2.1,,homography,0.999,-0.04,7.9
2026-02-03 13:58:47,150,228,145,105,58,0.905,0.871,PP,S1,0.940,landmark,,UNMUTE,0,,1,62872,3ch,65,brightness,3.2,,homography,0.999,-0.04,7.9
2026-02-03 13:58:47,150,228,145,105,58,0.905,0.871,PP,S1,0.940,landmark,,UNMUTE,0,,1,63971,3ch,65,brightness,1.8,,homography,0.999,-0.04,7.9
2026-02-03 13:58:47,150,228,145,105,58,0.905,0.871,PP,S1,0.940,landmark,,UNMUTE,0,,1,65185,3ch,65,brightness,1.9,,homography,0.999,-0.04,7.9
2026-02-03 13:58:47,150,228,145,105,58,0.905,0.871,PP,S1,0.940,landmark,,UNMUTE,0,,1,65703,3ch,65,brightness,2.4,,homography,0.999,-0.04,7.9
2026-02-03 13:58:47,150,228,145,105,58,0.905,0.871,PP,S1,0.940,landmark,,UNMUTE,0,,1,66221,3ch,66,brightness,4.4,,homography,0.999,-0.04,7.9
2026-02-03 13:58:47,150,228,145,105,58,0.905,0.871,PP,S1,0.940,landmark,,UNMUTE,0,,1,66752,3ch,66,brightness,2.8,,homography,0.999,-0.04,7.9
2026-02-03 13:58:47,150,228,145,105,58,0.905,0.871,PP,S1,0.940,landmark,,UNMUTE,0,,1,67052,3ch,66,brightness,1.7,,homography,0.999,-0.04,7.9
2026-02-03 13:58:47,150,228,145,105,58,0.905,0.871,PP,S1,0.940,landmark,,UNMUTE,0,,1,67008,3ch,66,brightness,1.3,,homography,0.999,-0.04,7.9
2026-02-03 13:58:47,150,228,145,105,58,0.905,0.871,PP,S1,0.940,landmark,,UNMUTE,0,,1,67810,3ch,66,brightness,1.7,,homography,0.999,-0.04,7.9
2026-02-03 13:58:47,150,228,145,105,58,0.905,0.871,PP,S1,0.940,landmark,,UNMUTE,0,,1,67902,3ch,66,brightness,3.5,,homography,0.999,-0.04,7.9
2026-02-03 13:58:48,150,228,145,105,58,0.905,0.871,PP,S1,0.940,landmark,,UNMUTE,0,,1,67461,3ch,66,brightness,1.8,,homography,0.999,-0.04,7.9
2026-02-03 13:58:48,150,228,145,105,58,0.905,0.871,PP,S1,0.940,landmark,,UNMUTE,0,,1,67799,3ch,66,brightness,1.7,,homography,0.999,-0.04,7.9
2026-02-03 13:58:48,150,228,145,105,58,0.905,0.871,PP,S1,0.940,landmark,,UNMUTE,0,,1,68933,3ch,66,brightness,2.1,,homography,0.999,-0.04,7.9
2026-02-03 13:58:48,150,228,145,105,58,0.905,0.871,PP,S1,0.940,landmark,,UNMUTE,0,,1,69640,3ch,66,brightness,3.1,,homography,0.999,-0.04,7.9
2026-02-03 13:58:48,150,228,145,105,58,0.905,0.871,PP,S1,0.940,landmark,,UNMUTE,0,,1,69471,3ch,66,brightness,2.2,,homography,0.999,-0.04,7.9
2026-02-03 13:58:48,150,228,145,105,58,0.905,0.871,PP,S1,0.940,landmark,,UNMUTE,0,,1,69742,3ch,66,brightness,1.8,,homography,0.999,-0.04,7.9
2026-02-03 13:58:48,150,228,145,105,58,0.905,0.871,PP,S1,0.940,landmark,,UNMUTE,0,,1,70321,3ch,66,brightness,1.7,,homography,0.999,-0.04,7.9
2026-02-03 13:58:48,150,228,145,105,58,0.905,0.871,PP,S1,0.940,landmark,,UNMUTE,0,,1,70633,3ch,66,brightness,2.1,,homography,0.999,-0.04,7.9
2026-02-03 13:58:48,150,228,145,105,58,0.905,0.871,PP,S1,0.940,landmark,,UNMUTE,0,,1,70453,3ch,66,brightness,2.7,,homography,0.999,-0.04,7.9
2026-02-03 13:58:48,150,228,145,105,58,0.905,0.871,PP,S1,0.940,landmark,,UNMUTE,0,,1,70886,3ch,66,brightness,1.7,,homography,0.999,-0.04,7.9
2026-02-03 13:58:48,150,228,145,105,58,0.905,0.871,PP,S1,0.940,landmark,,UNMUTE,0,,1,70720,3ch,66,brightness,1.8,,homography,0.999,-0.04,7.9
2026-02-03 13:58:48,150,228,145,105,58,0.905,0.871,PP,S1,0.940,landmark,,UNMUTE,0,,1,43243,3ch,64,brightness,2.0,,homography,0.999,-0.04,7.9
2026-02-03 13:58:48,150,228,145,105,58,0.905,0.871,PP,S1,0.940,landmark,,UNMUTE,0,,1,51233,3ch,65,brightness,3.2,,homography,0.999,-0.04,7.9
2026-02-03 13:58:48,150,228,145,105,58,0.905,0.871,PP,S1,0.940,landmark,,UNMUTE,0,,1,54186,3ch,65,brightness,2.7,,homography,0.999,-0.04,7.9
2026-02-03 13:58:48,150,228,145,105,58,0.905,0.871,PP,S1,0.940,landmark,,UNMUTE,0,,1,57091,3ch,65,brightness,1.7,,homography,0.999,-0.04,7.9
2026-02-03 13:58:49,150,228,145,105,58,0.905,0.871,PP,S1,0.940,landmark,,UNMUTE,0,,1,59557,3ch,64,brightness,1.9,,homography,0.999,-0.04,7.9
2026-02-03 13:58:49,150,228,145,105,58,0.905,0.871,PP,S1,0.940,landmark,,UNMUTE,0,,1,61541,3ch,65,brightness,1.8,,homography,0.999,-0.04,7.9
2026-02-03 13:58:49,150,228,145,105,58,0.905,0.871,PP,S1,0.940,landmark,,UNMUTE,0,,1,63200,3ch,65,brightness,3.4,,homography,0.999,-0.04,7.9
2026-02-03 13:58:49,150,228,145,105,58,0.905,0.871,PP,S1,0.940,landmark,,UNMUTE,0,,1,63977,3ch,65,brightness,2.1,,homography,0.999,-0.04,7.9
2026-02-03 13:58:49,150,228,145,105,58,0.905,0.871,PP,S1,0.940,landmark,,UNMUTE,0,,1,65412,3ch,67,brightness,2.7,,homography,0.999,-0.04,7.9
2026-02-03 13:58:49,150,228,145,105,58,0.905,0.871,PP,S1,0.940,landmark,,UNMUTE,0,,1,65872,3ch,67,brightness,2.1,,homography,0.999,-0.04,7.9
2026-02-03 13:58:49,150,228,145,105,58,0.905,0.871,PP,S1,0.940,landmark,,UNMUTE,0,,1,65951,3ch,67,brightness,2.7,,homography,0.999,-0.04,7.9
2026-02-03 13:58:49,150,228,145,105,58,0.905,0.871,PP,S1,0.940,landmark,,UNMUTE,0,,1,65912,3ch,69,brightness,5.8,,homography,0.999,-0.04,7.9
2026-02-03 13:58:49,150,228,145,105,58,0.905,0.871,PP,S1,0.940,landmark,,UNMUTE,0,,1,66887,3ch,67,brightness,2.0,,homography,0.999,-0.04,7.9
2026-02-03 13:58:49,150,228,145,105,58,0.905,0.871,PP,S1,0.940,landmark,,UNMUTE,0,,1,67413,3ch,67,brightness,2.2,,homography,0.999,-0.04,7.9
2026-02-03 13:58:49,150,228,145,105,58,0.905,0.871,PP,S1,0.940,landmark,,UNMUTE,0,,1,68416,3ch,67,brightness,1.7,,homography,0.999,-0.04,7.9
2026-02-03 13:58:49,150,228,145,105,58,0.905,0.871,PP,S1,0.940,landmark,,UNMUTE,0,,1,68604,3ch,67,brightness,2.4,,homography,0.999,-0.04,7.9
2026-02-03 13:58:49,150,228,145,105,58,0.905,0.871,PP,S1,0.940,landmark,,UNMUTE,0,,1,69490,3ch,67,brightness,2.1,,homography,0.999,-0.04,7.9
2026-02-03 13:58:49,150,228,145,105,58,0.905,0.871,PP,S1,0.940,landmark,,UNMUTE,0,,1,69815,3ch,67,brightness,2.4,,homography,0.999,-0.04,7.9
2026-02-03 13:58:49,150,228,145,105,58,0.905,0.871,PP,S1,0.940,landmark,,UNMUTE,0,,1,69369,3ch,67,brightness,2.1,,homography,0.999,-0.04,7.9
2026-02-03 13:58:50,150,228,145,105,58,0.905,0.871,PP,S1,0.940,landmark,,UNMUTE,0,,1,70625,3ch,67,brightness,3.4,,homography,0.999,-0.04,7.9
2026-02-03 13:58:50,150,228,145,105,58,0.905,0.871,PP,S1,0.940,landmark,,UNMUTE,0,,1,70762,3ch,67,brightness,5.0,,homography,0.999,-0.04,7.9
2026-02-03 13:58:50,150,228,145,105,58,0.905,0.871,PP,S1,0.940,landmark,,UNMUTE,0,,1,70539,3ch,67,brightness,2.0,,homography,0.999,-0.04,7.9
2026-02-03 13:58:50,150,228,145,105,58,0.905,0.871,PP,S1,0.940,landmark,,UNMUTE,0,,1,70717,3ch,67,brightness,1.9,,homography,0.999,-0.04,7.9
2026-02-03 13:58:50,150,228,145,105,58,0.905,0.871,PP,S1,0.940,landmark,,UNMUTE,0,,1,70176,3ch,65,brightness,1.5,,homography,0.999,-0.04,7.9
2026-02-03 13:58:50,150,228,145,105,58,0.905,0.871,PP,S1,0.940,landmark,,UNMUTE,0,,1,71419,3ch,67,brightness,2.2,,homography,0.999,-0.04,7.9
2026-02-03 13:58:50,150,228,145,105,58,0.905,0.871,PP,S1,0.940,landmark,,UNMUTE,0,,1,71789,3ch,67,brightness,1.8,,homography,0.999,-0.04,7.9
2026-02-03 13:58:50,150,228,145,105,58,0.905,0.871,PP,S1,0.940,landmark,,UNMUTE,0,,1,71831,3ch,67,brightness,2.4,,homography,0.999,-0.04,7.9
2026-02-03 13:58:50,150,228,145,105,58,0.905,0.871,PP,S1,0.940,landmark,,UNMUTE,0,,1,71934,3ch,67,brightness,2.1,,homography,0.999,-0.04,7.9
2026-02-03 13:58:50,150,228,145,105,58,0.905,0.871,PP,S1,0.940,landmark,,UNMUTE,0,,1,72939,3ch,67,brightness,2.9,,homography,0.999,-0.04,7.9
2026-02-03 13:58:50,150,228,145,105,58,0.905,0.871,PP,S1,0.940,landmark,,UNMUTE,0,,1,72461,3ch,67,brightness,5.1,,homography,0.999,-0.04,7.9
2026-02-03 13:58:50,150,228,145,105,58,0.905,0.871,PP,S1,0.940,landmark,,UNMUTE,0,,1,46099,3ch,63,brightness,2.1,,homography,0.999,-0.04,7.9
2026-02-03 13:58:50,150,228,145,105,58,0.905,0.871,PP,S1,0.940,landmark,,UNMUTE,0,,1,54855,3ch,63,brightness,1.8,,homography,0.999,-0.04,7.9
2026-02-03 13:58:50,150,228,145,105,58,0.905,0.871,PP,S1,0.940,landmark,,UNMUTE,0,,1,56348,3ch,63,brightness,1.4,,homography,0.999,-0.04,7.9
2026-02-03 13:58:50,150,228,145,105,58,0.905,0.871,PP,S1,0.940,landmark,,UNMUTE,0,,1,58572,3ch,63,brightness,2.0,,homography,0.999,-0.04,7.9
2026-02-03 13:58:51,150,228,145,105,58,0.905,0.871,PP,S1,0.940,landmark,,UNMUTE,0,,1,60741,3ch,64,brightness,2.1,,homography,0.999,-0.04,7.9
2026-02-03 13:58:51,150,228,145,105,58,0.905,0.871,PP,S1,0.940,landmark,,UNMUTE,0,,1,63202,3ch,64,brightness,2.2,,homography,0.999,-0.04,7.9
2026-02-03 13:58:51,150,228,145,105,58,0.905,0.871,PP,S1,0.940,landmark,,UNMUTE,0,,1,63986,3ch,64,brightness,2.5,,homography,0.999,-0.04,7.9
2026-02-03 13:58:51,150,228,145,105,58,0.905,0.871,PP,S1,0.940,landmark,,UNMUTE,0,,1,65059,3ch,64,brightness,2.7,,homography,0.999,-0.04,7.9
2026-02-03 13:58:51,150,228,145,105,58,0.905,0.871,PP,S1,0.940,landmark,,UNMUTE,0,,1,66225,3ch,67,brightness,4.2,,homography,0.999,-0.04,7.9
2026-02-03 13:58:51,150,228,145,105,58,0.905,0.871,PP,S1,0.940,landmark,,UNMUTE,0,,1,67330,3ch,67,brightness,2.9,,homography,0.999,-0.04,7.9
2026-02-03 13:58:51,150,228,145,105,58,0.905,0.871,PP,S1,0.940,landmark,,UNMUTE,0,,1,67884,3ch,67,brightness,1.6,,homography,0.999,-0.04,7.9
2026-02-03 13:58:51,150,228,145,105,58,0.905,0.871,PP,S1,0.940,landmark,,UNMUTE,0,,1,68712,3ch,67,brightness,1.2,,homography,0.999,-0.04,7.9
2026-02-03 13:58:51,150,228,145,105,58,0.905,0.871,PP,S1,0.940,landmark,,UNMUTE,0,,1,69306,3ch,67,brightness,2.3,,homography,0.999,-0.04,7.9
2026-02-03 13:58:51,150,228,145,105,58,0.905,0.871,PP,S1,0.940,landmark,,UNMUTE,0,,1,71530,3ch,67,brightness,2.9,,homography,0.999,-0.04,7.9
2026-02-03 13:58:51,150,228,145,105,58,0.905,0.871,PP,S1,0.940,landmark,,UNMUTE,0,,1,71507,3ch,67,brightness,2.1,,homography,0.999,-0.04,7.9
2026-02-03 13:58:51,150,228,145,105,58,0.905,0.871,PP,S1,0.940,landmark,,UNMUTE,0,,1,72346,3ch,67,brightness,1.8,,homography,0.999,-0.04,7.9
2026-02-03 13:58:51,150,228,145,105,58,0.905,0.871,PP,S1,0.940,landmark,,UNMUTE,0,,1,72163,3ch,67,brightness,3.3,,homography,0.999,-0.04,7.9
2026-02-03 13:58:51,150,228,145,105,58,0.905,0.871,PP,S1,0.940,landmark,,UNMUTE,0,,1,71864,3ch,67,brightness,4.1,,homography,0.999,-0.04,7.9
2026-02-03 13:58:51,150,228,145,105,58,0.905,0.871,PP,S1,0.940,landmark,,UNMUTE,0,,1,71517,3ch,67,brightness,2.5,,homography,0.999,-0.04,7.9
2026-02-03 13:58:52,150,228,145,105,58,0.905,0.871,PP,S1,0.940,landmark,,UNMUTE,0,,1,71765,3ch,67,brightness,1.9,,homography,0.999,-0.04,7.9
2026-02-03 13:58:52,150,228,145,105,58,0.905,0.871,PP,S1,0.940,landmark,,UNMUTE,0,,1,72256,3ch,67,brightness,1.4,,homography,0.999,-0.04,7.9
2026-02-03 13:58:52,150,228,145,105,58,0.905,0.871,PP,S1,0.940,landmark,,UNMUTE,0,,1,72030,3ch,67,brightness,1.8,,homography,0.999,-0.04,7.9
2026-02-03 13:58:52,150,228,145,105,58,0.905,0.871,PP,S1,0.940,landmark,,UNMUTE,0,,1,72068,3ch,67,brightness,2.7,,homography,0.999,-0.04,7.9
2026-02-03 13:58:52,150,228,145,105,58,0.905,0.871,PP,S1,0.940,landmark,,UNMUTE,0,,1,72740,3ch,67,brightness,1.7,,homography,0.999,-0.04,7.9
2026-02-03 13:58:52,150,228,145,105,58,0.905,0.871,PP,S1,0.940,landmark,,UNMUTE,0,,1,72386,3ch,67,brightness,1.6,,homography,0.999,-0.04,7.9
2026-02-03 13:58:52,150,228,145,105,58,0.905,0.871,PP,S1,0.940,landmark,,UNMUTE,0,,1,72832,3ch,65,brightness,2.5,,homography,0.999,-0.04,7.9
2026-02-03 13:58:52,150,228,145,105,58,0.905,0.871,PP,S1,0.940,landmark,,UNMUTE,0,,1,72925,3ch,65,brightness,3.3,,homography,0.999,-0.04,7.9
2026-02-03 13:58:52,150,228,145,105,58,0.905,0.871,PP,S1,0.940,landmark,,UNMUTE,0,,1,73710,3ch,65,brightness,2.5,,homography,0.999,-0.04,7.9
2026-02-03 13:58:52,150,228,145,105,58,0.905,0.871,PP,S1,0.940,landmark,,UNMUTE,0,,1,73680,3ch,65,brightness,1.9,,homography,0.999,-0.04,7.9
2026-02-03 13:58:52,150,228,145,105,58,0.905,0.871,PP,S1,0.940,landmark,,UNMUTE,0,,1,73744,3ch,65,brightness,1.4,,homography,0.999,-0.04,7.9
2026-02-03 13:58:52,150,228,145,105,58,0.905,0.871,PP,S1,0.940,landmark,,UNMUTE,0,,1,46490,3ch,62,brightness,2.0,,homography,0.999,-0.04,7.9
2026-02-03 13:58:52,150,228,145,105,58,0.905,0.871,PP,S1,0.940,landmark,,UNMUTE,0,,1,52215,3ch,62,brightness,1.7,,homography,0.999,-0.04,7.9
2026-02-03 13:58:52,150,228,145,105,58,0.905,0.871,PP,S1,0.940,landmark,,UNMUTE,0,,1,55133,3ch,62,brightness,1.7,,homography,0.999,-0.04,7.9
2026-02-03 13:58:52,150,228,145,105,58,0.905,0.871,PP,S1,0.940,landmark,,UNMUTE,0,,1,58847,3ch,63,brightness,1.9,,homography,0.999,-0.04,7.9
2026-02-03 13:58:53,150,228,145,105,58,0.905,0.871,PP,S1,0.940,landmark,,UNMUTE,0,,1,60729,3ch,63,brightness,2.3,,homography,0.999,-0.04,7.9
2026-02-03 13:58:53,150,228,145,105,58,0.905,0.871,PP,S1,0.940,landmark,,UNMUTE,0,,1,62405,3ch,63,brightness,3.1,,homography,0.999,-0.04,7.9
2026-02-03 13:58:53,150,228,145,105,58,0.905,0.871,PP,S1,0.940,landmark,,UNMUTE,0,,1,63895,3ch,63,brightness,4.0,,homography,0.999,-0.04,7.9
2026-02-03 13:58:53,150,228,145,105,58,0.905,0.871,PP,S1,0.940,landmark,,UNMUTE,0,,1,65169,3ch,64,brightness,1.5,,homography,0.999,-0.04,7.9
2026-02-03 13:58:53,150,228,145,105,58,0.905,0.871,PP,S1,0.940,landmark,,UNMUTE,0,,1,65243,3ch,64,brightness,1.3,,homography,0.999,-0.04,7.9
2026-02-03 13:58:53,150,228,145,105,58,0.905,0.871,PP,S1,0.940,landmark,,UNMUTE,0,,1,66043,3ch,66,brightness,1.9,,homography,0.999,-0.04,7.9
2026-02-03 13:58:53,150,228,145,105,58,0.905,0.871,PP,S1,0.940,landmark,,UNMUTE,0,,1,67437,3ch,67,brightness,2.8,,homography,0.999,-0.04,7.9
2026-02-03 13:58:53,150,228,145,105,58,0.905,0.871,PP,S1,0.940,landmark,,UNMUTE,0,,1,68247,3ch,67,brightness,1.7,,homography,0.999,-0.04,7.9
2026-02-03 13:58:53,150,228,145,105,58,0.905,0.871,PP,S1,0.940,landmark,,UNMUTE,0,,1,69283,3ch,67,brightness,2.4,,homography,0.999,-0.04,7.9
2026-02-03 13:58:53,150,228,145,105,58,0.905,0.871,PP,S1,0.940,landmark,,UNMUTE,0,,1,69960,3ch,69,brightness,2.4,,homography,0.999,-0.04,7.9
2026-02-03 13:58:53,150,228,145,105,58,0.905,0.871,PP,S1,0.940,landmark,,UNMUTE,0,,1,70612,3ch,67,brightness,3.3,,homography,0.999,-0.04,7.9
2026-02-03 13:58:53,150,228,145,105,58,0.905,0.871,PP,S1,0.940,landmark,,UNMUTE,0,,1,70269,3ch,67,brightness,3.1,,homography,0.999,-0.04,7.9
2026-02-03 13:58:53,150,228,145,105,58,0.905,0.871,PP,S1,0.940,landmark,,UNMUTE,0,,1,69942,3ch,67,brightness,1.7,,homography,0.999,-0.04,7.9
2026-02-03 13:58:53,150,228,145,105,58,0.905,0.871,PP,S1,0.940,landmark,,UNMUTE,0,,1,69839,3ch,67,brightness,1.4,,homography,0.999,-0.04,7.9
2026-02-03 13:58:53,150,228,145,105,58,0.905,0.871,PP,S1,0.940,landmark,,UNMUTE,0,,1,70396,3ch,67,brightness,1.7,,homography,0.999,-0.04,7.9
2026-02-03 13:58:54,150,228,145,105,58,0.905,0.871,PP,S1,0.940,landmark,,UNMUTE,0,,1,70916,3ch,67,brightness,2.6,,homography,0.999,-0.04,7.9
2026-02-03 13:58:54,150,228,145,105,58,0.905,0.871,PP,S1,0.940,landmark,,UNMUTE,0,,1,70283,3ch,67,brightness,1.9,,homography,0.999,-0.04,7.9
2026-02-03 13:58:54,150,228,145,105,58,0.905,0.871,PP,S1,0.940,landmark,,UNMUTE,0,,1,71254,3ch,67,brightness,2.7,,homography,0.999,-0.04,7.9
2026-02-03 13:58:54,150,228,145,105,58,0.905,0.871,PP,S1,0.940,landmark,,UNMUTE,0,,1,71081,3ch,67,brightness,3.0,,homography,0.999,-0.04,7.9
2026-02-03 13:58:54,150,228,145,105,58,0.905,0.871,PP,S1,0.940,landmark,,UNMUTE,0,,1,71144,3ch,67,brightness,3.3,,homography,0.999,-0.04,7.9
2026-02-03 13:58:54,150,228,145,105,58,0.905,0.871,PP,S1,0.940,landmark,,UNMUTE,0,,1,72267,3ch,67,brightness,4.9,,homography,0.999,-0.04,7.9
2026-02-03 13:58:54,150,228,145,105,58,0.905,0.871,PP,S1,0.940,landmark,,UNMUTE,0,,1,72378,3ch,67,brightness,1.6,,homography,0.999,-0.04,7.9
2026-02-03 13:58:54,150,228,145,105,58,0.905,0.871,PP,S1,0.940,landmark,,UNMUTE,0,,1,72556,3ch,67,brightness,1.4,,homography,0.999,-0.04,7.9
2026-02-03 13:58:54,150,228,145,105,58,0.905,0.871,PP,S1,0.940,landmark,,UNMUTE,0,,1,72526,3ch,67,brightness,1.7,,homography,0.999,-0.04,7.9
2026-02-03 13:58:54,150,228,145,105,58,0.905,0.871,PP,S1,0.940,landmark,,UNMUTE,0,,1,72179,3ch,67,brightness,2.0,,homography,0.999,-0.04,7.9
2026-02-03 13:58:54,150,228,145,105,58,0.905,0.871,PP,S1,0.940,landmark,,UNMUTE,0,,1,72350,3ch,67,brightness,1.6,,homography,0.999,-0.04,7.9
2026-02-03 13:58:54,150,228,145,105,58,0.905,0.871,PP,S1,0.940,landmark,,UNMUTE,0,,1,47979,3ch,63,brightness,2.3,,homography,0.999,-0.04,7.9
2026-02-03 13:58:54,150,228,145,105,58,0.905,0.871,PP,S1,0.940,landmark,,UNMUTE,0,,1,52394,3ch,63,brightness,2.1,,homography,0.999,-0.04,7.9
2026-02-03 13:58:54,150,228,145,105,58,0.905,0.871,PP,S1,0.940,landmark,,UNMUTE,0,,1,54935,3ch,63,brightness,2.9,,homography,0.999,-0.04,7.9
2026-02-03 13:58:54,150,228,145,105,58,0.905,0.871,PP,S1,0.940,landmark,,UNMUTE,0,,1,56183,3ch,63,brightness,5.1,,homography,0.999,-0.04,7.9
2026-02-03 13:58:55,150,228,145,105,58,0.905,0.871,PP,S1,0.940,landmark,,UNMUTE,0,,1,57912,3ch,66,brightness,2.1,,homography,0.999,-0.04,7.9
2026-02-03 13:58:55,150,228,145,105,58,0.905,0.871,PP,S1,0.940,landmark,,UNMUTE,0,,1,59384,3ch,66,brightness,1.7,,homography,0.999,-0.04,7.9
2026-02-03 13:58:55,150,228,145,105,58,0.905,0.871,PP,S1,0.940,landmark,,UNMUTE,0,,1,61098,3ch,66,brightness,1.6,,homography,0.999,-0.04,7.9
2026-02-03 13:58:55,150,228,145,105,58,0.905,0.871,PP,S1,0.940,landmark,,UNMUTE,0,,1,61197,3ch,66,brightness,2.6,,homography,0.999,-0.04,7.9
2026-02-03 13:58:55,150,228,145,105,58,0.905,0.871,PP,S1,0.940,landmark,,UNMUTE,0,,1,62674,3ch,67,brightness,2.2,,homography,0.999,-0.04,7.9
2026-02-03 13:58:55,150,228,145,105,58,0.905,0.871,PP,S1,0.940,landmark,,UNMUTE,0,,1,63244,3ch,67,brightness,2.8,,homography,0.999,-0.04,7.9
2026-02-03 13:58:55,150,228,145,105,58,0.905,0.871,PP,S1,0.940,landmark,,UNMUTE,0,,1,63688,3ch,67,brightness,2.0,,homography,0.999,-0.04,7.9
2026-02-03 13:58:55,150,228,145,105,58,0.905,0.871,PP,S1,0.940,landmark,,UNMUTE,0,,1,64582,3ch,67,brightness,2.8,,homography,0.999,-0.04,7.9
2026-02-03 13:58:55,150,228,145,105,58,0.905,0.871,PP,S1,0.940,landmark,,UNMUTE,0,,1,65222,3ch,68,brightness,4.0,,homography,0.999,-0.04,7.9
2026-02-03 13:58:55,150,228,145,105,58,0.905,0.871,PP,S1,0.940,landmark,,UNMUTE,0,,1,68507,3ch,67,brightness,1.9,,homography,0.999,-0.04,7.9
2026-02-03 13:58:55,150,228,145,105,58,0.905,0.871,PP,S1,0.940,landmark,,UNMUTE,0,,1,68311,3ch,67,brightness,1.9,,homography,0.999,-0.04,7.9
2026-02-03 13:58:55,150,228,145,105,58,0.905,0.871,PP,S1,0.940,landmark,,UNMUTE,0,,1,68762,3ch,67,brightness,1.5,,homography,0.999,-0.04,7.9
2026-02-03 13:58:55,150,228,145,105,58,0.905,0.871,PP,S1,0.940,landmark,,UNMUTE,0,,1,68745,3ch,67,brightness,2.3,,homography,0.999,-0.04,7.9
2026-02-03 13:58:55,150,228,145,105,58,0.905,0.871,PP,S1,0.940,landmark,,UNMUTE,0,,1,68900,3ch,67,brightness,2.7,,homography,0.999,-0.04,7.9
2026-02-03 13:58:55,150,228,145,105,58,0.905,0.871,PP,S1,0.940,landmark,,UNMUTE,0,,1,68893,3ch,67,brightness,2.6,,homography,0.999,-0.04,7.9
2026-02-03 13:58:56,150,228,145,105,58,0.905,0.871,PP,S1,0.940,landmark,,UNMUTE,0,,1,69041,3ch,68,brightness,2.1,,homography,0.999,-0.04,7.9
2026-02-03 13:58:56,150,228,145,105,58,0.905,0.871,PP,S1,0.940,landmark,,UNMUTE,0,,1,69346,3ch,69,brightness,2.8,,homography,0.999,-0.04,7.9
2026-02-03 13:58:56,150,228,145,105,58,0.905,0.871,PP,S1,0.940,landmark,,UNMUTE,0,,1,69610,3ch,69,brightness,5.8,,homography,0.999,-0.04,7.9
2026-02-03 13:58:56,150,228,145,105,58,0.905,0.871,PP,S1,0.940,landmark,,UNMUTE,0,,1,69484,3ch,67,brightness,2.1,,homography,0.999,-0.04,7.9
2026-02-03 13:58:56,150,228,145,105,58,0.905,0.871,PP,S1,0.940,landmark,,UNMUTE,0,,1,69273,3ch,67,brightness,1.6,,homography,0.999,-0.04,7.9
2026-02-03 13:58:56,150,228,145,105,58,0.905,0.871,PP,S1,0.940,landmark,,UNMUTE,0,,1,70401,3ch,67,brightness,1.5,,homography,0.999,-0.04,7.9
2026-02-03 13:58:56,150,228,145,105,58,0.905,0.871,PP,S1,0.940,landmark,,UNMUTE,0,,1,70598,3ch,67,brightness,2.1,,homography,0.999,-0.04,7.9
2026-02-03 13:58:56,150,228,145,105,58,0.905,0.871,PP,S1,0.940,landmark,,UNMUTE,0,,1,71068,3ch,67,brightness,2.8,,homography,0.999,-0.04,7.9
2026-02-03 13:58:56,150,228,145,105,58,0.905,0.871,PP,S1,0.940,landmark,,UNMUTE,0,,1,70454,3ch,67,brightness,1.8,,homography,0.999,-0.04,7.9
2026-02-03 13:58:56,150,228,145,105,58,0.905,0.871,PP,S1,0.940,landmark,,UNMUTE,0,,1,71522,3ch,67,brightness,1.8,,homography,0.999,-0.04,7.9
2026-02-03 13:58:56,150,228,145,105,58,0.905,0.871,PP,S1,0.940,landmark,,UNMUTE,0,,1,72092,3ch,69,brightness,2.3,,homography,0.999,-0.04,7.9
2026-02-03 13:58:56,150,228,145,105,58,0.905,0.871,PP,S1,0.940,landmark,,UNMUTE,0,,1,42021,3ch,64,brightness,4.0,,homography,0.999,-0.04,7.9
2026-02-03 13:58:56,150,228,145,105,58,0.905,0.871,PP,S1,0.940,landmark,,UNMUTE,0,,1,52756,3ch,65,brightness,4.4,,homography,0.999,-0.04,7.9
2026-02-03 13:58:56,150,228,145,105,58,0.905,0.871,PP,S1,0.940,landmark,,UNMUTE,0,,1,53130,3ch,65,brightness,1.6,,homography,0.999,-0.04,7.9
2026-02-03 13:58:56,150,228,145,105,58,0.905,0.871,PP,S1,0.940,landmark,,UNMUTE,0,,1,54050,3ch,65,brightness,1.3,,homography,0.999,-0.04,7.9
2026-02-03 13:58:57,150,228,145,105,58,0.905,0.871,PP,S1,0.940,landmark,,UNMUTE,0,,1,55731,3ch,65,brightness,1.7,,homography,0.999,-0.04,7.9
2026-02-03 13:58:57,150,228,145,105,58,0.905,0.871,PP,S1,0.940,landmark,,UNMUTE,0,,1,57335,3ch,65,brightness,2.9,,homography,0.999,-0.04,7.9
2026-02-03 13:58:57,150,228,145,105,58,0.905,0.871,PP,S1,0.940,landmark,,UNMUTE,0,,1,59693,3ch,65,brightness,1.8,,homography,0.999,-0.04,7.9
2026-02-03 13:58:57,150,228,145,105,58,0.905,0.871,PP,S1,0.940,landmark,,UNMUTE,0,,1,60817,3ch,65,brightness,2.1,,homography,0.999,-0.04,7.9
2026-02-03 13:58:57,150,228,145,105,58,0.905,0.871,PP,S1,0.940,landmark,,UNMUTE,0,,1,61719,3ch,67,brightness,2.8,,homography,0.999,-0.04,7.9
2026-02-03 13:58:57,150,228,145,105,58,0.905,0.871,PP,S1,0.940,landmark,,UNMUTE,0,,1,62721,3ch,69,brightness,3.8,,homography,0.999,-0.04,7.9
2026-02-03 13:58:57,150,228,145,105,58,0.905,0.871,PP,S1,0.940,landmark,,UNMUTE,0,,1,64288,3ch,69,brightness,6.2,,homography,0.999,-0.04,7.9
2026-02-03 13:58:57,150,228,145,105,58,0.905,0.871,PP,S1,0.940,landmark,,UNMUTE,0,,1,64691,3ch,69,brightness,1.8,,homography,0.999,-0.04,7.9
2026-02-03 13:58:57,150,228,145,105,58,0.905,0.871,PP,S1,0.940,landmark,,UNMUTE,0,,1,65029,3ch,69,brightness,1.4,,homography,0.999,-0.04,7.9
2026-02-03 13:58:57,150,228,145,105,58,0.905,0.871,PP,S1,0.940,landmark,,UNMUTE,0,,1,66132,3ch,69,brightness,2.1,,homography,0.999,-0.04,7.9
2026-02-03 13:58:57,150,228,145,105,58,0.905,0.871,PP,S1,0.940,landmark,,UNMUTE,0,,1,66869,3ch,69,brightness,2.8,,homography,0.999,-0.04,7.9
2026-02-03 13:58:57,150,228,145,105,58,0.905,0.871,PP,S1,0.940,landmark,,UNMUTE,0,,1,67182,3ch,69,brightness,1.9,,homography,0.999,-0.04,7.9
2026-02-03 13:58:57,150,228,145,105,58,0.905,0.871,PP,S1,0.940,landmark,,UNMUTE,0,,1,67002,3ch,69,brightness,2.3,,homography,0.999,-0.04,7.9
2026-02-03 13:58:57,150,228,145,105,58,0.905,0.871,PP,S1,0.940,landmark,,UNMUTE,0,,1,67418,3ch,67,brightness,2.1,,homography,0.999,-0.04,7.9
2026-02-03 13:58:57,150,228,145,105,58,0.905,0.871,PP,S1,0.940,landmark,,UNMUTE,0,,1,67367,3ch,67,brightness,2.8,,homography,0.999,-0.04,7.9
2026-02-03 13:58:58,150,228,145,105,58,0.905,0.871,PP,S1,0.940,landmark,,UNMUTE,0,,1,67686,3ch,67,brightness,5.9,,homography,0.999,-0.04,7.9
2026-02-03 13:58:58,150,228,145,105,58,0.905,0.871,PP,S1,0.940,landmark,,UNMUTE,0,,1,67776,3ch,67,brightness,2.0,,homography,0.999,-0.04,7.9
2026-02-03 13:58:58,150,228,145,105,58,0.905,0.871,PP,S1,0.940,landmark,,UNMUTE,0,,1,67196,3ch,67,brightness,1.3,,homography,0.999,-0.04,7.9
2026-02-03 13:58:58,150,228,145,105,58,0.905,0.871,PP,S1,0.940,landmark,,UNMUTE,0,,1,66994,3ch,67,brightness,1.9,,homography,0.999,-0.04,7.9
2026-02-03 13:58:58,150,228,145,105,58,0.905,0.871,PP,S1,0.940,landmark,,UNMUTE,0,,1,67065,3ch,67,brightness,2.4,,homography,0.999,-0.04,7.9
2026-02-03 13:58:58,150,228,145,105,58,0.905,0.871,PP,S1,0.940,landmark,,UNMUTE,0,,1,67808,3ch,67,brightness,2.2,,homography,0.999,-0.04,7.9
2026-02-03 13:58:58,150,228,145,105,58,0.905,0.871,PP,S1,0.940,landmark,,UNMUTE,0,,1,67891,3ch,67,brightness,2.1,,homography,0.999,-0.04,7.9
2026-02-03 13:58:58,150,228,145,105,58,0.905,0.871,PP,S1,0.940,landmark,,UNMUTE,0,,1,67466,3ch,67,brightness,2.1,,homography,0.999,-0.04,7.9
2026-02-03 13:58:58,150,228,145,105,58,0.905,0.871,PP,S1,0.940,landmark,,UNMUTE,0,,1,67643,3ch,67,brightness,2.9,,homography,0.999,-0.04,7.9
2026-02-03 13:58:58,150,228,145,105,58,0.905,0.871,PP,S1,0.940,landmark,,UNMUTE,0,,1,68650,3ch,67,brightness,4.0,,homography,0.999,-0.04,7.9
2026-02-03 13:58:58,150,228,145,105,58,0.905,0.871,PP,S1,0.940,landmark,,UNMUTE,0,,1,68443,3ch,67,brightness,2.2,,homography,0.999,-0.04,7.9
2026-02-03 13:58:58,150,228,145,105,58,0.905,0.871,PP,S1,0.940,landmark,,UNMUTE,0,,1,40649,3ch,63,brightness,1.2,,homography,0.999,-0.04,7.9
2026-02-03 13:58:58,150,228,145,105,58,0.905,0.871,PP,S1,0.940,landmark,,UNMUTE,0,,1,48457,3ch,61,brightness,1.8,,homography,0.999,-0.04,7.9
2026-02-03 13:58:58,150,228,145,105,58,0.905,0.871,PP,S1,0.940,landmark,,UNMUTE,0,,1,51538,3ch,62,brightness,2.7,,homography,0.999,-0.04,7.9
2026-02-03 13:58:58,150,228,145,105,58,0.905,0.871,PP,S1,0.940,landmark,,UNMUTE,0,,1,53501,3ch,63,brightness,2.8,,homography,0.999,-0.04,7.9
2026-02-03 13:58:59,150,228,145,105,58,0.905,0.871,PP,S1,0.940,landmark,,UNMUTE,0,,1,56377,3ch,63,brightness,2.3,,homography,0.999,-0.04,7.9
2026-02-03 13:58:59,150,228,145,105,58,0.905,0.871,PP,S1,0.940,landmark,,UNMUTE,0,,1,59067,3ch,63,brightness,1.8,,homography,0.999,-0.04,7.9
2026-02-03 13:58:59,150,228,145,105,58,0.905,0.871,PP,S1,0.940,landmark,,UNMUTE,0,,1,60104,3ch,63,brightness,2.7,,homography,0.999,-0.04,7.9
2026-02-03 13:58:59,150,228,145,105,58,0.905,0.871,PP,S1,0.940,landmark,,UNMUTE,0,,1,61123,3ch,65,brightness,4.0,,homography,0.999,-0.04,7.9
2026-02-03 13:58:59,150,228,145,105,58,0.905,0.871,PP,S1,0.940,landmark,,UNMUTE,0,,1,62299,3ch,65,brightness,3.0,,homography,0.999,-0.04,7.9
2026-02-03 13:58:59,150,228,145,105,58,0.905,0.871,PP,S1,0.940,landmark,,UNMUTE,0,,1,63496,3ch,65,brightness,1.2,,homography,0.999,-0.04,7.9
2026-02-03 13:58:59,150,228,145,105,58,0.905,0.871,PP,S1,0.940,landmark,,UNMUTE,0,,1,63082,3ch,65,brightness,1.5,,homography,0.999,-0.04,7.9
2026-02-03 13:58:59,150,228,145,105,58,0.905,0.871,PP,S1,0.940,landmark,,UNMUTE,0,,1,63375,3ch,65,brightness,2.4,,homography,0.999,-0.04,7.9
2026-02-03 13:58:59,150,228,145,105,58,0.905,0.871,PP,S1,0.940,landmark,,UNMUTE,0,,1,63908,3ch,65,brightness,2.8,,homography,0.999,-0.04,7.9
2026-02-03 13:58:59,150,228,145,105,58,0.905,0.871,PP,S1,0.940,landmark,,UNMUTE,0,,1,65283,3ch,65,brightness,2.1,,homography,0.999,-0.04,7.9
2026-02-03 13:58:59,150,228,145,105,58,0.905,0.871,PP,S1,0.940,landmark,,UNMUTE,0,,1,65491,3ch,65,brightness,1.9,,homography,0.999,-0.04,7.9
2026-02-03 13:58:59,150,228,145,105,58,0.905,0.871,PP,S1,0.940,landmark,,UNMUTE,0,,1,65559,3ch,65,brightness,2.8,,homography,0.999,-0.04,7.9
2026-02-03 13:58:59,150,228,145,105,58,0.905,0.871,PP,S1,0.940,landmark,,UNMUTE,0,,1,66389,3ch,65,brightness,5.6,,homography,0.999,-0.04,7.9
2026-02-03 13:58:59,150,228,145,105,58,0.905,0.871,PP,S1,0.940,landmark,,UNMUTE,0,,1,66615,3ch,65,brightness,2.9,,homography,0.999,-0.04,7.9
2026-02-03 13:58:59,150,228,145,105,58,0.905,0.871,PP,S1,0.940,landmark,,UNMUTE,0,,1,66381,3ch,66,brightness,1.3,,homography,0.999,-0.04,7.9
2026-02-03 13:59:00,150,228,145,105,58,0.905,0.871,PP,S1,0.940,landmark,,UNMUTE,0,,1,67046,3ch,66,brightness,1.6,,homography,0.999,-0.04,7.9
2026-02-03 13:59:00,150,228,145,105,58,0.905,0.871,PP,S1,0.940,landmark,,UNMUTE,0,,1,68436,3ch,66,brightness,2.3,,homography,0.999,-0.04,7.9
2026-02-03 13:59:00,150,228,145,105,58,0.905,0.871,PP,S1,0.940,landmark,,UNMUTE,0,,1,68166,3ch,66,brightness,2.8,,homography,0.999,-0.04,7.9
2026-02-03 13:59:00,150,228,145,105,58,0.905,0.871,PP,S1,0.940,landmark,,UNMUTE,0,,1,67855,3ch,66,brightness,2.1,,homography,0.999,-0.04,7.9
2026-02-03 13:59:00,150,228,145,105,58,0.905,0.871,PP,S1,0.940,landmark,,UNMUTE,0,,1,67763,3ch,66,brightness,1.9,,homography,0.999,-0.04,7.9
2026-02-03 13:59:00,150,228,145,105,58,0.905,0.871,PP,S1,0.940,landmark,,UNMUTE,0,,1,68312,3ch,66,brightness,2.3,,homography,0.999,-0.04,7.9
2026-02-03 13:59:00,150,228,145,105,58,0.905,0.871,PP,S1,0.940,landmark,,UNMUTE,0,,1,68578,3ch,66,brightness,4.0,,homography,0.999,-0.04,7.9
2026-02-03 13:59:00,150,228,145,105,58,0.905,0.871,PP,S1,0.940,landmark,,UNMUTE,0,,1,69885,3ch,66,brightness,5.2,,homography,0.999,-0.04,7.9
2026-02-03 13:59:00,150,228,145,105,58,0.905,0.871,PP,S1,0.940,landmark,,UNMUTE,0,,1,69478,3ch,66,brightness,1.3,,homography,0.999,-0.04,7.9
2026-02-03 13:59:00,150,228,145,105,58,0.905,0.871,PP,S1,0.940,landmark,,UNMUTE,0,,1,69489,3ch,66,brightness,1.4,,homography,0.999,-0.04,7.9
2026-02-03 13:59:00,150,228,145,105,58,0.905,0.871,PP,S1,0.940,landmark,,UNMUTE,0,,1,69678,3ch,66,brightness,1.9,,homography,0.999,-0.04,7.9
2026-02-03 13:59:00,150,228,145,105,58,0.905,0.871,PP,S1,0.940,landmark,,UNMUTE,0,,1,40793,3ch,63,brightness,3.1,,homography,0.999,-0.04,7.9
2026-02-03 13:59:00,150,228,145,105,58,0.905,0.871,PP,S1,0.940,landmark,,UNMUTE,0,,1,48889,3ch,63,brightness,1.7,,homography,0.999,-0.04,7.9
2026-02-03 13:59:00,150,228,145,105,58,0.905,0.871,PP,S1,0.940,landmark,,UNMUTE,0,,1,53504,3ch,63,brightness,1.8,,homography,0.999,-0.04,7.9
2026-02-03 13:59:00,150,228,145,105,58,0.905,0.871,PP,S1,0.940,landmark,,UNMUTE,0,,1,54243,3ch,66,brightness,2.2,,homography,0.999,-0.04,7.9
2026-02-03 13:59:01,150,228,145,105,58,0.905,0.871,PP,S1,0.940,landmark,,UNMUTE,0,,1,57181,3ch,66,brightness,3.1,,homography,0.999,-0.04,7.9
2026-02-03 13:59:01,150,228,145,105,58,0.905,0.871,PP,S1,0.940,landmark,,UNMUTE,0,,1,58978,3ch,66,brightness,4.2,,homography,0.999,-0.04,7.9
2026-02-03 13:59:01,150,228,145,105,58,0.905,0.871,PP,S1,0.940,landmark,,UNMUTE,0,,1,59407,3ch,66,brightness,1.2,,homography,0.999,-0.04,7.9
2026-02-03 13:59:01,150,228,145,105,58,0.905,0.871,PP,S1,0.940,landmark,,UNMUTE,0,,1,60068,3ch,66,brightness,1.2,,homography,0.999,-0.04,7.9
2026-02-03 13:59:01,150,228,145,105,58,0.905,0.871,PP,S1,0.940,landmark,,UNMUTE,0,,1,62016,3ch,67,brightness,5.0,,homography,0.999,-0.04,7.9
2026-02-03 13:59:01,150,228,145,105,58,0.905,0.871,PP,S1,0.940,landmark,,UNMUTE,0,,1,63205,3ch,67,brightness,3.4,,homography,0.999,-0.04,7.9
2026-02-03 13:59:01,150,228,145,105,58,0.905,0.871,PP,S1,0.940,landmark,,UNMUTE,0,,1,63472,3ch,69,brightness,1.2,,homography,0.999,-0.04,7.9
2026-02-03 13:59:01,150,228,145,105,58,0.905,0.871,PP,S1,0.940,landmark,,UNMUTE,0,,1,63194,3ch,69,brightness,1.3,,homography,0.999,-0.04,7.9
2026-02-03 13:59:01,150,228,145,105,58,0.905,0.871,PP,S1,0.940,landmark,,UNMUTE,0,,1,63805,3ch,69,brightness,4.3,,homography,0.999,-0.04,7.9
2026-02-03 13:59:01,150,228,145,105,58,0.905,0.871,PP,S1,0.940,landmark,,UNMUTE,0,,1,64459,3ch,69,brightness,2.5,,homography,0.999,-0.04,7.9
2026-02-03 13:59:01,150,228,145,105,58,0.905,0.871,PP,S1,0.940,landmark,,UNMUTE,0,,1,64811,3ch,69,brightness,5.1,,homography,0.999,-0.04,7.9
2026-02-03 13:59:01,150,228,145,105,58,0.905,0.871,PP,S1,0.940,landmark,,UNMUTE,0,,1,65740,3ch,69,brightness,1.8,,homography,0.999,-0.04,7.9
2026-02-03 13:59:01,150,228,145,105,58,0.905,0.871,PP,S1,0.940,landmark,,UNMUTE,0,,1,66479,3ch,69,brightness,1.4,,homography,0.999,-0.04,7.9
2026-02-03 13:59:01,150,228,145,105,58,0.905,0.871,PP,S1,0.940,landmark,,UNMUTE,0,,1,67684,3ch,69,brightness,2.6,,homography,0.999,-0.04,7.9
2026-02-03 13:59:01,150,228,145,105,58,0.905,0.871,PP,S1,0.940,landmark,,UNMUTE,0,,1,67775,3ch,69,brightness,2.1,,homography,0.999,-0.04,7.9
2026-02-03 13:59:02,150,228,145,105,58,0.905,0.871,PP,S1,0.940,landmark,,UNMUTE,0,,1,67758,3ch,68,brightness,1.2,,homography,0.999,-0.04,7.9
2026-02-03 13:59:02,150,228,145,105,58,0.905,0.871,PP,S1,0.940,landmark,,UNMUTE,0,,1,67999,3ch,68,brightness,1.1,,homography,0.999,-0.04,7.9
2026-02-03 13:59:02,150,228,145,105,58,0.905,0.871,PP,S1,0.940,landmark,,UNMUTE,0,,1,68043,3ch,68,brightness,3.9,,homography,0.999,-0.04,7.9
2026-02-03 13:59:02,150,228,145,105,58,0.905,0.871,PP,S1,0.940,landmark,,UNMUTE,0,,1,68438,3ch,68,brightness,5.0,,homography,0.999,-0.04,7.9
2026-02-03 13:59:02,150,228,145,105,58,0.905,0.871,PP,S1,0.940,landmark,,UNMUTE,0,,1,69267,3ch,68,brightness,2.7,,homography,0.999,-0.04,7.9
2026-02-03 13:59:02,150,228,145,105,58,0.905,0.871,PP,S1,0.940,landmark,,UNMUTE,0,,1,69109,3ch,68,brightness,1.5,,homography,0.999,-0.04,7.9
2026-02-03 13:59:02,150,228,145,105,58,0.905,0.871,PP,S1,0.940,landmark,,UNMUTE,0,,1,69521,3ch,68,brightness,1.5,,homography,0.999,-0.04,7.9
2026-02-03 13:59:02,150,228,145,105,58,0.905,0.871,PP,S1,0.940,landmark,,UNMUTE,0,,1,69096,3ch,66,brightness,2.1,,homography,0.999,-0.04,7.9
2026-02-03 13:59:02,150,228,145,105,58,0.905,0.871,PP,S1,0.940,landmark,,UNMUTE,0,,1,69682,3ch,66,brightness,3.4,,homography,0.999,-0.04,7.9
2026-02-03 13:59:02,150,228,145,105,58,0.905,0.871,PP,S1,0.940,landmark,,UNMUTE,0,,1,70213,3ch,66,brightness,1.7,,homography,0.999,-0.04,7.9
2026-02-03 13:59:02,150,228,145,105,58,0.905,0.871,PP,S1,0.940,landmark,,UNMUTE,0,,1,70290,3ch,66,brightness,2.8,,homography,0.999,-0.04,7.9
2026-02-03 13:59:02,150,228,145,105,58,0.905,0.871,PP,S1,0.940,landmark,,UNMUTE,0,,1,38081,3ch,62,brightness,2.3,,homography,0.999,-0.04,7.9
2026-02-03 13:59:02,150,228,145,105,58,0.905,0.871,PP,S1,0.940,landmark,,UNMUTE,0,,1,45952,3ch,62,brightness,3.4,,homography,0.999,-0.04,7.9
2026-02-03 13:59:02,150,228,145,105,58,0.905,0.871,PP,S1,0.940,landmark,,UNMUTE,0,,1,48301,3ch,62,brightness,5.6,,homography,0.999,-0.04,7.9
2026-02-03 13:59:02,150,228,145,105,58,0.905,0.871,PP,S1,0.940,landmark,,UNMUTE,0,,1,50245,3ch,62,brightness,1.6,,homography,0.999,-0.04,7.9
2026-02-03 13:59:03,150,228,145,105,58,0.905,0.871,PP,S1,0.940,landmark,,UNMUTE,0,,1,53315,3ch,62,brightness,1.2,,homography,0.999,-0.04,7.9
2026-02-03 13:59:03,150,228,145,105,58,0.905,0.871,PP,S1,0.940,landmark,,UNMUTE,0,,1,55480,3ch,65,brightness,1.5,,homography,0.999,-0.04,7.9
2026-02-03 13:59:03,150,228,145,105,58,0.905,0.871,PP,S1,0.940,landmark,,UNMUTE,0,,1,56421,3ch,66,brightness,2.6,,homography,0.999,-0.04,7.9
2026-02-03 13:59:03,150,228,145,105,58,0.905,0.871,PP,S1,0.940,landmark,,UNMUTE,0,,1,57998,3ch,66,brightness,1.9,,homography,0.999,-0.04,7.9
2026-02-03 13:59:03,150,228,145,105,58,0.905,0.871,PP,S1,0.940,landmark,,UNMUTE,0,,1,59558,3ch,66,brightness,2.3,,homography,0.999,-0.04,7.9
2026-02-03 13:59:03,150,228,145,105,58,0.905,0.871,PP,S1,0.940,landmark,,UNMUTE,0,,1,59755,3ch,66,brightness,2.0,,homography,0.999,-0.04,7.9
2026-02-03 13:59:03,150,228,145,105,58,0.905,0.871,PP,S1,0.940,landmark,,UNMUTE,0,,1,61235,3ch,68,brightness,3.4,,homography,0.999,-0.04,7.9
2026-02-03 13:59:03,150,228,145,105,58,0.905,0.871,PP,S1,0.940,landmark,,UNMUTE,0,,1,62182,3ch,67,brightness,3.9,,homography,0.999,-0.04,7.9
2026-02-03 13:59:03,150,228,145,105,58,0.905,0.871,PP,S1,0.940,landmark,,UNMUTE,0,,1,62485,3ch,67,brightness,1.5,,homography,0.999,-0.04,7.9
2026-02-03 13:59:03,150,228,145,105,58,0.905,0.871,PP,S1,0.940,landmark,,UNMUTE,0,,1,62732,3ch,67,brightness,1.2,,homography,0.999,-0.04,7.9
2026-02-03 13:59:03,150,228,145,105,58,0.905,0.871,PP,S1,0.940,landmark,,UNMUTE,0,,1,63806,3ch,67,brightness,1.7,,homography,0.999,-0.04,7.9
2026-02-03 13:59:03,150,228,145,105,58,0.905,0.871,PP,S1,0.940,landmark,,UNMUTE,0,,1,64829,3ch,67,brightness,2.6,,homography,0.999,-0.04,7.9
2026-02-03 13:59:03,150,228,145,105,58,0.905,0.871,PP,S1,0.940,landmark,,UNMUTE,0,,1,64755,3ch,67,brightness,2.3,,homography,0.999,-0.04,7.9
2026-02-03 13:59:03,150,228,145,105,58,0.905,0.871,PP,S1,0.940,landmark,,UNMUTE,0,,1,64948,3ch,67,brightness,2.4,,homography,0.999,-0.04,7.9
2026-02-03 13:59:03,150,228,145,105,58,0.905,0.871,PP,S1,0.940,landmark,,UNMUTE,0,,1,65333,3ch,67,brightness,2.1,,homography,0.999,-0.04,7.9
2026-02-03 13:59:04,150,228,145,105,58,0.905,0.871,PP,S1,0.940,landmark,,UNMUTE,0,,1,65195,3ch,67,brightness,2.7,,homography,0.999,-0.04,7.9
2026-02-03 13:59:04,150,228,145,105,58,0.905,0.871,PP,S1,0.940,landmark,,UNMUTE,0,,1,65647,3ch,67,brightness,4.2,,homography,0.999,-0.04,7.9
2026-02-03 13:59:04,150,228,145,105,58,0.905,0.871,PP,S1,0.940,landmark,,UNMUTE,0,,1,65735,3ch,67,brightness,1.5,,homography,0.999,-0.04,7.9
2026-02-03 13:59:04,150,228,145,105,58,0.905,0.871,PP,S1,0.940,landmark,,UNMUTE,0,,1,66441,3ch,67,brightness,1.4,,homography,0.999,-0.04,7.9
2026-02-03 13:59:04,150,228,145,105,58,0.905,0.871,PP,S1,0.940,landmark,,UNMUTE,0,,1,66815,3ch,67,brightness,1.7,,homography,0.999,-0.04,7.9
2026-02-03 13:59:04,150,228,145,105,58,0.905,0.871,PP,S1,0.940,landmark,,UNMUTE,0,,1,67040,3ch,67,brightness,2.8,,homography,0.999,-0.04,7.9
2026-02-03 13:59:04,150,228,145,105,58,0.905,0.871,PP,S1,0.940,landmark,,UNMUTE,0,,1,66810,3ch,67,brightness,2.0,,homography,0.999,-0.04,7.9
2026-02-03 13:59:04,150,228,145,105,58,0.905,0.871,PP,S1,0.940,landmark,,UNMUTE,0,,1,67378,3ch,67,brightness,2.1,,homography,0.999,-0.04,7.9
2026-02-03 13:59:04,150,228,145,105,58,0.905,0.871,PP,S1,0.940,landmark,,UNMUTE,0,,1,68824,3ch,67,brightness,1.9,,homography,0.999,-0.04,7.9
2026-02-03 13:59:04,150,228,145,105,58,0.905,0.871,PP,S1,0.940,landmark,,UNMUTE,0,,1,68852,3ch,67,brightness,2.3,,homography,0.999,-0.04,7.9
2026-02-03 13:59:04,150,228,145,105,58,0.905,0.871,PP,S1,0.940,landmark,,UNMUTE,0,,1,68934,3ch,67,brightness,3.2,,homography,0.999,-0.04,7.9
2026-02-03 13:59:04,150,228,145,105,58,0.905,0.871,PP,S1,0.940,landmark,,UNMUTE,0,,1,41650,3ch,61,brightness,2.0,,homography,0.999,-0.04,7.9
2026-02-03 13:59:04,150,228,145,105,58,0.905,0.871,PP,S1,0.940,landmark,,UNMUTE,0,,1,49554,3ch,62,brightness,1.7,,homography,0.999,-0.04,7.9
2026-02-03 13:59:04,150,228,145,105,58,0.905,0.871,PP,S1,0.940,landmark,,UNMUTE,0,,1,52704,3ch,62,brightness,1.6,,homography,0.999,-0.04,7.9
2026-02-03 13:59:04,150,228,145,105,58,0.905,0.871,PP,S1,0.940,landmark,,UNMUTE,0,,1,55341,3ch,62,brightness,2.6,,homography,0.999,-0.04,7.9
2026-02-03 13:59:05,150,228,145,105,58,0.905,0.871,PP,S1,0.940,landmark,,UNMUTE,0,,1,57882,3ch,62,brightness,2.7,,homography,0.999,-0.04,7.9
2026-02-03 13:59:05,150,228,145,105,58,0.905,0.871,PP,S1,0.940,landmark,,UNMUTE,0,,1,59196,3ch,62,brightness,2.0,,homography,0.999,-0.04,7.9
2026-02-03 13:59:05,150,228,145,105,58,0.905,0.871,PP,S1,0.940,landmark,,UNMUTE,0,,1,60918,3ch,62,brightness,1.7,,homography,0.999,-0.04,7.9
2026-02-03 13:59:05,150,228,145,105,58,0.905,0.871,PP,S1,0.940,landmark,,UNMUTE,0,,1,62910,3ch,62,brightness,2.6,,homography,0.999,-0.04,7.9
2026-02-03 13:59:05,150,228,145,105,58,0.905,0.871,PP,S1,0.940,landmark,,UNMUTE,0,,1,63197,3ch,62,brightness,3.9,,homography,0.999,-0.04,7.9
2026-02-03 13:59:05,150,228,145,105,58,0.905,0.871,PP,S1,0.940,landmark,,UNMUTE,0,,1,63512,3ch,66,brightness,2.2,,homography,0.999,-0.04,7.9
2026-02-03 13:59:05,150,228,145,105,58,0.905,0.871,PP,S1,0.940,landmark,,UNMUTE,0,,1,64852,3ch,66,brightness,2.1,,homography,0.999,-0.04,7.9
2026-02-03 13:59:05,150,228,145,105,58,0.905,0.871,PP,S1,0.940,landmark,,UNMUTE,0,,1,65718,3ch,66,brightness,1.7,,homography,0.999,-0.04,7.9
2026-02-03 13:59:05,150,228,145,105,58,0.905,0.871,PP,S1,0.940,landmark,,UNMUTE,0,,1,65979,3ch,68,brightness,2.3,,homography,0.999,-0.04,7.9
2026-02-03 13:59:05,150,228,145,105,58,0.905,0.871,PP,S1,0.940,landmark,,UNMUTE,0,,1,66226,3ch,68,brightness,3.1,,homography,0.999,-0.04,7.9
2026-02-03 13:59:05,150,228,145,105,58,0.905,0.871,PP,S1,0.940,landmark,,UNMUTE,0,,1,66917,3ch,68,brightness,2.0,,homography,0.999,-0.04,7.9
2026-02-03 13:59:05,150,228,145,105,58,0.905,0.871,PP,S1,0.940,landmark,,UNMUTE,0,,1,67318,3ch,68,brightness,1.7,,homography,0.999,-0.04,7.9
2026-02-03 13:59:05,150,228,145,105,58,0.905,0.871,PP,S1,0.940,landmark,,UNMUTE,0,,1,67416,3ch,68,brightness,2.1,,homography,0.999,-0.04,7.9
2026-02-03 13:59:05,150,228,145,105,58,0.905,0.871,PP,S1,0.940,landmark,,UNMUTE,0,,1,67399,3ch,68,brightness,3.3,,homography,0.999,-0.04,7.9
2026-02-03 13:59:06,150,228,145,105,58,0.905,0.871,PP,S1,0.940,landmark,,UNMUTE,0,,1,67649,3ch,69,brightness,1.2,,homography,0.999,-0.04,7.9
2026-02-03 13:59:06,150,228,145,105,58,0.905,0.871,PP,S1,0.940,landmark,,UNMUTE,0,,1,68329,3ch,69,brightness,1.4,,homography,0.999,-0.04,7.9
2026-02-03 13:59:06,150,228,145,105,58,0.905,0.871,PP,S1,0.940,landmark,,UNMUTE,0,,1,68336,3ch,69,brightness,1.3,,homography,0.999,-0.04,7.9
2026-02-03 13:59:06,150,228,145,105,58,0.905,0.871,PP,S1,0.940,landmark,,UNMUTE,0,,1,68034,3ch,69,brightness,1.8,,homography,0.999,-0.04,7.9
2026-02-03 13:59:06,150,228,145,105,58,0.905,0.871,PP,S1,0.940,landmark,,UNMUTE,0,,1,68152,3ch,68,brightness,2.5,,homography,0.999,-0.04,7.9
2026-02-03 13:59:06,150,228,145,105,58,0.905,0.871,PP,S1,0.940,landmark,,UNMUTE,0,,1,68633,3ch,68,brightness,1.6,,homography,0.999,-0.04,7.9
2026-02-03 13:59:06,150,228,145,105,58,0.905,0.871,PP,S1,0.940,landmark,,UNMUTE,0,,1,69502,3ch,68,brightness,2.3,,homography,0.999,-0.04,7.9
2026-02-03 13:59:06,150,228,145,105,58,0.905,0.871,PP,S1,0.940,landmark,,UNMUTE,0,,1,69680,3ch,68,brightness,2.5,,homography,0.999,-0.04,7.9
2026-02-03 13:59:06,150,228,145,105,58,0.905,0.871,PP,S1,0.940,landmark,,UNMUTE,0,,1,69690,3ch,68,brightness,3.2,,homography,0.999,-0.04,7.9
2026-02-03 13:59:06,150,228,145,105,58,0.905,0.871,PP,S1,0.940,landmark,,UNMUTE,0,,1,69816,3ch,68,brightness,3.5,,homography,0.999,-0.04,7.9
2026-02-03 13:59:06,150,228,145,105,58,0.905,0.871,PP,S1,0.940,landmark,,UNMUTE,0,,1,69924,3ch,68,brightness,2.9,,homography,0.999,-0.04,7.9
2026-02-03 13:59:06,150,228,145,105,58,0.905,0.871,PP,S1,0.940,landmark,,UNMUTE,0,,1,69882,3ch,68,brightness,1.2,,homography,0.999,-0.04,7.9
2026-02-03 13:59:06,150,228,145,105,58,0.905,0.871,PP,S1,0.940,landmark,,UNMUTE,0,,1,48039,3ch,60,brightness,1.4,,homography,0.999,-0.04,7.9
2026-02-03 13:59:06,150,228,145,105,58,0.905,0.871,PP,S1,0.940,landmark,,UNMUTE,0,,1,53306,3ch,61,brightness,1.8,,homography,0.999,-0.04,7.9
2026-02-03 13:59:06,150,228,145,105,58,0.905,0.871,PP,S1,0.940,landmark,,UNMUTE,0,,1,56009,3ch,61,brightness,1.7,,homography,0.999,-0.04,7.9
2026-02-03 13:59:07,150,228,145,105,58,0.905,0.871,PP,S1,0.940,landmark,,UNMUTE,0,,1,56523,3ch,61,brightness,1.9,,homography,0.999,-0.04,7.9
2026-02-03 13:59:07,150,228,145,105,58,0.905,0.871,PP,S1,0.940,landmark,,UNMUTE,0,,1,58999,3ch,63,brightness,2.4,,homography,0.999,-0.04,7.9
2026-02-03 13:59:07,150,228,145,105,58,0.905,0.871,PP,S1,0.940,landmark,,UNMUTE,0,,1,60780,3ch,63,brightness,3.3,,homography,0.999,-0.04,7.9
2026-02-03 13:59:07,150,228,145,105,58,0.905,0.871,PP,S1,0.940,landmark,,UNMUTE,0,,1,61892,3ch,63,brightness,4.1,,homography,0.999,-0.04,7.9
2026-02-03 13:59:07,150,228,145,105,58,0.905,0.871,PP,S1,0.940,landmark,,UNMUTE,0,,1,62517,3ch,63,brightness,5.2,,homography,0.999,-0.04,7.9
2026-02-03 13:59:07,150,228,145,105,58,0.905,0.871,PP,S1,0.940,landmark,,UNMUTE,0,,1,63527,3ch,63,brightness,1.6,,homography,0.999,-0.04,7.9
2026-02-03 13:59:07,150,228,145,105,58,0.905,0.871,PP,S1,0.940,landmark,,UNMUTE,0,,1,64257,3ch,63,brightness,1.4,,homography,0.999,-0.04,7.9
2026-02-03 13:59:07,150,228,145,105,58,0.905,0.871,PP,S1,0.940,landmark,,UNMUTE,0,,1,65178,3ch,63,brightness,1.6,,homography,0.999,-0.04,7.9
2026-02-03 13:59:07,150,228,145,105,58,0.905,0.871,PP,S1,0.940,landmark,,UNMUTE,0,,1,65303,3ch,65,brightness,1.8,,homography,0.999,-0.04,7.9
2026-02-03 13:59:07,150,228,145,105,58,0.905,0.871,PP,S1,0.940,landmark,,UNMUTE,0,,1,66745,3ch,63,brightness,2.5,,homography,0.999,-0.04,7.9
2026-02-03 13:59:07,150,228,145,105,58,0.905,0.871,PP,S1,0.940,landmark,,UNMUTE,0,,1,67572,3ch,63,brightness,1.9,,homography,0.999,-0.04,7.9
2026-02-03 13:59:07,150,228,145,105,58,0.905,0.871,PP,S1,0.940,landmark,,UNMUTE,0,,1,68099,3ch,63,brightness,2.8,,homography,0.999,-0.04,7.9
2026-02-03 13:59:07,150,228,145,105,58,0.905,0.871,PP,S1,0.940,landmark,,UNMUTE,0,,1,68092,3ch,63,brightness,4.8,,homography,0.999,-0.04,7.9
2026-02-03 13:59:07,150,228,145,105,58,0.905,0.871,PP,S1,0.940,landmark,,UNMUTE,0,,1,67449,3ch,65,brightness,5.5,,homography,0.999,-0.04,7.9
2026-02-03 13:59:07,150,228,145,105,58,0.905,0.871,PP,S1,0.940,landmark,,UNMUTE,0,,1,68114,3ch,65,brightness,1.7,,homography,0.999,-0.04,7.9
2026-02-03 13:59:07,150,228,145,105,58,0.905,0.871,PP,S1,0.940,landmark,,UNMUTE,0,,1,68612,3ch,65,brightness,1.4,,homography,0.999,-0.04,7.9
2026-02-03 13:59:08,150,228,145,105,58,0.905,0.871,PP,S1,0.940,landmark,,UNMUTE,0,,1,68190,3ch,65,brightness,2.4,,homography,0.999,-0.04,7.9
2026-02-03 13:59:08,150,228,145,105,58,0.905,0.871,PP,S1,0.940,landmark,,UNMUTE,0,,1,68011,3ch,66,brightness,1.7,,homography,0.999,-0.04,7.9
2026-02-03 13:59:08,150,228,145,105,58,0.905,0.871,PP,S1,0.940,landmark,,UNMUTE,0,,1,68346,3ch,66,brightness,2.0,,homography,0.999,-0.04,7.9
2026-02-03 13:59:08,150,228,145,105,58,0.905,0.871,PP,S1,0.940,landmark,,UNMUTE,0,,1,68571,3ch,66,brightness,2.1,,homography,0.999,-0.04,7.9
2026-02-03 13:59:08,150,228,145,105,58,0.905,0.871,PP,S1,0.940,landmark,,UNMUTE,0,,1,69085,3ch,66,brightness,2.9,,homography,0.999,-0.04,7.9
2026-02-03 13:59:08,150,228,145,105,58,0.905,0.871,PP,S1,0.940,landmark,,UNMUTE,0,,1,68621,3ch,66,brightness,1.3,,homography,0.999,-0.04,7.9
2026-02-03 13:59:08,150,228,145,105,58,0.905,0.871,PP,S1,0.940,landmark,,UNMUTE,0,,1,68341,3ch,66,brightness,1.8,,homography,0.999,-0.04,7.9
2026-02-03 13:59:08,150,228,145,105,58,0.905,0.871,PP,S1,0.940,landmark,,UNMUTE,0,,1,68789,3ch,66,brightness,1.4,,homography,0.999,-0.04,7.9
2026-02-03 13:59:08,150,228,145,105,58,0.905,0.871,PP,S1,0.940,landmark,,UNMUTE,0,,1,68730,3ch,66,brightness,1.2,,homography,0.999,-0.04,7.9
2026-02-03 13:59:08,150,228,145,105,58,0.905,0.871,PP,S1,0.940,landmark,,UNMUTE,0,,1,69988,3ch,66,brightness,1.8,,homography,0.999,-0.04,7.9
2026-02-03 13:59:08,150,228,145,105,58,0.905,0.871,PP,S1,0.940,landmark,,UNMUTE,0,,1,70643,3ch,66,brightness,2.4,,homography,0.999,-0.04,7.9
2026-02-03 13:59:08,150,228,145,105,58,0.905,0.871,PP,S1,0.940,landmark,,UNMUTE,0,,1,41955,3ch,67,brightness,1.1,,homography,0.999,-0.04,7.9
2026-02-03 13:59:08,150,228,145,105,58,0.905,0.871,PP,S1,0.940,landmark,,UNMUTE,0,,1,48482,3ch,65,brightness,1.3,,homography,0.999,-0.04,7.9
2026-02-03 13:59:08,150,228,145,105,58,0.905,0.871,PP,S1,0.940,landmark,,UNMUTE,0,,1,52484,3ch,65,brightness,1.5,,homography,0.999,-0.04,7.9
2026-02-03 13:59:08,150,228,145,105,58,0.905,0.871,PP,S1,0.940,landmark,,UNMUTE,0,,1,53869,3ch,65,brightness,2.2,,homography,0.999,-0.04,7.9
2026-02-03 13:59:09,150,228,145,105,58,0.905,0.871,PP,S1,0.940,landmark,,UNMUTE,0,,1,55657,3ch,65,brightness,3.9,,homography,0.999,-0.04,7.9
2026-02-03 13:59:09,150,228,145,105,58,0.905,0.871,PP,S1,0.940,landmark,,UNMUTE,0,,1,56421,3ch,65,brightness,1.8,,homography,0.999,-0.04,7.9
2026-02-03 13:59:09,150,228,145,105,58,0.905,0.871,PP,S1,0.940,landmark,,UNMUTE,0,,1,57940,3ch,68,brightness,1.4,,homography,0.999,-0.04,7.9
2026-02-03 13:59:09,150,228,145,105,58,0.905,0.871,PP,S1,0.940,landmark,,UNMUTE,0,,1,58174,3ch,68,brightness,2.0,,homography,0.999,-0.04,7.9
2026-02-03 13:59:09,150,228,145,105,58,0.905,0.871,PP,S1,0.940,landmark,,UNMUTE,0,,1,61261,3ch,68,brightness,3.5,,homography,0.999,-0.04,7.9
2026-02-03 13:59:09,150,228,145,105,58,0.905,0.871,PP,S1,0.940,landmark,,UNMUTE,0,,1,62457,3ch,68,brightness,2.0,,homography,0.999,-0.04,7.9
2026-02-03 13:59:09,150,228,145,105,58,0.905,0.871,PP,S1,0.940,landmark,,UNMUTE,0,,1,63214,3ch,68,brightness,1.8,,homography,0.999,-0.04,7.9
2026-02-03 13:59:09,150,228,145,105,58,0.905,0.871,PP,S1,0.940,landmark,,UNMUTE,0,,1,64307,3ch,66,brightness,2.1,,homography,0.999,-0.04,7.9
2026-02-03 13:59:09,150,228,145,105,58,0.905,0.871,PP,S1,0.940,landmark,,UNMUTE,0,,1,65176,3ch,66,brightness,2.7,,homography,0.999,-0.04,7.9
2026-02-03 13:59:09,150,228,145,105,58,0.905,0.871,PP,S1,0.940,landmark,,UNMUTE,0,,1,65032,3ch,66,brightness,4.4,,homography,0.999,-0.04,7.9
2026-02-03 13:59:09,150,228,145,105,58,0.905,0.871,PP,S1,0.940,landmark,,UNMUTE,0,,1,65620,3ch,66,brightness,2.7,,homography,0.999,-0.04,7.9
2026-02-03 13:59:09,150,228,145,105,58,0.905,0.871,PP,S1,0.940,landmark,,UNMUTE,0,,1,65612,3ch,66,brightness,1.3,,homography,0.999,-0.04,7.9
2026-02-03 13:59:09,150,228,145,105,58,0.905,0.871,PP,S1,0.940,landmark,,UNMUTE,0,,1,65646,3ch,66,brightness,1.8,,homography,0.999,-0.04,7.9
2026-02-03 13:59:09,150,228,145,105,58,0.905,0.871,PP,S1,0.940,landmark,,UNMUTE,0,,1,66307,3ch,66,brightness,2.6,,homography,0.999,-0.04,7.9
2026-02-03 13:59:09,150,228,145,105,58,0.905,0.871,PP,S1,0.940,landmark,,UNMUTE,0,,1,66097,3ch,68,brightness,1.7,,homography,0.999,-0.04,7.9
2026-02-03 13:59:10,150,228,145,105,58,0.905,0.871,PP,S1,0.940,landmark,,UNMUTE,0,,1,66985,3ch,68,brightness,1.8,,homography,0.999,-0.04,7.9
2026-02-03 13:59:10,150,228,145,105,58,0.905,0.871,PP,S1,0.940,landmark,,UNMUTE,0,,1,67621,3ch,68,brightness,2.7,,homography,0.999,-0.04,7.9
2026-02-03 13:59:10,150,228,145,105,58,0.905,0.871,PP,S1,0.940,landmark,,UNMUTE,0,,1,68325,3ch,66,brightness,4.0,,homography,0.999,-0.04,7.9
2026-02-03 13:59:10,150,228,145,105,58,0.905,0.871,PP,S1,0.940,landmark,,UNMUTE,0,,1,67441,3ch,68,brightness,5.2,,homography,0.999,-0.04,7.9
2026-02-03 13:59:10,150,228,145,105,58,0.905,0.871,PP,S1,0.940,landmark,,UNMUTE,0,,1,68132,3ch,68,brightness,2.5,,homography,0.999,-0.04,7.9
2026-02-03 13:59:10,150,228,145,105,58,0.905,0.871,PP,S1,0.940,landmark,,UNMUTE,0,,1,68545,3ch,68,brightness,1.3,,homography,0.999,-0.04,7.9
2026-02-03 13:59:10,150,228,145,105,58,0.905,0.871,PP,S1,0.940,landmark,,UNMUTE,0,,1,68904,3ch,68,brightness,1.6,,homography,0.999,-0.04,7.9
2026-02-03 13:59:10,150,228,145,105,58,0.905,0.871,PP,S1,0.940,landmark,,UNMUTE,0,,1,69172,3ch,68,brightness,2.2,,homography,0.999,-0.04,7.9
2026-02-03 13:59:10,150,228,145,105,58,0.905,0.871,PP,S1,0.940,landmark,,UNMUTE,0,,1,69470,3ch,68,brightness,1.8,,homography,0.999,-0.04,7.9
2026-02-03 13:59:10,150,228,145,105,58,0.905,0.871,PP,S1,0.940,landmark,,UNMUTE,0,,1,70450,3ch,68,brightness,1.8,,homography,0.999,-0.04,7.9
2026-02-03 13:59:10,150,228,145,105,58,0.905,0.871,PP,S1,0.940,landmark,,UNMUTE,0,,1,71214,3ch,68,brightness,2.4,,homography,0.999,-0.04,7.9
2026-02-03 13:59:10,150,228,145,105,58,0.905,0.871,PP,S1,0.940,landmark,,UNMUTE,0,,1,44816,3ch,62,brightness,2.8,,homography,0.999,-0.04,7.9
2026-02-03 13:59:10,150,228,145,105,58,0.905,0.871,PP,S1,0.940,landmark,,UNMUTE,0,,1,52329,3ch,62,brightness,4.1,,homography,0.999,-0.04,7.9
2026-02-03 13:59:10,150,228,145,105,58,0.905,0.871,PP,S1,0.940,landmark,,UNMUTE,0,,1,52924,3ch,62,brightness,2.8,,homography,0.999,-0.04,7.9
2026-02-03 13:59:10,150,228,145,105,58,0.905,0.871,PP,S1,0.940,landmark,,UNMUTE,0,,1,55291,3ch,63,brightness,1.2,,homography,0.999,-0.04,7.9
2026-02-03 13:59:11,150,228,145,105,58,0.905,0.871,PP,S1,0.940,landmark,,UNMUTE,0,,1,57503,3ch,63,brightness,1.4,,homography,0.999,-0.04,7.9
2026-02-03 13:59:11,150,228,145,105,58,0.905,0.871,PP,S1,0.940,landmark,,UNMUTE,0,,1,59995,3ch,65,brightness,2.2,,homography,0.999,-0.04,7.9
2026-02-03 13:59:11,150,228,145,105,58,0.905,0.871,PP,S1,0.940,landmark,,UNMUTE,0,,1,61488,3ch,65,brightness,1.9,,homography,0.999,-0.04,7.9
2026-02-03 13:59:11,150,228,145,105,58,0.905,0.871,PP,S1,0.940,landmark,,UNMUTE,0,,1,62552,3ch,65,brightness,1.8,,homography,0.999,-0.04,7.9
2026-02-03 13:59:11,150,228,145,105,58,0.905,0.871,PP,S1,0.940,landmark,,UNMUTE,0,,1,64414,3ch,65,brightness,2.4,,homography,0.999,-0.04,7.9
2026-02-03 13:59:11,150,228,145,105,58,0.905,0.871,PP,S1,0.940,landmark,,UNMUTE,0,,1,64813,3ch,67,brightness,3.2,,homography,0.999,-0.04,7.9
2026-02-03 13:59:11,150,228,145,105,58,0.905,0.871,PP,S1,0.940,landmark,,UNMUTE,0,,1,65344,3ch,66,brightness,5.7,,homography,0.999,-0.04,7.9
2026-02-03 13:59:11,150,228,145,105,58,0.905,0.871,PP,S1,0.940,landmark,,UNMUTE,0,,1,65038,3ch,66,brightness,6.0,,homography,0.999,-0.04,7.9
2026-02-03 13:59:11,150,228,145,105,58,0.905,0.871,PP,S1,0.940,landmark,,UNMUTE,0,,1,64765,3ch,66,brightness,1.7,,homography,0.999,-0.04,7.9
2026-02-03 13:59:11,150,228,145,105,58,0.905,0.871,PP,S1,0.940,landmark,,UNMUTE,0,,1,65573,3ch,66,brightness,1.3,,homography,0.999,-0.04,7.9
2026-02-03 13:59:11,150,228,145,105,58,0.905,0.871,PP,S1,0.940,landmark,,UNMUTE,0,,1,66360,3ch,66,brightness,2.0,,homography,0.999,-0.04,7.9
2026-02-03 13:59:11,150,228,145,105,58,0.905,0.871,PP,S1,0.940,landmark,,UNMUTE,0,,1,66507,3ch,66,brightness,2.1,,homography,0.999,-0.04,7.9
2026-02-03 13:59:11,150,228,145,105,58,0.905,0.871,PP,S1,0.940,landmark,,UNMUTE,0,,1,66490,3ch,66,brightness,1.7,,homography,0.999,-0.04,7.9
2026-02-03 13:59:11,150,228,145,105,58,0.905,0.871,PP,S1,0.940,landmark,,UNMUTE,0,,1,66980,3ch,68,brightness,2.4,,homography,0.999,-0.04,7.9
2026-02-03 13:59:11,150,228,145,105,58,0.905,0.871,PP,S1,0.940,landmark,,UNMUTE,0,,1,68645,3ch,68,brightness,3.3,,homography,0.999,-0.04,7.9
2026-02-03 13:59:12,150,228,145,105,58,0.905,0.871,PP,S1,0.940,landmark,,UNMUTE,0,,1,68352,3ch,67,brightness,6.3,,homography,0.999,-0.04,7.9
2026-02-03 13:59:12,150,228,145,105,58,0.905,0.871,PP,S1,0.940,landmark,,UNMUTE,0,,1,68408,3ch,67,brightness,5.0,,homography,0.999,-0.04,7.9
2026-02-03 13:59:12,150,228,145,105,58,0.905,0.871,PP,S1,0.940,landmark,,UNMUTE,0,,1,69197,3ch,67,brightness,1.8,,homography,0.999,-0.04,7.9
2026-02-03 13:59:12,150,228,145,105,58,0.905,0.871,PP,S1,0.940,landmark,,UNMUTE,0,,1,68543,3ch,67,brightness,1.3,,homography,0.999,-0.04,7.9
2026-02-03 13:59:12,150,228,145,105,58,0.905,0.871,PP,S1,0.940,landmark,,UNMUTE,0,,1,68099,3ch,67,brightness,1.8,,homography,0.999,-0.04,7.9
2026-02-03 13:59:12,150,228,145,105,58,0.905,0.871,PP,S1,0.940,landmark,,UNMUTE,0,,1,68349,3ch,67,brightness,1.5,,homography,0.999,-0.04,7.9
2026-02-03 13:59:12,150,228,145,105,58,0.905,0.871,PP,S1,0.940,landmark,,UNMUTE,0,,1,68664,3ch,67,brightness,1.7,,homography,0.999,-0.04,7.9
2026-02-03 13:59:12,150,228,145,105,58,0.905,0.871,PP,S1,0.940,landmark,,UNMUTE,0,,1,68991,3ch,67,brightness,2.4,,homography,0.999,-0.04,7.9
2026-02-03 13:59:12,150,228,145,105,58,0.905,0.871,PP,S1,0.940,landmark,,UNMUTE,0,,1,69915,3ch,67,brightness,3.4,,homography,0.999,-0.04,7.9
2026-02-03 13:59:12,150,228,145,105,58,0.905,0.871,PP,S1,0.940,landmark,,UNMUTE,0,,1,69247,3ch,67,brightness,3.7,,homography,0.999,-0.04,7.9
2026-02-03 13:59:12,150,228,145,105,58,0.905,0.871,PP,S1,0.940,landmark,,UNMUTE,0,,1,69924,3ch,67,brightness,5.7,,homography,0.999,-0.04,7.9
2026-02-03 13:59:12,150,228,145,105,58,0.905,0.871,PP,S1,0.940,landmark,,UNMUTE,0,,1,42855,3ch,64,brightness,1.7,,homography,0.999,-0.04,7.9
2026-02-03 13:59:12,150,228,145,105,58,0.905,0.871,PP,S1,0.940,landmark,,UNMUTE,0,,1,52111,3ch,63,brightness,1.3,,homography,0.999,-0.04,7.9
2026-02-03 13:59:12,150,228,145,105,58,0.905,0.871,PP,S1,0.940,landmark,,UNMUTE,0,,1,54058,3ch,63,brightness,1.3,,homography,0.999,-0.04,7.9
2026-02-03 13:59:12,150,228,145,105,58,0.905,0.871,PP,S1,0.940,landmark,,UNMUTE,0,,1,55371,3ch,63,brightness,1.3,,homography,0.999,-0.04,7.9
2026-02-03 13:59:13,150,228,145,105,58,0.905,0.871,PP,S1,0.940,landmark,,UNMUTE,0,,1,57876,3ch,63,brightness,1.7,,homography,0.999,-0.04,7.9
2026-02-03 13:59:13,150,228,145,105,58,0.905,0.871,PP,S1,0.940,landmark,,UNMUTE,0,,1,59611,3ch,63,brightness,2.1,,homography,0.999,-0.04,7.9
2026-02-03 13:59:13,150,228,145,105,58,0.905,0.871,PP,S1,0.940,landmark,,UNMUTE,0,,1,60432,3ch,63,brightness,2.8,,homography,0.999,-0.04,7.9
2026-02-03 13:59:13,150,228,145,105,58,0.905,0.871,PP,S1,0.940,landmark,,UNMUTE,0,,1,62777,3ch,65,brightness,7.5,,homography,0.999,-0.04,7.9
2026-02-03 13:59:13,150,228,145,105,58,0.905,0.871,PP,S1,0.940,landmark,,UNMUTE,0,,1,63746,3ch,65,brightness,3.9,,homography,0.999,-0.04,7.9
2026-02-03 13:59:13,150,228,145,105,58,0.905,0.871,PP,S1,0.940,landmark,,UNMUTE,0,,1,64956,3ch,65,brightness,1.9,,homography,0.999,-0.04,7.9
2026-02-03 13:59:13,150,228,145,105,58,0.905,0.871,PP,S1,0.940,landmark,,UNMUTE,0,,1,65563,3ch,65,brightness,1.3,,homography,0.999,-0.04,7.9
2026-02-03 13:59:13,150,228,145,105,58,0.905,0.871,PP,S1,0.940,landmark,,UNMUTE,0,,1,66062,3ch,65,brightness,1.8,,homography,0.999,-0.04,7.9
2026-02-03 13:59:13,150,228,145,105,58,0.905,0.871,PP,S1,0.940,landmark,,UNMUTE,0,,1,66334,3ch,65,brightness,2.1,,homography,0.999,-0.04,7.9
2026-02-03 13:59:13,150,228,145,105,58,0.905,0.871,PP,S1,0.940,landmark,,UNMUTE,0,,1,67439,3ch,65,brightness,1.9,,homography,0.999,-0.04,7.9
2026-02-03 13:59:13,150,228,145,105,58,0.905,0.871,PP,S1,0.940,landmark,,UNMUTE,0,,1,67475,3ch,66,brightness,1.8,,homography,0.999,-0.04,7.9
2026-02-03 13:59:13,150,228,145,105,58,0.905,0.871,PP,S1,0.940,landmark,,UNMUTE,0,,1,66746,3ch,66,brightness,2.8,,homography,0.999,-0.04,7.9
2026-02-03 13:59:13,150,228,145,105,58,0.905,0.871,PP,S1,0.940,landmark,,UNMUTE,0,,1,67008,3ch,66,brightness,5.6,,homography,0.999,-0.04,7.9
2026-02-03 13:59:13,150,228,145,105,58,0.905,0.871,PP,S1,0.940,landmark,,UNMUTE,0,,1,67867,3ch,66,brightness,5.5,,homography,0.999,-0.04,7.9
2026-02-03 13:59:13,150,228,145,105,58,0.905,0.871,PP,S1,0.940,landmark,,UNMUTE,0,,1,69465,3ch,66,brightness,2.4,,homography,0.999,-0.04,7.9
2026-02-03 13:59:14,150,228,145,105,58,0.905,0.871,PP,S1,0.940,landmark,,UNMUTE,0,,1,68728,3ch,66,brightness,1.9,,homography,0.999,-0.04,7.9
2026-02-03 13:59:14,150,228,145,105,58,0.905,0.871,PP,S1,0.940,landmark,,UNMUTE,0,,1,69386,3ch,66,brightness,1.4,,homography,0.999,-0.04,7.9
2026-02-03 13:59:14,150,228,145,105,58,0.905,0.871,PP,S1,0.940,landmark,,UNMUTE,0,,1,68367,3ch,66,brightness,2.1,,homography,0.999,-0.04,7.9
2026-02-03 13:59:14,150,228,145,105,58,0.905,0.871,PP,S1,0.940,landmark,,UNMUTE,0,,1,68493,3ch,67,brightness,1.6,,homography,0.999,-0.04,7.9
2026-02-03 13:59:14,150,228,145,105,58,0.905,0.871,PP,S1,0.940,landmark,,UNMUTE,0,,1,68954,3ch,67,brightness,1.8,,homography,0.999,-0.04,7.9
2026-02-03 13:59:14,150,228,145,105,58,0.905,0.871,PP,S1,0.940,landmark,,UNMUTE,0,,1,68596,3ch,67,brightness,2.5,,homography,0.999,-0.04,7.9
2026-02-03 13:59:14,150,228,145,105,58,0.905,0.871,PP,S1,0.940,landmark,,UNMUTE,0,,1,69095,3ch,67,brightness,3.9,,homography,0.999,-0.04,7.9
2026-02-03 13:59:14,150,228,145,105,58,0.905,0.871,PP,S1,0.940,landmark,,UNMUTE,0,,1,68708,3ch,67,brightness,3.5,,homography,0.999,-0.04,7.9
2026-02-03 13:59:14,150,228,145,105,58,0.905,0.871,PP,S1,0.940,landmark,,UNMUTE,0,,1,69541,3ch,67,brightness,2.9,,homography,0.999,-0.04,7.9
2026-02-03 13:59:14,150,228,145,105,58,0.905,0.871,PP,S1,0.940,landmark,,UNMUTE,0,,1,70663,3ch,67,brightness,1.6,,homography,0.999,-0.04,7.9
2026-02-03 13:59:14,150,228,145,105,58,0.905,0.871,PP,S1,0.940,landmark,,UNMUTE,0,,1,70258,3ch,67,brightness,1.7,,homography,0.999,-0.04,7.9
2026-02-03 13:59:14,150,228,145,105,58,0.905,0.871,PP,S1,0.940,landmark,,UNMUTE,0,,1,43732,3ch,64,brightness,2.4,,homography,0.999,-0.04,7.9
2026-02-03 13:59:14,150,228,145,105,58,0.905,0.871,PP,S1,0.940,landmark,,UNMUTE,0,,1,51067,3ch,62,brightness,1.9,,homography,0.999,-0.04,7.9
2026-02-03 13:59:14,150,228,145,105,58,0.905,0.871,PP,S1,0.940,landmark,,UNMUTE,0,,1,53790,3ch,62,brightness,1.7,,homography,0.999,-0.04,7.9
2026-02-03 13:59:14,150,228,145,105,58,0.905,0.871,PP,S1,0.940,landmark,,UNMUTE,0,,1,55754,3ch,65,brightness,2.3,,homography,0.999,-0.04,7.9
2026-02-03 13:59:15,150,228,145,105,58,0.905,0.871,PP,S1,0.940,landmark,,UNMUTE,0,,1,58228,3ch,65,brightness,2.8,,homography,0.999,-0.04,7.9
2026-02-03 13:59:15,150,228,145,105,58,0.905,0.871,PP,S1,0.940,landmark,,UNMUTE,0,,1,59972,3ch,65,brightness,4.1,,homography,0.999,-0.04,7.9
2026-02-03 13:59:15,150,228,145,105,58,0.905,0.871,PP,S1,0.940,landmark,,UNMUTE,0,,1,61037,3ch,65,brightness,3.1,,homography,0.999,-0.04,7.9
2026-02-03 13:59:15,150,228,145,105,58,0.905,0.871,PP,S1,0.940,landmark,,UNMUTE,0,,1,62846,3ch,67,brightness,2.1,,homography,0.999,-0.04,7.9
2026-02-03 13:59:15,150,228,145,105,58,0.905,0.871,PP,S1,0.940,landmark,,UNMUTE,0,,1,62710,3ch,67,brightness,1.4,,homography,0.999,-0.04,7.9
2026-02-03 13:59:15,150,228,145,105,58,0.905,0.871,PP,S1,0.940,landmark,,UNMUTE,0,,1,63493,3ch,67,brightness,1.9,,homography,0.999,-0.04,7.9
2026-02-03 13:59:15,150,228,145,105,58,0.905,0.871,PP,S1,0.940,landmark,,UNMUTE,0,,1,63817,3ch,67,brightness,1.7,,homography,0.999,-0.04,7.9
2026-02-03 13:59:15,150,228,145,105,58,0.905,0.871,PP,S1,0.940,landmark,,UNMUTE,0,,1,64578,3ch,67,brightness,1.7,,homography,0.999,-0.04,7.9
2026-02-03 13:59:15,150,228,145,105,58,0.905,0.871,PP,S1,0.940,landmark,,UNMUTE,0,,1,66160,3ch,67,brightness,2.1,,homography,0.999,-0.04,7.9
2026-02-03 13:59:15,150,228,145,105,58,0.905,0.871,PP,S1,0.940,landmark,,UNMUTE,0,,1,66970,3ch,67,brightness,2.8,,homography,0.999,-0.04,7.9
2026-02-03 13:59:15,150,228,145,105,58,0.905,0.871,PP,S1,0.940,landmark,,UNMUTE,0,,1,67193,3ch,67,brightness,4.3,,homography,0.999,-0.04,7.9
2026-02-03 13:59:15,150,228,145,105,58,0.905,0.871,PP,S1,0.940,landmark,,UNMUTE,0,,1,66913,3ch,67,brightness,5.4,,homography,0.999,-0.04,7.9
2026-02-03 13:59:15,150,228,145,105,58,0.905,0.871,PP,S1,0.940,landmark,,UNMUTE,0,,1,67425,3ch,69,brightness,1.7,,homography,0.999,-0.04,7.9
2026-02-03 13:59:15,150,228,145,105,58,0.905,0.871,PP,S1,0.940,landmark,,UNMUTE,0,,1,68127,3ch,69,brightness,1.6,,homography,0.999,-0.04,7.9
2026-02-03 13:59:15,150,228,145,105,58,0.905,0.871,PP,S1,0.940,landmark,,UNMUTE,0,,1,68361,3ch,68,brightness,1.7,,homography,0.999,-0.04,7.9
2026-02-03 13:59:16,150,228,145,105,58,0.905,0.871,PP,S1,0.940,landmark,,UNMUTE,0,,1,68375,3ch,68,brightness,1.5,,homography,0.999,-0.04,7.9
2026-02-03 13:59:16,150,228,145,105,58,0.905,0.871,PP,S1,0.940,landmark,,UNMUTE,0,,1,69206,3ch,68,brightness,1.7,,homography,0.999,-0.04,7.9
2026-02-03 13:59:16,150,228,145,105,58,0.905,0.871,PP,S1,0.940,landmark,,UNMUTE,0,,1,69440,3ch,67,brightness,2.1,,homography,0.999,-0.04,7.9
2026-02-03 13:59:16,150,228,145,105,58,0.905,0.871,PP,S1,0.940,landmark,,UNMUTE,0,,1,69501,3ch,67,brightness,2.9,,homography,0.999,-0.04,7.9
2026-02-03 13:59:16,150,228,145,105,58,0.905,0.871,PP,S1,0.940,landmark,,UNMUTE,0,,1,69407,3ch,67,brightness,5.0,,homography,0.999,-0.04,7.9
2026-02-03 13:59:16,150,228,145,105,58,0.905,0.871,PP,S1,0.940,landmark,,UNMUTE,0,,1,69593,3ch,67,brightness,5.5,,homography,0.999,-0.04,7.9
2026-02-03 13:59:16,150,228,145,105,58,0.905,0.871,PP,S1,0.940,landmark,,UNMUTE,0,,1,68562,3ch,67,brightness,1.5,,homography,0.999,-0.04,7.9
2026-02-03 13:59:16,150,228,145,105,58,0.905,0.871,PP,S1,0.940,landmark,,UNMUTE,0,,1,69773,3ch,67,brightness,1.3,,homography,0.999,-0.04,7.9
2026-02-03 13:59:16,150,228,145,105,58,0.905,0.871,PP,S1,0.940,landmark,,UNMUTE,0,,1,70762,3ch,66,brightness,1.7,,homography,0.999,-0.04,7.9
2026-02-03 13:59:16,150,228,145,105,58,0.905,0.871,PP,S1,0.940,landmark,,UNMUTE,0,,1,71815,3ch,66,brightness,1.7,,homography,0.999,-0.04,7.9
2026-02-03 13:59:16,150,228,145,105,58,0.905,0.871,PP,S1,0.940,landmark,,UNMUTE,0,,1,70895,3ch,66,brightness,1.5,,homography,0.999,-0.04,7.9
2026-02-03 13:59:16,150,228,145,105,58,0.905,0.871,PP,S1,0.940,landmark,,UNMUTE,0,,1,45085,3ch,63,brightness,1.8,,homography,0.999,-0.04,7.9
2026-02-03 13:59:16,150,228,145,105,58,0.905,0.871,PP,S1,0.940,landmark,,UNMUTE,0,,1,53091,3ch,63,brightness,2.7,,homography,0.999,-0.04,7.9
2026-02-03 13:59:16,150,228,145,105,58,0.905,0.871,PP,S1,0.940,landmark,,UNMUTE,0,,1,56053,3ch,63,brightness,3.2,,homography,0.999,-0.04,7.9
2026-02-03 13:59:16,150,228,145,105,58,0.905,0.871,PP,S1,0.940,landmark,,UNMUTE,0,,1,57011,3ch,64,brightness,2.7,,homography,0.999,-0.04,7.9
2026-02-03 13:59:17,150,228,145,105,58,0.905,0.871,PP,S1,0.940,landmark,,UNMUTE,0,,1,58769,3ch,64,brightness,1.6,,homography,0.999,-0.04,7.9
2026-02-03 13:59:17,150,228,145,105,58,0.905,0.871,PP,S1,0.940,landmark,,UNMUTE,0,,1,59921,3ch,68,brightness,1.2,,homography,0.999,-0.04,7.9
2026-02-03 13:59:17,150,228,145,105,58,0.905,0.871,PP,S1,0.940,landmark,,UNMUTE,0,,1,60959,3ch,68,brightness,1.7,,homography,0.999,-0.04,7.9
2026-02-03 13:59:17,150,228,145,105,58,0.905,0.871,PP,S1,0.940,landmark,,UNMUTE,0,,1,62495,3ch,68,brightness,1.6,,homography,0.999,-0.04,7.9
2026-02-03 13:59:17,150,228,145,105,58,0.905,0.871,PP,S1,0.940,landmark,,UNMUTE,0,,1,63577,3ch,68,brightness,2.2,,homography,0.999,-0.04,7.9
2026-02-03 13:59:17,150,228,145,105,58,0.905,0.871,PP,S1,0.940,landmark,,UNMUTE,0,,1,64991,3ch,68,brightness,2.1,,homography,0.999,-0.04,7.9
2026-02-03 13:59:17,150,228,145,105,58,0.905,0.871,PP,S1,0.940,landmark,,UNMUTE,0,,1,65078,3ch,68,brightness,3.3,,homography,0.999,-0.04,7.9
2026-02-03 13:59:17,150,228,145,105,58,0.905,0.871,PP,S1,0.940,landmark,,UNMUTE,0,,1,66145,3ch,68,brightness,5.0,,homography,0.999,-0.04,7.9
2026-02-03 13:59:17,150,228,145,105,58,0.905,0.871,PP,S1,0.940,landmark,,UNMUTE,0,,1,66929,3ch,68,brightness,5.2,,homography,0.999,-0.04,7.9
2026-02-03 13:59:17,150,228,145,105,58,0.905,0.871,PP,S1,0.940,landmark,,UNMUTE,0,,1,67178,3ch,68,brightness,2.1,,homography,0.999,-0.04,7.9
2026-02-03 13:59:17,150,228,145,105,58,0.905,0.871,PP,S1,0.940,landmark,,UNMUTE,0,,1,67293,3ch,68,brightness,1.2,,homography,0.999,-0.04,7.9
2026-02-03 13:59:17,150,228,145,105,58,0.905,0.871,PP,S1,0.940,landmark,,UNMUTE,0,,1,68801,3ch,68,brightness,1.6,,homography,0.999,-0.04,7.9
2026-02-03 13:59:17,150,228,145,105,58,0.905,0.871,PP,S1,0.940,landmark,,UNMUTE,0,,1,68946,3ch,68,brightness,1.9,,homography,0.999,-0.04,7.9
2026-02-03 13:59:17,150,228,145,105,58,0.905,0.871,PP,S1,0.940,landmark,,UNMUTE,0,,1,71027,3ch,68,brightness,2.0,,homography,0.999,-0.04,7.9
2026-02-03 13:59:17,150,228,145,105,58,0.905,0.871,PP,S1,0.940,landmark,,UNMUTE,0,,1,70587,3ch,68,brightness,2.2,,homography,0.999,-0.04,7.9
2026-02-03 13:59:18,150,228,145,105,58,0.905,0.871,PP,S1,0.940,landmark,,UNMUTE,0,,1,70922,3ch,68,brightness,2.7,,homography,0.999,-0.04,7.9
2026-02-03 13:59:18,150,228,145,105,58,0.905,0.871,PP,S1,0.940,landmark,,UNMUTE,0,,1,71006,3ch,67,brightness,4.0,,homography,0.999,-0.04,7.9
2026-02-03 13:59:18,150,228,145,105,58,0.905,0.871,PP,S1,0.940,landmark,,UNMUTE,0,,1,71784,3ch,67,brightness,5.6,,homography,0.999,-0.04,7.9
2026-02-03 13:59:18,150,228,145,105,58,0.905,0.871,PP,S1,0.940,landmark,,UNMUTE,0,,1,72074,3ch,67,brightness,2.2,,homography,0.999,-0.04,7.9
2026-02-03 13:59:18,150,228,145,105,58,0.905,0.871,PP,S1,0.940,landmark,,UNMUTE,0,,1,72577,3ch,67,brightness,1.4,,homography,0.999,-0.04,7.9
2026-02-03 13:59:18,150,228,145,105,58,0.905,0.871,PP,S1,0.940,landmark,,UNMUTE,0,,1,72905,3ch,67,brightness,2.0,,homography,0.999,-0.04,7.9
2026-02-03 13:59:18,150,228,145,105,58,0.905,0.871,PP,S1,0.940,landmark,,UNMUTE,0,,1,72381,3ch,67,brightness,1.6,,homography,0.999,-0.04,7.9
2026-02-03 13:59:18,150,228,145,105,58,0.905,0.871,PP,S1,0.940,landmark,,UNMUTE,0,,1,72014,3ch,67,brightness,2.0,,homography,0.999,-0.04,7.9
2026-02-03 13:59:18,150,228,145,105,58,0.905,0.871,PP,S1,0.940,landmark,,UNMUTE,0,,1,72038,3ch,67,brightness,2.0,,homography,0.999,-0.04,7.9
2026-02-03 13:59:18,150,228,145,105,58,0.905,0.871,PP,S1,0.940,landmark,,UNMUTE,0,,1,72187,3ch,67,brightness,2.8,,homography,0.999,-0.04,7.9
2026-02-03 13:59:18,150,228,145,105,58,0.905,0.871,PP,S1,0.940,landmark,,UNMUTE,0,,1,72165,3ch,67,brightness,3.9,,homography,0.999,-0.04,7.9
2026-02-03 13:59:18,150,228,145,105,58,0.905,0.871,PP,S1,0.940,landmark,,UNMUTE,0,,1,38442,3ch,60,brightness,5.4,,homography,0.999,-0.04,7.9
2026-02-03 13:59:18,150,228,145,105,58,0.905,0.871,PP,S1,0.940,landmark,,UNMUTE,0,,1,47125,3ch,61,brightness,3.3,,homography,0.999,-0.04,7.9
2026-02-03 13:59:18,150,228,145,105,58,0.905,0.871,PP,S1,0.940,landmark,,UNMUTE,0,,1,50404,3ch,61,brightness,1.2,,homography,0.999,-0.04,7.9
2026-02-03 13:59:18,150,228,145,105,58,0.905,0.871,PP,S1,0.940,landmark,,UNMUTE,0,,1,52521,3ch,65,brightness,1.4,,homography,0.999,-0.04,7.9
2026-02-03 13:59:19,150,228,145,105,58,0.905,0.871,PP,S1,0.940,landmark,,UNMUTE,0,,1,54425,3ch,65,brightness,1.3,,homography,0.999,-0.04,7.9
2026-02-03 13:59:19,150,228,145,105,58,0.905,0.871,PP,S1,0.940,landmark,,UNMUTE,0,,1,57180,3ch,65,brightness,2.3,,homography,0.999,-0.04,7.9
2026-02-03 13:59:19,150,228,145,105,58,0.905,0.871,PP,S1,0.940,landmark,,UNMUTE,0,,1,58212,3ch,65,brightness,2.0,,homography,0.999,-0.04,7.9
2026-02-03 13:59:19,150,228,145,105,58,0.905,0.871,PP,S1,0.940,landmark,,UNMUTE,0,,1,60320,3ch,65,brightness,2.8,,homography,0.999,-0.04,7.9
2026-02-03 13:59:19,150,228,145,105,58,0.905,0.871,PP,S1,0.940,landmark,,UNMUTE,0,,1,61118,3ch,65,brightness,3.8,,homography,0.999,-0.04,7.9
2026-02-03 13:59:19,150,228,145,105,58,0.905,0.871,PP,S1,0.940,landmark,,UNMUTE,0,,1,62220,3ch,65,brightness,5.0,,homography,0.999,-0.04,7.9
2026-02-03 13:59:19,150,228,145,105,58,0.905,0.871,PP,S1,0.940,landmark,,UNMUTE,0,,1,62464,3ch,65,brightness,3.4,,homography,0.999,-0.04,7.9
2026-02-03 13:59:19,150,228,145,105,58,0.905,0.871,PP,S1,0.940,landmark,,UNMUTE,0,,1,63380,3ch,66,brightness,1.7,,homography,0.999,-0.04,7.9
2026-02-03 13:59:19,150,228,145,105,58,0.905,0.871,PP,S1,0.940,landmark,,UNMUTE,0,,1,63987,3ch,66,brightness,1.3,,homography,0.999,-0.04,7.9
2026-02-03 13:59:19,150,228,145,105,58,0.905,0.871,PP,S1,0.940,landmark,,UNMUTE,0,,1,64356,3ch,66,brightness,1.6,,homography,0.999,-0.04,7.9
2026-02-03 13:59:19,150,228,145,105,58,0.905,0.871,PP,S1,0.940,landmark,,UNMUTE,0,,1,65646,3ch,66,brightness,2.3,,homography,0.999,-0.04,7.9
2026-02-03 13:59:19,150,228,145,105,58,0.905,0.871,PP,S1,0.940,landmark,,UNMUTE,0,,1,65627,3ch,66,brightness,2.4,,homography,0.999,-0.04,7.9
2026-02-03 13:59:19,150,228,145,105,58,0.905,0.871,PP,S1,0.940,landmark,,UNMUTE,0,,1,66234,3ch,65,brightness,2.4,,homography,0.999,-0.04,7.9
2026-02-03 13:59:19,150,228,145,105,58,0.905,0.871,PP,S1,0.940,landmark,,UNMUTE,0,,1,66123,3ch,65,brightness,5.8,,homography,0.999,-0.04,7.9
2026-02-03 13:59:20,150,228,145,105,58,0.905,0.871,PP,S1,0.940,landmark,,UNMUTE,0,,1,67283,3ch,65,brightness,4.4,,homography,0.999,-0.04,7.9
2026-02-03 13:59:20,150,228,145,105,58,0.905,0.871,PP,S1,0.940,landmark,,UNMUTE,0,,1,68174,3ch,65,brightness,2.6,,homography,0.999,-0.04,7.9
2026-02-03 13:59:20,150,228,145,105,58,0.905,0.871,PP,S1,0.940,landmark,,UNMUTE,0,,1,69117,3ch,65,brightness,2.0,,homography,0.999,-0.04,7.9
2026-02-03 13:59:20,150,228,145,105,58,0.905,0.871,PP,S1,0.940,landmark,,UNMUTE,0,,1,68929,3ch,65,brightness,1.6,,homography,0.999,-0.04,7.9
2026-02-03 13:59:20,150,228,145,105,58,0.905,0.871,PP,S1,0.940,landmark,,UNMUTE,0,,1,69050,3ch,65,brightness,2.0,,homography,0.999,-0.04,7.9
2026-02-03 13:59:20,150,228,145,105,58,0.905,0.871,PP,S1,0.940,landmark,,UNMUTE,0,,1,68510,3ch,66,brightness,2.2,,homography,0.999,-0.04,7.9
2026-02-03 13:59:20,150,228,145,105,58,0.905,0.871,PP,S1,0.940,landmark,,UNMUTE,0,,1,68281,3ch,66,brightness,2.1,,homography,0.999,-0.04,7.9
2026-02-03 13:59:20,150,228,145,105,58,0.905,0.871,PP,S1,0.940,landmark,,UNMUTE,0,,1,68141,3ch,69,brightness,2.7,,homography,0.999,-0.04,7.9
2026-02-03 13:59:20,150,228,145,105,58,0.905,0.871,PP,S1,0.940,landmark,,UNMUTE,0,,1,69293,3ch,69,brightness,3.2,,homography,0.999,-0.04,7.9
2026-02-03 13:59:20,150,228,145,105,58,0.905,0.871,PP,S1,0.940,landmark,,UNMUTE,0,,1,70031,3ch,66,brightness,3.2,,homography,0.999,-0.04,7.9
2026-02-03 13:59:20,150,228,145,105,58,0.905,0.871,PP,S1,0.940,landmark,,UNMUTE,0,,1,69624,3ch,66,brightness,2.9,,homography,0.999,-0.04,7.9
2026-02-03 13:59:20,150,228,145,105,58,0.905,0.871,PP,S1,0.940,landmark,,UNMUTE,0,,1,70155,3ch,66,brightness,1.9,,homography,0.999,-0.04,7.9
2026-02-03 13:59:20,150,228,145,105,58,0.905,0.871,PP,S1,0.940,landmark,,UNMUTE,0,,1,40178,3ch,62,brightness,1.3,,homography,0.999,-0.04,7.9
2026-02-03 13:59:20,150,228,145,105,58,0.905,0.871,PP,S1,0.940,landmark,,UNMUTE,0,,1,48757,3ch,62,brightness,1.8,,homography,0.999,-0.04,7.9
2026-02-03 13:59:20,150,228,145,105,58,0.905,0.871,PP,S1,0.940,landmark,,UNMUTE,0,,1,53205,3ch,62,brightness,1.8,,homography,0.999,-0.04,7.9
2026-02-03 13:59:20,150,228,145,105,58,0.905,0.871,PP,S1,0.940,landmark,,UNMUTE,0,,1,55387,3ch,62,brightness,2.2,,homography,0.999,-0.04,7.9
2026-02-03 13:59:21,150,228,145,105,58,0.905,0.871,PP,S1,0.940,landmark,,UNMUTE,0,,1,56277,3ch,63,brightness,2.0,,homography,0.999,-0.04,7.9
2026-02-03 13:59:21,150,228,145,105,58,0.905,0.871,PP,S1,0.940,landmark,,UNMUTE,0,,1,58158,3ch,64,brightness,3.2,,homography,0.999,-0.04,7.9
2026-02-03 13:59:21,150,228,145,105,58,0.905,0.871,PP,S1,0.940,landmark,,UNMUTE,0,,1,60836,3ch,64,brightness,3.0,,homography,0.999,-0.04,7.9
2026-02-03 13:59:21,150,228,145,105,58,0.905,0.871,PP,S1,0.940,landmark,,UNMUTE,0,,1,61127,3ch,64,brightness,2.9,,homography,0.999,-0.04,7.9
2026-02-03 13:59:21,150,228,145,105,58,0.905,0.871,PP,S1,0.940,landmark,,UNMUTE,0,,1,61541,3ch,66,brightness,1.7,,homography,0.999,-0.04,7.9
2026-02-03 13:59:21,150,228,145,105,58,0.905,0.871,PP,S1,0.940,landmark,,UNMUTE,0,,1,63340,3ch,66,brightness,1.5,,homography,0.999,-0.04,7.9
2026-02-03 13:59:21,150,228,145,105,58,0.905,0.871,PP,S1,0.940,landmark,,UNMUTE,0,,1,64313,3ch,66,brightness,2.3,,homography,0.999,-0.04,7.9
2026-02-03 13:59:21,150,228,145,105,58,0.905,0.871,PP,S1,0.940,landmark,,UNMUTE,0,,1,64728,3ch,67,brightness,1.8,,homography,0.999,-0.04,7.9
2026-02-03 13:59:21,150,228,145,105,58,0.905,0.871,PP,S1,0.940,landmark,,UNMUTE,0,,1,65920,3ch,67,brightness,1.8,,homography,0.999,-0.04,7.9
2026-02-03 13:59:21,150,228,145,105,58,0.905,0.871,PP,S1,0.940,landmark,,UNMUTE,0,,1,66015,3ch,67,brightness,1.7,,homography,0.999,-0.04,7.9
2026-02-03 13:59:21,150,228,145,105,58,0.905,0.871,PP,S1,0.940,landmark,,UNMUTE,0,,1,66688,3ch,67,brightness,2.4,,homography,0.999,-0.04,7.9
2026-02-03 13:59:21,150,228,145,105,58,0.905,0.871,PP,S1,0.940,landmark,,UNMUTE,0,,1,69390,3ch,67,brightness,2.9,,homography,0.999,-0.04,7.9
2026-02-03 13:59:21,150,228,145,105,58,0.905,0.871,PP,S1,0.940,landmark,,UNMUTE,0,,1,69587,3ch,67,brightness,3.5,,homography,0.999,-0.04,7.9
2026-02-03 13:59:21,150,228,145,105,58,0.905,0.871,PP,S1,0.940,landmark,,UNMUTE,0,,1,69597,3ch,67,brightness,1.8,,homography,0.999,-0.04,7.9
2026-02-03 13:59:21,150,228,145,105,58,0.905,0.871,PP,S1,0.940,landmark,,UNMUTE,0,,1,70255,3ch,67,brightness,1.3,,homography,0.999,-0.04,7.9
2026-02-03 13:59:22,150,228,145,105,58,0.905,0.871,PP,S1,0.940,landmark,,UNMUTE,0,,1,71083,3ch,67,brightness,1.6,,homography,0.999,-0.04,7.9
2026-02-03 13:59:22,150,228,145,105,58,0.905,0.871,PP,S1,0.940,landmark,,UNMUTE,0,,1,70697,3ch,69,brightness,1.5,,homography,0.999,-0.04,7.9
2026-02-03 13:59:22,150,228,145,105,58,0.905,0.871,PP,S1,0.940,landmark,,UNMUTE,0,,1,70673,3ch,69,brightness,2.3,,homography,0.999,-0.04,7.9
2026-02-03 13:59:22,150,228,145,105,58,0.905,0.871,PP,S1,0.940,landmark,,UNMUTE,0,,1,71392,3ch,69,brightness,2.2,,homography,0.999,-0.04,7.9
2026-02-03 13:59:22,150,228,145,105,58,0.905,0.871,PP,S1,0.940,landmark,,UNMUTE,0,,1,70613,3ch,69,brightness,3.9,,homography,0.999,-0.04,7.9
2026-02-03 13:59:22,150,228,145,105,58,0.905,0.871,PP,S1,0.940,landmark,,UNMUTE,0,,1,71603,3ch,69,brightness,5.9,,homography,0.999,-0.04,7.9
2026-02-03 13:59:22,150,228,145,105,58,0.905,0.871,PP,S1,0.940,landmark,,UNMUTE,0,,1,71261,3ch,68,brightness,3.3,,homography,0.999,-0.04,7.9
2026-02-03 13:59:22,150,228,145,105,58,0.905,0.871,PP,S1,0.940,landmark,,UNMUTE,0,,1,71366,3ch,68,brightness,1.6,,homography,0.999,-0.04,7.9
2026-02-03 13:59:22,150,228,145,105,58,0.905,0.871,PP,S1,0.940,landmark,,UNMUTE,0,,1,71692,3ch,68,brightness,1.2,,homography,0.999,-0.04,7.9
2026-02-03 13:59:22,150,228,145,105,58,0.905,0.871,PP,S1,0.940,landmark,,UNMUTE,0,,1,72127,3ch,69,brightness,1.7,,homography,0.999,-0.04,7.9
2026-02-03 13:59:22,150,228,145,105,58,0.905,0.871,PP,S1,0.940,landmark,,UNMUTE,0,,1,72240,3ch,69,brightness,1.5,,homography,0.999,-0.04,7.9
2026-02-03 13:59:22,150,228,145,105,58,0.905,0.871,PP,S1,0.940,landmark,,UNMUTE,0,,1,42766,3ch,65,brightness,2.0,,homography,0.999,-0.04,7.9
2026-02-03 13:59:22,150,228,145,105,58,0.905,0.871,PP,S1,0.940,landmark,,UNMUTE,0,,1,49321,3ch,65,brightness,2.1,,homography,0.999,-0.04,7.9
2026-02-03 13:59:22,150,228,145,105,58,0.905,0.871,PP,S1,0.940,landmark,,UNMUTE,0,,1,51725,3ch,66,brightness,2.8,,homography,0.999,-0.04,7.9
2026-02-03 13:59:22,150,228,145,105,58,0.905,0.871,PP,S1,0.940,landmark,,UNMUTE,0,,1,53254,3ch,66,brightness,3.5,,homography,0.999,-0.04,7.9
2026-02-03 13:59:23,150,228,145,105,58,0.905,0.871,PP,S1,0.940,landmark,,UNMUTE,0,,1,55655,3ch,66,brightness,3.8,,homography,0.999,-0.04,7.9
2026-02-03 13:59:23,150,228,145,105,58,0.905,0.871,PP,S1,0.940,landmark,,UNMUTE,0,,1,57120,3ch,66,brightness,2.1,,homography,0.999,-0.04,7.9
2026-02-03 13:59:23,150,228,145,105,58,0.905,0.871,PP,S1,0.940,landmark,,UNMUTE,0,,1,58670,3ch,69,brightness,1.3,,homography,0.999,-0.04,7.9
2026-02-03 13:59:23,150,228,145,105,58,0.905,0.871,PP,S1,0.940,landmark,,UNMUTE,0,,1,59480,3ch,69,brightness,1.5,,homography,0.999,-0.04,7.9
2026-02-03 13:59:23,150,228,145,105,58,0.905,0.871,PP,S1,0.940,landmark,,UNMUTE,0,,1,61188,3ch,69,brightness,1.5,,homography,0.999,-0.04,7.9
2026-02-03 13:59:23,150,228,145,105,58,0.905,0.871,PP,S1,0.940,landmark,,UNMUTE,0,,1,61819,3ch,69,brightness,2.3,,homography,0.999,-0.04,7.9
2026-02-03 13:59:23,150,228,145,105,58,0.905,0.871,PP,S1,0.940,landmark,,UNMUTE,0,,1,62938,3ch,66,brightness,2.0,,homography,0.999,-0.04,7.9
2026-02-03 13:59:23,150,228,145,105,58,0.905,0.871,PP,S1,0.940,landmark,,UNMUTE,0,,1,62791,3ch,66,brightness,4.1,,homography,0.999,-0.04,7.9
2026-02-03 13:59:23,150,228,145,105,58,0.905,0.871,PP,S1,0.940,landmark,,UNMUTE,0,,1,66230,3ch,66,brightness,4.2,,homography,0.999,-0.04,7.9
2026-02-03 13:59:23,150,228,145,105,58,0.905,0.871,PP,S1,0.940,landmark,,UNMUTE,0,,1,67090,3ch,66,brightness,3.5,,homography,0.999,-0.04,7.9
2026-02-03 13:59:23,150,228,145,105,58,0.905,0.871,PP,S1,0.940,landmark,,UNMUTE,0,,1,67093,3ch,66,brightness,1.7,,homography,0.999,-0.04,7.9
2026-02-03 13:59:23,150,228,145,105,58,0.905,0.871,PP,S1,0.940,landmark,,UNMUTE,0,,1,68395,3ch,66,brightness,1.4,,homography,0.999,-0.04,7.9
2026-02-03 13:59:23,150,228,145,105,58,0.905,0.871,PP,S1,0.940,landmark,,UNMUTE,0,,1,68232,3ch,66,brightness,1.6,,homography,0.999,-0.04,7.9
2026-02-03 13:59:23,150,228,145,105,58,0.905,0.871,PP,S1,0.940,landmark,,UNMUTE,0,,1,67689,3ch,66,brightness,1.6,,homography,0.999,-0.04,7.9
2026-02-03 13:59:23,150,228,145,105,58,0.905,0.871,PP,S1,0.940,landmark,,UNMUTE,0,,1,67914,3ch,66,brightness,2.3,,homography,0.999,-0.04,7.9
2026-02-03 13:59:24,150,228,145,105,58,0.905,0.871,PP,S1,0.940,landmark,,UNMUTE,0,,1,68331,3ch,65,brightness,2.2,,homography,0.999,-0.04,7.9
2026-02-03 13:59:24,150,228,145,105,58,0.905,0.871,PP,S1,0.940,landmark,,UNMUTE,0,,1,68902,3ch,69,brightness,2.8,,homography,0.999,-0.04,7.9
2026-02-03 13:59:24,150,228,145,105,58,0.905,0.871,PP,S1,0.940,landmark,,UNMUTE,0,,1,69228,3ch,69,brightness,3.2,,homography,0.999,-0.04,7.9
2026-02-03 13:59:24,150,228,145,105,58,0.905,0.871,PP,S1,0.940,landmark,,UNMUTE,0,,1,69159,3ch,69,brightness,4.5,,homography,0.999,-0.04,7.9
2026-02-03 13:59:24,150,228,145,105,58,0.905,0.871,PP,S1,0.940,landmark,,UNMUTE,0,,1,69439,3ch,69,brightness,2.1,,homography,0.999,-0.04,7.9
2026-02-03 13:59:24,150,228,145,105,58,0.905,0.871,PP,S1,0.940,landmark,,UNMUTE,0,,1,68753,3ch,69,brightness,1.6,,homography,0.999,-0.04,7.9
2026-02-03 13:59:24,150,228,145,105,58,0.905,0.871,PP,S1,0.940,landmark,,UNMUTE,0,,1,69209,3ch,69,brightness,1.9,,homography,0.999,-0.04,7.9
2026-02-03 13:59:24,150,228,145,105,58,0.905,0.871,PP,S1,0.940,landmark,,UNMUTE,0,,1,70652,3ch,69,brightness,1.7,,homography,0.999,-0.04,7.9
2026-02-03 13:59:24,150,228,145,105,58,0.905,0.871,PP,S1,0.940,landmark,,UNMUTE,0,,1,70646,3ch,69,brightness,2.3,,homography,0.999,-0.04,7.9
2026-02-03 13:59:24,150,228,145,105,58,0.905,0.871,PP,S1,0.940,landmark,,UNMUTE,0,,1,70497,3ch,69,brightness,2.2,,homography,0.999,-0.04,7.9
2026-02-03 13:59:24,150,228,145,105,58,0.905,0.871,PP,S1,0.940,landmark,,UNMUTE,0,,1,70280,3ch,69,brightness,2.9,,homography,0.999,-0.04,7.9
2026-02-03 13:59:24,150,228,145,105,58,0.905,0.871,PP,S1,0.940,landmark,,UNMUTE,0,,1,44425,3ch,61,brightness,3.7,,homography,0.999,-0.04,7.9
2026-02-03 13:59:24,150,228,145,105,58,0.905,0.871,PP,S1,0.940,landmark,,UNMUTE,0,,1,53182,3ch,61,brightness,4.1,,homography,0.999,-0.04,7.9
2026-02-03 13:59:24,150,228,145,105,58,0.905,0.871,PP,S1,0.940,landmark,,UNMUTE,0,,1,56061,3ch,62,brightness,2.4,,homography,0.999,-0.04,7.9
2026-02-03 13:59:25,150,228,145,105,58,0.905,0.871,PP,S1,0.940,landmark,,UNMUTE,0,,1,58801,3ch,62,brightness,1.4,,homography,0.999,-0.04,7.9
2026-02-03 13:59:25,150,228,145,105,58,0.905,0.871,PP,S1,0.940,landmark,,UNMUTE,0,,1,60211,3ch,64,brightness,1.6,,homography,0.999,-0.04,7.9
2026-02-03 13:59:25,150,228,145,105,58,0.905,0.871,PP,S1,0.940,landmark,,UNMUTE,0,,1,61494,3ch,64,brightness,1.5,,homography,0.999,-0.04,7.9
2026-02-03 13:59:25,150,228,145,105,58,0.905,0.871,PP,S1,0.940,landmark,,UNMUTE,0,,1,62122,3ch,65,brightness,1.8,,homography,0.999,-0.04,7.9
2026-02-03 13:59:25,150,228,145,105,58,0.905,0.871,PP,S1,0.940,landmark,,UNMUTE,0,,1,61991,3ch,65,brightness,2.1,,homography,0.999,-0.04,7.9
2026-02-03 13:59:25,150,228,145,105,58,0.905,0.871,PP,S1,0.940,landmark,,UNMUTE,0,,1,62994,3ch,65,brightness,3.3,,homography,0.999,-0.04,7.9
2026-02-03 13:59:25,150,228,145,105,58,0.905,0.871,PP,S1,0.940,landmark,,UNMUTE,0,,1,63594,3ch,65,brightness,3.2,,homography,0.999,-0.04,7.9
2026-02-03 13:59:25,150,228,145,105,58,0.905,0.871,PP,S1,0.940,landmark,,UNMUTE,0,,1,63652,3ch,67,brightness,4.8,,homography,0.999,-0.04,7.9
2026-02-03 13:59:25,150,228,145,105,58,0.905,0.871,PP,S1,0.940,landmark,,UNMUTE,0,,1,63579,3ch,67,brightness,2.5,,homography,0.999,-0.04,7.9
2026-02-03 13:59:25,150,228,145,105,58,0.905,0.871,PP,S1,0.940,landmark,,UNMUTE,0,,1,65079,3ch,67,brightness,1.9,,homography,0.999,-0.04,7.9
2026-02-03 13:59:25,150,228,145,105,58,0.905,0.871,PP,S1,0.940,landmark,,UNMUTE,0,,1,65680,3ch,67,brightness,1.6,,homography,0.999,-0.04,7.9
2026-02-03 13:59:25,150,228,145,105,58,0.905,0.871,PP,S1,0.940,landmark,,UNMUTE,0,,1,65500,3ch,67,brightness,1.7,,homography,0.999,-0.04,7.9
2026-02-03 13:59:25,150,228,145,105,58,0.905,0.871,PP,S1,0.940,landmark,,UNMUTE,0,,1,65613,3ch,67,brightness,1.6,,homography,0.999,-0.04,7.9
2026-02-03 13:59:25,150,228,145,105,58,0.905,0.871,PP,S1,0.940,landmark,,UNMUTE,0,,1,66392,3ch,67,brightness,1.8,,homography,0.999,-0.04,7.9
2026-02-03 13:59:25,150,228,145,105,58,0.905,0.871,PP,S1,0.940,landmark,,UNMUTE,0,,1,66632,3ch,67,brightness,2.4,,homography,0.999,-0.04,7.9
2026-02-03 13:59:25,150,228,145,105,58,0.905,0.871,PP,S1,0.940,landmark,,UNMUTE,0,,1,68208,3ch,68,brightness,2.8,,homography,0.999,-0.04,7.9
2026-02-03 13:59:26,150,228,145,105,58,0.905,0.871,PP,S1,0.940,landmark,,UNMUTE,0,,1,68679,3ch,68,brightness,3.5,,homography,0.999,-0.04,7.9
2026-02-03 13:59:26,150,228,145,105,58,0.905,0.871,PP,S1,0.940,landmark,,UNMUTE,0,,1,68974,3ch,68,brightness,3.3,,homography,0.999,-0.04,7.9
2026-02-03 13:59:26,150,228,145,105,58,0.905,0.871,PP,S1,0.940,landmark,,UNMUTE,0,,1,69407,3ch,68,brightness,1.7,,homography,0.999,-0.04,7.9
2026-02-03 13:59:26,150,228,145,105,58,0.905,0.871,PP,S1,0.940,landmark,,UNMUTE,0,,1,70283,3ch,68,brightness,1.4,,homography,0.999,-0.04,7.9
2026-02-03 13:59:26,150,228,145,105,58,0.905,0.871,PP,S1,0.940,landmark,,UNMUTE,0,,1,70562,3ch,68,brightness,2.0,,homography,0.999,-0.04,7.9
2026-02-03 13:59:26,150,228,145,105,58,0.905,0.871,PP,S1,0.940,landmark,,UNMUTE,0,,1,70602,3ch,68,brightness,2.0,,homography,0.999,-0.04,7.9
2026-02-03 13:59:26,150,228,145,105,58,0.905,0.871,PP,S1,0.940,landmark,,UNMUTE,0,,1,70140,3ch,68,brightness,2.8,,homography,0.999,-0.04,7.9
2026-02-03 13:59:26,150,228,145,105,58,0.905,0.871,PP,S1,0.940,landmark,,UNMUTE,0,,1,71226,3ch,68,brightness,2.1,,homography,0.999,-0.04,7.9
2026-02-03 13:59:26,150,228,145,105,58,0.905,0.871,PP,S1,0.940,landmark,,UNMUTE,0,,1,71352,3ch,68,brightness,2.8,,homography,0.999,-0.04,7.9
2026-02-03 13:59:26,150,228,145,105,58,0.905,0.871,PP,S1,0.940,landmark,,UNMUTE,0,,1,71543,3ch,68,brightness,3.4,,homography,0.999,-0.04,7.9
2026-02-03 13:59:26,150,228,145,105,58,0.905,0.871,PP,S1,0.940,landmark,,UNMUTE,0,,1,71538,3ch,68,brightness,2.9,,homography,0.999,-0.04,7.9
2026-02-03 13:59:26,150,228,145,105,58,0.905,0.871,PP,S1,0.940,landmark,,UNMUTE,0,,1,43035,3ch,63,brightness,1.7,,homography,0.999,-0.04,7.9
2026-02-03 13:59:26,150,228,145,105,58,0.905,0.871,PP,S1,0.940,landmark,,UNMUTE,0,,1,49622,3ch,64,brightness,1.3,,homography,0.999,-0.04,7.9
2026-02-03 13:59:26,150,228,145,105,58,0.905,0.871,PP,S1,0.940,landmark,,UNMUTE,0,,1,53189,3ch,64,brightness,1.7,,homography,0.999,-0.04,7.9
2026-02-03 13:59:27,150,228,145,105,58,0.905,0.871,PP,S1,0.940,landmark,,UNMUTE,0,,1,54778,3ch,64,brightness,1.8,,homography,0.999,-0.04,7.9
2026-02-03 13:59:27,150,228,145,105,58,0.905,0.871,PP,S1,0.940,landmark,,UNMUTE,0,,1,58476,3ch,64,brightness,2.3,,homography,0.999,-0.04,7.9
2026-02-03 13:59:27,150,228,145,105,58,0.905,0.871,PP,S1,0.940,landmark,,UNMUTE,0,,1,59997,3ch,64,brightness,2.1,,homography,0.999,-0.04,7.9
2026-02-03 13:59:27,150,228,145,105,58,0.905,0.871,PP,S1,0.940,landmark,,UNMUTE,0,,1,61297,3ch,66,brightness,3.3,,homography,0.999,-0.04,7.9
2026-02-03 13:59:27,150,228,145,105,58,0.905,0.871,PP,S1,0.940,landmark,,UNMUTE,0,,1,62473,3ch,66,brightness,2.4,,homography,0.999,-0.04,7.9
2026-02-03 13:59:27,150,228,145,105,58,0.905,0.871,PP,S1,0.940,landmark,,UNMUTE,0,,1,63556,3ch,66,brightness,1.3,,homography,0.999,-0.04,7.9
2026-02-03 13:59:27,150,228,145,105,58,0.905,0.871,PP,S1,0.940,landmark,,UNMUTE,0,,1,64490,3ch,67,brightness,1.2,,homography,0.999,-0.04,7.9
2026-02-03 13:59:27,150,228,145,105,58,0.905,0.871,PP,S1,0.940,landmark,,UNMUTE,0,,1,64597,3ch,68,brightness,1.2,,homography,0.999,-0.04,7.9
2026-02-03 13:59:27,150,228,145,105,58,0.905,0.871,PP,S1,0.940,landmark,,UNMUTE,0,,1,65090,3ch,68,brightness,1.4,,homography,0.999,-0.04,7.9
2026-02-03 13:59:27,150,228,145,105,58,0.905,0.871,PP,S1,0.940,landmark,,UNMUTE,0,,1,67419,3ch,68,brightness,1.4,,homography,0.999,-0.04,7.9
2026-02-03 13:59:27,150,228,145,105,58,0.905,0.871,PP,S1,0.940,landmark,,UNMUTE,0,,1,68195,3ch,68,brightness,1.7,,homography,0.999,-0.04,7.9
2026-02-03 13:59:27,150,228,145,105,58,0.905,0.871,PP,S1,0.940,landmark,,UNMUTE,0,,1,68771,3ch,68,brightness,1.9,,homography,0.999,-0.04,7.9
2026-02-03 13:59:27,150,228,145,105,58,0.905,0.871,PP,S1,0.940,landmark,,UNMUTE,0,,1,69354,3ch,68,brightness,1.9,,homography,0.999,-0.04,7.9
2026-02-03 13:59:27,150,228,145,105,58,0.905,0.871,PP,S1,0.940,landmark,,UNMUTE,0,,1,69590,3ch,68,brightness,1.9,,homography,0.999,-0.04,7.9
2026-02-03 13:59:27,150,228,145,105,58,0.905,0.871,PP,S1,0.940,landmark,,UNMUTE,0,,1,69478,3ch,68,brightness,2.3,,homography,0.999,-0.04,7.9
2026-02-03 13:59:27,150,228,145,105,58,0.905,0.871,PP,S1,0.940,landmark,,UNMUTE,0,,1,69138,3ch,68,brightness,1.4,,homography,0.999,-0.04,7.9
2026-02-03 13:59:28,150,228,145,105,58,0.905,0.871,PP,S1,0.940,landmark,,UNMUTE,0,,1,68517,3ch,68,brightness,1.3,,homography,0.999,-0.04,7.9
2026-02-03 13:59:28,150,228,145,105,58,0.905,0.871,PP,S1,0.940,landmark,,UNMUTE,0,,1,68966,3ch,68,brightness,1.7,,homography,0.999,-0.04,7.9
2026-02-03 13:59:28,150,228,145,105,58,0.905,0.871,PP,S1,0.940,landmark,,UNMUTE,0,,1,69076,3ch,68,brightness,1.5,,homography,0.999,-0.04,7.9
2026-02-03 13:59:28,150,228,145,105,58,0.905,0.871,PP,S1,0.940,landmark,,UNMUTE,0,,1,70010,3ch,68,brightness,1.9,,homography,0.999,-0.04,7.9
2026-02-03 13:59:28,150,228,145,105,58,0.905,0.871,PP,S1,0.940,landmark,,UNMUTE,0,,1,70297,3ch,68,brightness,1.9,,homography,0.999,-0.04,7.9
2026-02-03 13:59:28,150,228,145,105,58,0.905,0.871,PP,S1,0.940,landmark,,UNMUTE,0,,1,70212,3ch,68,brightness,2.3,,homography,0.999,-0.04,7.9
2026-02-03 13:59:28,150,228,145,105,58,0.905,0.871,PP,S1,0.940,landmark,,UNMUTE,0,,1,70759,3ch,68,brightness,2.9,,homography,0.999,-0.04,7.9
2026-02-03 13:59:28,150,228,145,105,58,0.905,0.871,PP,S1,0.940,landmark,,UNMUTE,0,,1,70406,3ch,66,brightness,2.9,,homography,0.999,-0.04,7.9
2026-02-03 13:59:28,150,228,145,105,58,0.905,0.871,PP,S1,0.940,landmark,,UNMUTE,0,,1,71013,3ch,66,brightness,1.4,,homography,0.999,-0.04,7.9
2026-02-03 13:59:28,150,228,145,105,58,0.905,0.871,PP,S1,0.940,landmark,,UNMUTE,0,,1,71801,3ch,66,brightness,1.6,,homography,0.999,-0.04,7.9
2026-02-03 13:59:28,150,228,145,105,58,0.905,0.871,PP,S1,0.940,landmark,,UNMUTE,0,,1,71050,3ch,66,brightness,1.4,,homography,0.999,-0.04,7.9
2026-02-03 13:59:28,150,228,145,105,58,0.905,0.871,PP,S1,0.940,landmark,,UNMUTE,0,,1,44224,3ch,61,brightness,1.2,,homography,0.999,-0.04,7.9
2026-02-03 13:59:28,150,228,145,105,58,0.905,0.871,PP,S1,0.940,landmark,,UNMUTE,0,,1,52367,3ch,64,brightness,1.3,,homography,0.999,-0.04,7.9
2026-02-03 13:59:28,150,228,145,105,58,0.905,0.871,PP,S1,0.940,landmark,,UNMUTE,0,,1,54242,3ch,64,brightness,1.4,,homography,0.999,-0.04,7.9
2026-02-03 13:59:28,150,228,145,105,58,0.905,0.871,PP,S1,0.940,landmark,,UNMUTE,0,,1,56285,3ch,64,brightness,1.9,,homography,0.999,-0.04,7.9
2026-02-03 13:59:29,150,228,145,105,58,0.905,0.871,PP,S1,0.940,landmark,,UNMUTE,0,,1,57503,3ch,64,brightness,2.5,,homography,0.999,-0.04,7.9
2026-02-03 13:59:29,150,228,145,105,58,0.905,0.871,PP,S1,0.940,landmark,,UNMUTE,0,,1,58754,3ch,64,brightness,2.7,,homography,0.999,-0.04,7.9
2026-02-03 13:59:29,150,228,145,105,58,0.905,0.871,PP,S1,0.940,landmark,,UNMUTE,0,,1,59706,3ch,65,brightness,1.8,,homography,0.999,-0.04,7.9
2026-02-03 13:59:29,150,228,145,105,58,0.905,0.871,PP,S1,0.940,landmark,,UNMUTE,0,,1,60927,3ch,65,brightness,1.4,,homography,0.999,-0.04,7.9
2026-02-03 13:59:29,150,228,145,105,58,0.905,0.871,PP,S1,0.940,landmark,,UNMUTE,0,,1,62055,3ch,65,brightness,1.5,,homography,0.999,-0.04,7.9
2026-02-03 13:59:29,150,228,145,105,58,0.905,0.871,PP,S1,0.940,landmark,,UNMUTE,0,,1,62963,3ch,67,brightness,1.4,,homography,0.999,-0.04,7.9
2026-02-03 13:59:29,150,228,145,105,58,0.905,0.871,PP,S1,0.940,landmark,,UNMUTE,0,,1,63241,3ch,67,brightness,1.8,,homography,0.999,-0.04,7.9
2026-02-03 13:59:29,150,228,145,105,58,0.905,0.871,PP,S1,0.940,landmark,,UNMUTE,0,,1,63858,3ch,67,brightness,1.3,,homography,0.999,-0.04,7.9
2026-02-03 13:59:29,150,228,145,105,58,0.905,0.871,PP,S1,0.940,landmark,,UNMUTE,0,,1,64240,3ch,67,brightness,1.7,,homography,0.999,-0.04,7.9
2026-02-03 13:59:29,150,228,145,105,58,0.905,0.871,PP,S1,0.940,landmark,,UNMUTE,0,,1,64238,3ch,67,brightness,2.2,,homography,0.999,-0.04,7.9
2026-02-03 13:59:29,150,228,145,105,58,0.905,0.871,PP,S1,0.940,landmark,,UNMUTE,0,,1,64695,3ch,67,brightness,2.4,,homography,0.999,-0.04,7.9
2026-02-03 13:59:29,150,228,145,105,58,0.905,0.871,PP,S1,0.940,landmark,,UNMUTE,0,,1,64531,3ch,67,brightness,1.9,,homography,0.999,-0.04,7.9
2026-02-03 13:59:29,150,228,145,105,58,0.905,0.871,PP,S1,0.940,landmark,,UNMUTE,0,,1,65113,3ch,67,brightness,1.7,,homography,0.999,-0.04,7.9
2026-02-03 13:59:29,150,228,145,105,58,0.905,0.871,PP,S1,0.940,landmark,,UNMUTE,0,,1,65406,3ch,67,brightness,1.2,,homography,0.999,-0.04,7.9
2026-02-03 13:59:29,150,228,145,105,58,0.905,0.871,PP,S1,0.940,landmark,,UNMUTE,0,,1,66177,3ch,67,brightness,1.2,,homography,0.999,-0.04,7.9
2026-02-03 13:59:30,150,228,145,105,58,0.905,0.871,PP,S1,0.940,landmark,,UNMUTE,0,,1,66854,3ch,67,brightness,1.4,,homography,0.999,-0.04,7.9
2026-02-03 13:59:30,150,228,145,105,58,0.905,0.871,PP,S1,0.940,landmark,,UNMUTE,0,,1,66764,3ch,67,brightness,1.7,,homography,0.999,-0.04,7.9
2026-02-03 13:59:30,150,228,145,105,58,0.905,0.871,PP,S1,0.940,landmark,,UNMUTE,0,,1,66709,3ch,67,brightness,1.9,,homography,0.999,-0.04,7.9
2026-02-03 13:59:30,150,228,145,105,58,0.905,0.871,PP,S1,0.940,landmark,,UNMUTE,0,,1,67276,3ch,67,brightness,1.8,,homography,0.999,-0.04,7.9
2026-02-03 13:59:30,150,228,145,105,58,0.905,0.871,PP,S1,0.940,landmark,,UNMUTE,0,,1,67069,3ch,67,brightness,2.1,,homography,0.999,-0.04,7.9
2026-02-03 13:59:30,150,228,145,105,58,0.905,0.871,PP,S1,0.940,landmark,,UNMUTE,0,,1,67030,3ch,68,brightness,1.9,,homography,0.999,-0.04,7.9
2026-02-03 13:59:30,150,228,145,105,58,0.905,0.871,PP,S1,0.940,landmark,,UNMUTE,0,,1,68214,3ch,68,brightness,1.6,,homography,0.999,-0.04,7.9
2026-02-03 13:59:30,150,228,145,105,58,0.905,0.871,PP,S1,0.940,landmark,,UNMUTE,0,,1,68393,3ch,68,brightness,1.3,,homography,0.999,-0.04,7.9
2026-02-03 13:59:30,150,228,145,105,58,0.905,0.871,PP,S1,0.940,landmark,,UNMUTE,0,,1,68077,3ch,69,brightness,1.3,,homography,0.999,-0.04,7.9
2026-02-03 13:59:30,150,228,145,105,58,0.905,0.871,PP,S1,0.940,landmark,,UNMUTE,0,,1,68141,3ch,69,brightness,1.2,,homography,0.999,-0.04,7.9
2026-02-03 13:59:30,150,228,145,105,58,0.905,0.871,PP,S1,0.940,landmark,,UNMUTE,0,,1,68552,3ch,67,brightness,1.2,,homography,0.999,-0.04,7.9
2026-02-03 13:59:30,150,228,145,105,58,0.905,0.871,PP,S1,0.940,landmark,,UNMUTE,0,,1,43875,3ch,65,brightness,1.2,,homography,0.999,-0.04,7.9
2026-02-03 13:59:30,150,228,145,105,58,0.905,0.871,PP,S1,0.940,landmark,,UNMUTE,0,,1,51444,3ch,65,brightness,1.6,,homography,0.999,-0.04,7.9
2026-02-03 13:59:30,150,228,145,105,58,0.905,0.871,PP,S1,0.940,landmark,,UNMUTE,0,,1,54436,3ch,65,brightness,2.2,,homography,0.999,-0.04,7.9
2026-02-03 13:59:30,150,228,145,105,58,0.905,0.871,PP,S1,0.940,landmark,,UNMUTE,0,,1,57187,3ch,65,brightness,2.1,,homography,0.999,-0.04,7.9
2026-02-03 13:59:31,150,228,145,105,58,0.905,0.871,PP,S1,0.940,landmark,,UNMUTE,0,,1,59451,3ch,65,brightness,1.4,,homography,0.999,-0.04,7.9
2026-02-03 13:59:31,150,228,145,105,58,0.905,0.871,PP,S1,0.940,landmark,,UNMUTE,0,,1,61464,3ch,68,brightness,1.2,,homography,0.999,-0.04,7.9
2026-02-03 13:59:31,150,228,145,105,58,0.905,0.871,PP,S1,0.940,landmark,,UNMUTE,0,,1,62156,3ch,68,brightness,1.3,,homography,0.999,-0.04,7.9
2026-02-03 13:59:31,150,228,145,105,58,0.905,0.871,PP,S1,0.940,landmark,,UNMUTE,0,,1,64093,3ch,68,brightness,1.2,,homography,0.999,-0.04,7.9
2026-02-03 13:59:31,150,228,145,105,58,0.905,0.871,PP,S1,0.940,landmark,,UNMUTE,0,,1,65224,3ch,69,brightness,1.4,,homography,0.999,-0.04,7.9
2026-02-03 13:59:31,150,228,145,105,58,0.905,0.871,PP,S1,0.940,landmark,,UNMUTE,0,,1,66241,3ch,69,brightness,1.3,,homography,0.999,-0.04,7.9
2026-02-03 13:59:31,150,228,145,105,58,0.905,0.871,PP,S1,0.940,landmark,,UNMUTE,0,,1,67028,3ch,69,brightness,1.2,,homography,0.999,-0.04,7.9
2026-02-03 13:59:31,150,228,145,105,58,0.905,0.871,PP,S1,0.940,landmark,,UNMUTE,0,,1,66610,3ch,69,brightness,1.8,,homography,0.999,-0.04,7.9
2026-02-03 13:59:31,150,228,145,105,58,0.905,0.871,PP,S1,0.940,landmark,,UNMUTE,0,,1,68260,3ch,69,brightness,2.1,,homography,0.999,-0.04,7.9
2026-02-03 13:59:31,150,228,145,105,58,0.905,0.871,PP,S1,0.940,landmark,,UNMUTE,0,,1,68913,3ch,69,brightness,1.5,,homography,0.999,-0.04,7.9
2026-02-03 13:59:31,150,228,145,105,58,0.905,0.871,PP,S1,0.940,landmark,,UNMUTE,0,,1,69253,3ch,68,brightness,1.3,,homography,0.999,-0.04,7.9
2026-02-03 13:59:31,150,228,145,105,58,0.905,0.871,PP,S1,0.940,landmark,,UNMUTE,0,,1,68550,3ch,68,brightness,1.3,,homography,0.999,-0.04,7.9
2026-02-03 13:59:31,150,228,145,105,58,0.905,0.871,PP,S1,0.940,landmark,,UNMUTE,0,,1,69290,3ch,68,brightness,1.4,,homography,0.999,-0.04,7.9
2026-02-03 13:59:31,150,228,145,105,58,0.905,0.871,PP,S1,0.940,landmark,,UNMUTE,0,,1,69148,3ch,68,brightness,1.3,,homography,0.999,-0.04,7.9
2026-02-03 13:59:31,150,228,145,105,58,0.905,0.871,PP,S1,0.940,landmark,,UNMUTE,0,,1,68905,3ch,69,brightness,1.3,,homography,0.999,-0.04,7.9
2026-02-03 13:59:32,150,228,145,105,58,0.905,0.871,PP,S1,0.940,landmark,,UNMUTE,0,,1,69675,3ch,69,brightness,1.2,,homography,0.999,-0.04,7.9
2026-02-03 13:59:32,150,228,145,105,58,0.905,0.871,PP,S1,0.940,landmark,,UNMUTE,0,,1,70511,3ch,69,brightness,2.7,,homography,0.999,-0.04,7.9
2026-02-03 13:59:32,150,228,145,105,58,0.905,0.871,PP,S1,0.940,landmark,,UNMUTE,0,,1,70002,3ch,69,brightness,2.8,,homography,0.999,-0.04,7.9
2026-02-03 13:59:32,150,228,145,105,58,0.905,0.871,PP,S1,0.940,landmark,,UNMUTE,0,,1,69252,3ch,69,brightness,1.4,,homography,0.999,-0.04,7.9
2026-02-03 13:59:32,150,228,145,105,58,0.905,0.871,PP,S1,0.940,landmark,,UNMUTE,0,,1,68999,3ch,69,brightness,1.5,,homography,0.999,-0.04,7.9
2026-02-03 13:59:32,150,228,145,105,58,0.905,0.871,PP,S1,0.940,landmark,,UNMUTE,0,,1,70183,3ch,69,brightness,1.4,,homography,0.999,-0.04,7.9
2026-02-03 13:59:32,150,228,145,105,58,0.905,0.871,PP,S1,0.940,landmark,,UNMUTE,0,,1,69936,3ch,69,brightness,1.4,,homography,0.999,-0.04,7.9
2026-02-03 13:59:32,150,228,145,105,58,0.905,0.871,PP,S1,0.940,landmark,,UNMUTE,0,,1,70610,3ch,69,brightness,1.7,,homography,0.999,-0.04,7.9
2026-02-03 13:59:32,150,228,145,105,58,0.905,0.871,PP,S1,0.940,landmark,,UNMUTE,0,,1,70786,3ch,69,brightness,1.7,,homography,0.999,-0.04,7.9
2026-02-03 13:59:32,150,228,145,105,58,0.905,0.871,PP,S1,0.940,landmark,,UNMUTE,0,,1,70618,3ch,69,brightness,2.1,,homography,0.999,-0.04,7.9
2026-02-03 13:59:32,150,228,145,105,58,0.905,0.871,PP,S1,0.940,landmark,,UNMUTE,0,,1,71391,3ch,69,brightness,2.4,,homography,0.999,-0.04,7.9
2026-02-03 13:59:32,150,228,145,105,58,0.905,0.871,PP,S1,0.940,landmark,,UNMUTE,0,,1,45761,3ch,62,brightness,2.1,,homography,0.999,-0.04,7.9
2026-02-03 13:59:32,150,228,145,105,58,0.905,0.871,PP,S1,0.940,landmark,,UNMUTE,0,,1,52415,3ch,62,brightness,1.5,,homography,0.999,-0.04,7.9
2026-02-03 13:59:32,150,228,145,105,58,0.905,0.871,PP,S1,0.940,landmark,,UNMUTE,0,,1,53903,3ch,62,brightness,1.2,,homography,0.999,-0.04,7.9
2026-02-03 13:59:32,150,228,145,105,58,0.905,0.871,PP,S1,0.940,landmark,,UNMUTE,0,,1,55246,3ch,62,brightness,1.4,,homography,0.999,-0.04,7.9
2026-02-03 13:59:33,150,228,145,105,58,0.905,0.871,PP,S1,0.940,landmark,,UNMUTE,0,,1,56717,3ch,62,brightness,1.2,,homography,0.999,-0.04,7.9
2026-02-03 13:59:33,150,228,145,105,58,0.905,0.871,PP,S1,0.940,landmark,,UNMUTE,0,,1,58572,3ch,63,brightness,1.7,,homography,0.999,-0.04,7.9
2026-02-03 13:59:33,150,228,145,105,58,0.905,0.871,PP,S1,0.940,landmark,,UNMUTE,0,,1,59671,3ch,68,brightness,2.1,,homography,0.999,-0.04,7.9
2026-02-03 13:59:33,150,228,145,105,58,0.905,0.871,PP,S1,0.940,landmark,,UNMUTE,0,,1,59995,3ch,68,brightness,2.1,,homography,0.999,-0.04,7.9
2026-02-03 13:59:33,150,228,145,105,58,0.905,0.871,PP,S1,0.940,landmark,,UNMUTE,0,,1,60215,3ch,67,brightness,2.4,,homography,0.999,-0.04,7.9
2026-02-03 13:59:33,150,228,145,105,58,0.905,0.871,PP,S1,0.940,landmark,,UNMUTE,0,,1,62088,3ch,67,brightness,2.4,,homography,0.999,-0.04,7.9
2026-02-03 13:59:33,150,228,145,105,58,0.905,0.871,PP,S1,0.940,landmark,,UNMUTE,0,,1,62641,3ch,67,brightness,1.5,,homography,0.999,-0.04,7.9
2026-02-03 13:59:33,150,228,145,105,58,0.905,0.871,PP,S1,0.940,landmark,,UNMUTE,0,,1,63453,3ch,67,brightness,1.2,,homography,0.999,-0.04,7.9
2026-02-03 13:59:33,150,228,145,105,58,0.905,0.871,PP,S1,0.940,landmark,,UNMUTE,0,,1,64425,3ch,67,brightness,1.5,,homography,0.999,-0.04,7.9
2026-02-03 13:59:33,150,228,145,105,58,0.905,0.871,PP,S1,0.940,landmark,,UNMUTE,0,,1,65053,3ch,67,brightness,1.3,,homography,0.999,-0.04,7.9
2026-02-03 13:59:33,150,228,145,105,58,0.905,0.871,PP,S1,0.940,landmark,,UNMUTE,0,,1,65237,3ch,68,brightness,1.6,,homography,0.999,-0.04,7.9
2026-02-03 13:59:33,150,228,145,105,58,0.905,0.871,PP,S1,0.940,landmark,,UNMUTE,0,,1,66248,3ch,68,brightness,1.5,,homography,0.999,-0.04,7.9
2026-02-03 13:59:33,150,228,145,105,58,0.905,0.871,PP,S1,0.940,landmark,,UNMUTE,0,,1,67107,3ch,68,brightness,2.0,,homography,0.999,-0.04,7.9
2026-02-03 13:59:33,150,228,145,105,58,0.905,0.871,PP,S1,0.940,landmark,,UNMUTE,0,,1,68406,3ch,67,brightness,2.4,,homography,0.999,-0.04,7.9
2026-02-03 13:59:34,150,228,145,105,58,0.905,0.871,PP,S1,0.940,landmark,,UNMUTE,0,,1,67620,3ch,67,brightness,2.8,,homography,0.999,-0.04,7.9
2026-02-03 13:59:34,150,228,145,105,58,0.905,0.871,PP,S1,0.940,landmark,,UNMUTE,0,,1,68652,3ch,67,brightness,1.6,,homography,0.999,-0.04,7.9
2026-02-03 13:59:34,150,228,145,105,58,0.905,0.871,PP,S1,0.940,landmark,,UNMUTE,0,,1,69238,3ch,67,brightness,1.2,,homography,0.999,-0.04,7.9
2026-02-03 13:59:34,150,228,145,105,58,0.905,0.871,PP,S1,0.940,landmark,,UNMUTE,0,,1,69439,3ch,67,brightness,1.4,,homography,0.999,-0.04,7.9
2026-02-03 13:59:34,150,228,145,105,58,0.905,0.871,PP,S1,0.940,landmark,,UNMUTE,0,,1,69350,3ch,67,brightness,1.3,,homography,0.999,-0.04,7.9
2026-02-03 13:59:34,150,228,145,105,58,0.905,0.871,PP,S1,0.940,landmark,,UNMUTE,0,,1,69658,3ch,67,brightness,1.7,,homography,0.999,-0.04,7.9
2026-02-03 13:59:34,150,228,145,105,58,0.905,0.871,PP,S1,0.940,landmark,,UNMUTE,0,,1,69910,3ch,67,brightness,1.6,,homography,0.999,-0.04,7.9
2026-02-03 13:59:34,150,228,145,105,58,0.905,0.871,PP,S1,0.940,landmark,,UNMUTE,0,,1,70030,3ch,67,brightness,2.0,,homography,0.999,-0.04,7.9
2026-02-03 13:59:34,150,228,145,105,58,0.905,0.871,PP,S1,0.940,landmark,,UNMUTE,0,,1,69661,3ch,67,brightness,2.1,,homography,0.999,-0.04,7.9
2026-02-03 13:59:34,150,228,145,105,58,0.905,0.871,PP,S1,0.940,landmark,,UNMUTE,0,,1,70146,3ch,67,brightness,2.1,,homography,0.999,-0.04,7.9
2026-02-03 13:59:34,150,228,145,105,58,0.905,0.871,PP,S1,0.940,landmark,,UNMUTE,0,,1,70035,3ch,67,brightness,1.5,,homography,0.999,-0.04,7.9
2026-02-03 13:59:34,150,228,145,105,58,0.905,0.871,PP,S1,0.940,landmark,,UNMUTE,0,,1,70555,3ch,67,brightness,1.3,,homography,0.999,-0.04,7.9
2026-02-03 13:59:34,150,228,145,105,58,0.905,0.871,PP,S1,0.940,landmark,,UNMUTE,0,,1,44252,3ch,62,brightness,1.4,,homography,0.999,-0.04,7.9
2026-02-03 13:59:34,150,228,145,105,58,0.905,0.871,PP,S1,0.940,landmark,,UNMUTE,0,,1,50763,3ch,62,brightness,1.3,,homography,0.999,-0.04,7.9
2026-02-03 13:59:34,150,228,145,105,58,0.905,0.871,PP,S1,0.940,landmark,,UNMUTE,0,,1,54285,3ch,62,brightness,1.3,,homography,0.999,-0.04,7.9
2026-02-03 13:59:34,150,228,145,105,58,0.905,0.871,PP,S1,0.940,landmark,,UNMUTE,0,,1,55952,3ch,62,brightness,1.2,,homography,0.999,-0.04,7.9
2026-02-03 13:59:35,150,228,145,105,58,0.905,0.871,PP,S1,0.940,landmark,,UNMUTE,0,,1,58267,3ch,62,brightness,1.4,,homography,0.999,-0.04,7.9
2026-02-03 13:59:35,150,228,145,105,58,0.905,0.871,PP,S1,0.940,landmark,,UNMUTE,0,,1,59806,3ch,65,brightness,1.7,,homography,0.999,-0.04,7.9
2026-02-03 13:59:35,150,228,145,105,58,0.905,0.871,PP,S1,0.940,landmark,,UNMUTE,0,,1,60010,3ch,65,brightness,2.1,,homography,0.999,-0.04,7.9
2026-02-03 13:59:35,150,228,145,105,58,0.905,0.871,PP,S1,0.940,landmark,,UNMUTE,0,,1,60043,3ch,65,brightness,1.5,,homography,0.999,-0.04,7.9
2026-02-03 13:59:35,150,228,145,105,58,0.905,0.871,PP,S1,0.940,landmark,,UNMUTE,0,,1,61249,3ch,65,brightness,1.2,,homography,0.999,-0.04,7.9
2026-02-03 13:59:35,150,228,145,105,58,0.905,0.871,PP,S1,0.940,landmark,,UNMUTE,0,,1,62085,3ch,67,brightness,1.5,,homography,0.999,-0.04,7.9
2026-02-03 13:59:35,150,228,145,105,58,0.905,0.871,PP,S1,0.940,landmark,,UNMUTE,0,,1,62644,3ch,67,brightness,1.2,,homography,0.999,-0.04,7.9
2026-02-03 13:59:35,150,228,145,105,58,0.905,0.871,PP,S1,0.940,landmark,,UNMUTE,0,,1,63660,3ch,67,brightness,1.2,,homography,0.999,-0.04,7.9
2026-02-03 13:59:35,150,228,145,105,58,0.905,0.871,PP,S1,0.940,landmark,,UNMUTE,0,,1,64409,3ch,67,brightness,1.4,,homography,0.999,-0.04,7.9
2026-02-03 13:59:35,150,228,145,105,58,0.905,0.871,PP,S1,0.940,landmark,,UNMUTE,0,,1,64705,3ch,66,brightness,1.4,,homography,0.999,-0.04,7.9
2026-02-03 13:59:35,150,228,145,105,58,0.905,0.871,PP,S1,0.940,landmark,,UNMUTE,0,,1,65333,3ch,66,brightness,1.7,,homography,0.999,-0.04,7.9
2026-02-03 13:59:35,150,228,145,105,58,0.905,0.871,PP,S1,0.940,landmark,,UNMUTE,0,,1,65636,3ch,66,brightness,2.1,,homography,0.999,-0.04,7.9
2026-02-03 13:59:35,150,228,145,105,58,0.905,0.871,PP,S1,0.940,landmark,,UNMUTE,0,,1,66109,3ch,66,brightness,1.7,,homography,0.999,-0.04,7.9
2026-02-03 13:59:35,150,228,145,105,58,0.905,0.871,PP,S1,0.940,landmark,,UNMUTE,0,,1,66642,3ch,66,brightness,1.5,,homography,0.999,-0.04,7.9
2026-02-03 13:59:35,150,228,145,105,58,0.905,0.871,PP,S1,0.940,landmark,,UNMUTE,0,,1,67020,3ch,66,brightness,1.4,,homography,0.999,-0.04,7.9
2026-02-03 13:59:36,150,228,145,105,58,0.905,0.871,PP,S1,0.940,landmark,,UNMUTE,0,,1,67427,3ch,67,brightness,1.4,,homography,0.999,-0.04,7.9
2026-02-03 13:59:36,150,228,145,105,58,0.905,0.871,PP,S1,0.940,landmark,,UNMUTE,0,,1,67631,3ch,68,brightness,1.5,,homography,0.999,-0.04,7.9
2026-02-03 13:59:36,150,228,145,105,58,0.905,0.871,PP,S1,0.940,landmark,,UNMUTE,0,,1,68292,3ch,68,brightness,1.3,,homography,0.999,-0.04,7.9
2026-02-03 13:59:36,150,228,145,105,58,0.905,0.871,PP,S1,0.940,landmark,,UNMUTE,0,,1,68444,3ch,68,brightness,1.3,,homography,0.999,-0.04,7.9
2026-02-03 13:59:36,150,228,145,105,58,0.905,0.871,PP,S1,0.940,landmark,,UNMUTE,0,,1,68319,3ch,66,brightness,1.5,,homography,0.999,-0.04,7.9
2026-02-03 13:59:36,150,228,145,105,58,0.905,0.871,PP,S1,0.940,landmark,,UNMUTE,0,,1,69212,3ch,66,brightness,1.2,,homography,0.999,-0.04,7.9
2026-02-03 13:59:36,150,228,145,105,58,0.905,0.871,PP,S1,0.940,landmark,,UNMUTE,0,,1,70513,3ch,66,brightness,2.7,,homography,0.999,-0.04,7.9
2026-02-03 13:59:36,150,228,145,105,58,0.905,0.871,PP,S1,0.940,landmark,,UNMUTE,0,,1,69593,3ch,66,brightness,1.4,,homography,0.999,-0.04,7.9
2026-02-03 13:59:36,150,228,145,105,58,0.905,0.871,PP,S1,0.940,landmark,,UNMUTE,0,,1,69923,3ch,66,brightness,1.3,,homography,0.999,-0.04,7.9
2026-02-03 13:59:36,150,228,145,105,58,0.905,0.871,PP,S1,0.940,landmark,,UNMUTE,0,,1,70219,3ch,66,brightness,1.6,,homography,0.999,-0.04,7.9
2026-02-03 13:59:36,150,228,145,105,58,0.905,0.871,PP,S1,0.940,landmark,,UNMUTE,0,,1,70400,3ch,66,brightness,1.6,,homography,0.999,-0.04,7.9
2026-02-03 13:59:36,150,228,145,105,58,0.905,0.871,PP,S1,0.940,landmark,,UNMUTE,0,,1,44978,3ch,63,brightness,1.9,,homography,0.999,-0.04,7.9
2026-02-03 13:59:36,150,228,145,105,58,0.905,0.871,PP,S1,0.940,landmark,,UNMUTE,0,,1,56286,3ch,63,brightness,1.7,,homography,0.999,-0.04,7.9
2026-02-03 13:59:36,150,228,145,105,58,0.905,0.871,PP,S1,0.940,landmark,,UNMUTE,0,,1,57146,3ch,63,brightness,2.4,,homography,0.999,-0.04,7.9
2026-02-03 13:59:36,150,228,145,105,58,0.905,0.871,PP,S1,0.940,landmark,,UNMUTE,0,,1,57984,3ch,66,brightness,2.5,,homography,0.999,-0.04,7.9
2026-02-03 13:59:37,150,228,145,105,58,0.905,0.871,PP,S1,0.940,landmark,,UNMUTE,0,,1,58903,3ch,66,brightness,2.5,,homography,0.999,-0.04,7.9
2026-02-03 13:59:37,150,228,145,105,58,0.905,0.871,PP,S1,0.940,landmark,,UNMUTE,0,,1,59254,3ch,66,brightness,1.6,,homography,0.999,-0.04,7.9
2026-02-03 13:59:37,150,228,145,105,58,0.905,0.871,PP,S1,0.940,landmark,,UNMUTE,0,,1,60682,3ch,66,brightness,1.2,,homography,0.999,-0.04,7.9
2026-02-03 13:59:37,150,228,145,105,58,0.905,0.871,PP,S1,0.940,landmark,,UNMUTE,0,,1,61576,3ch,66,brightness,1.6,,homography,0.999,-0.04,7.9
2026-02-03 13:59:37,150,228,145,105,58,0.905,0.871,PP,S1,0.940,landmark,,UNMUTE,0,,1,61973,3ch,66,brightness,1.5,,homography,0.999,-0.04,7.9
2026-02-03 13:59:37,150,228,145,105,58,0.905,0.871,PP,S1,0.940,landmark,,UNMUTE,0,,1,62949,3ch,66,brightness,1.8,,homography,0.999,-0.04,7.9
2026-02-03 13:59:37,150,228,145,105,58,0.905,0.871,PP,S1,0.940,landmark,,UNMUTE,0,,1,63502,3ch,66,brightness,1.7,,homography,0.999,-0.04,7.9
2026-02-03 13:59:37,150,228,145,105,58,0.905,0.871,PP,S1,0.940,landmark,,UNMUTE,0,,1,63841,3ch,66,brightness,2.4,,homography,0.999,-0.04,7.9
2026-02-03 13:59:37,150,228,145,105,58,0.905,0.871,PP,S1,0.940,landmark,,UNMUTE,0,,1,65027,3ch,66,brightness,2.8,,homography,0.999,-0.04,7.9
2026-02-03 13:59:37,150,228,145,105,58,0.905,0.871,PP,S1,0.940,landmark,,UNMUTE,0,,1,65020,3ch,66,brightness,2.9,,homography,0.999,-0.04,7.9
2026-02-03 13:59:37,150,228,145,105,58,0.905,0.871,PP,S1,0.940,landmark,,UNMUTE,0,,1,64952,3ch,66,brightness,1.6,,homography,0.999,-0.04,7.9
2026-02-03 13:59:37,150,228,145,105,58,0.905,0.871,PP,S1,0.940,landmark,,UNMUTE,0,,1,66303,3ch,66,brightness,1.3,,homography,0.999,-0.04,7.9
2026-02-03 13:59:37,150,228,145,105,58,0.905,0.871,PP,S1,0.940,landmark,,UNMUTE,0,,1,66655,3ch,66,brightness,1.7,,homography,0.999,-0.04,7.9
2026-02-03 13:59:37,150,228,145,105,58,0.905,0.871,PP,S1,0.940,landmark,,UNMUTE,0,,1,66908,3ch,66,brightness,1.4,,homography,0.999,-0.04,7.9
2026-02-03 13:59:37,150,228,145,105,58,0.905,0.871,PP,S1,0.940,landmark,,UNMUTE,0,,1,68366,3ch,66,brightness,1.7,,homography,0.999,-0.04,7.9
2026-02-03 13:59:38,150,228,145,105,58,0.905,0.871,PP,S1,0.940,landmark,,UNMUTE,0,,1,68611,3ch,67,brightness,1.6,,homography,0.999,-0.04,7.9
2026-02-03 13:59:38,150,228,145,105,58,0.905,0.871,PP,S1,0.940,landmark,,UNMUTE,0,,1,68771,3ch,67,brightness,1.9,,homography,0.999,-0.04,7.9
2026-02-03 13:59:38,150,228,145,105,58,0.905,0.871,PP,S1,0.940,landmark,,UNMUTE,0,,1,69329,3ch,69,brightness,2.4,,homography,0.999,-0.04,7.9
2026-02-03 13:59:38,150,228,145,105,58,0.905,0.871,PP,S1,0.940,landmark,,UNMUTE,0,,1,69324,3ch,69,brightness,2.9,,homography,0.999,-0.04,7.9
2026-02-03 13:59:38,150,228,145,105,58,0.905,0.871,PP,S1,0.940,landmark,,UNMUTE,0,,1,69535,3ch,69,brightness,1.5,,homography,0.999,-0.04,7.9
2026-02-03 13:59:38,150,228,145,105,58,0.905,0.871,PP,S1,0.940,landmark,,UNMUTE,0,,1,68677,3ch,69,brightness,1.3,,homography,0.999,-0.04,7.9
2026-02-03 13:59:38,150,228,145,105,58,0.905,0.871,PP,S1,0.940,landmark,,UNMUTE,0,,1,68618,3ch,68,brightness,1.7,,homography,0.999,-0.04,7.9
2026-02-03 13:59:38,150,228,145,105,58,0.905,0.871,PP,S1,0.940,landmark,,UNMUTE,0,,1,69209,3ch,68,brightness,1.3,,homography,0.999,-0.04,7.9
2026-02-03 13:59:38,150,228,145,105,58,0.905,0.871,PP,S1,0.940,landmark,,UNMUTE,0,,1,69934,3ch,68,brightness,1.7,,homography,0.999,-0.04,7.9
2026-02-03 13:59:38,150,228,145,105,58,0.905,0.871,PP,S1,0.940,landmark,,UNMUTE,0,,1,69659,3ch,68,brightness,1.6,,homography,0.999,-0.04,7.9
2026-02-03 13:59:38,150,228,145,105,58,0.905,0.871,PP,S1,0.940,landmark,,UNMUTE,0,,1,70365,3ch,68,brightness,2.2,,homography,0.999,-0.04,7.9
2026-02-03 13:59:38,150,228,145,105,58,0.905,0.871,PP,S1,0.940,landmark,,UNMUTE,0,,1,45335,3ch,64,brightness,1.5,,homography,0.999,-0.04,7.9
2026-02-03 13:59:38,150,228,145,105,58,0.905,0.871,PP,S1,0.940,landmark,,UNMUTE,0,,1,51381,3ch,64,brightness,2.4,,homography,0.999,-0.04,7.9
2026-02-03 13:59:38,150,228,145,105,58,0.905,0.871,PP,S1,0.940,landmark,,UNMUTE,0,,1,55462,3ch,64,brightness,1.2,,homography,0.999,-0.04,7.9
2026-02-03 13:59:38,150,228,145,105,58,0.905,0.871,PP,S1,0.940,landmark,,UNMUTE,0,,1,56215,3ch,64,brightness,1.3,,homography,0.999,-0.04,7.9
2026-02-03 13:59:39,150,228,145,105,58,0.905,0.871,PP,S1,0.940,landmark,,UNMUTE,0,,1,57945,3ch,64,brightness,1.4,,homography,0.999,-0.04,7.9
2026-02-03 13:59:39,150,228,145,105,58,0.905,0.871,PP,S1,0.940,landmark,,UNMUTE,0,,1,59681,3ch,66,brightness,1.3,,homography,0.999,-0.04,7.9
2026-02-03 13:59:39,150,228,145,105,58,0.905,0.871,PP,S1,0.940,landmark,,UNMUTE,0,,1,61628,3ch,66,brightness,1.7,,homography,0.999,-0.04,7.9
2026-02-03 13:59:39,150,228,145,105,58,0.905,0.871,PP,S1,0.940,landmark,,UNMUTE,0,,1,62423,3ch,69,brightness,1.9,,homography,0.999,-0.04,7.9
2026-02-03 13:59:39,150,228,145,105,58,0.905,0.871,PP,S1,0.940,landmark,,UNMUTE,0,,1,63538,3ch,67,brightness,1.6,,homography,0.999,-0.04,7.9
2026-02-03 13:59:39,150,228,145,105,58,0.905,0.871,PP,S1,0.940,landmark,,UNMUTE,0,,1,64405,3ch,67,brightness,2.4,,homography,0.999,-0.04,7.9
2026-02-03 13:59:39,150,228,145,105,58,0.905,0.871,PP,S1,0.940,landmark,,UNMUTE,0,,1,65103,3ch,67,brightness,1.6,,homography,0.999,-0.04,7.9
2026-02-03 13:59:39,150,228,145,105,58,0.905,0.871,PP,S1,0.940,landmark,,UNMUTE,0,,1,64985,3ch,67,brightness,2.1,,homography,0.999,-0.04,7.9
2026-02-03 13:59:39,150,228,145,105,58,0.905,0.871,PP,S1,0.940,landmark,,UNMUTE,0,,1,64823,3ch,69,brightness,1.7,,homography,0.999,-0.04,7.9
2026-02-03 13:59:39,150,228,145,105,58,0.905,0.871,PP,S1,0.940,landmark,,UNMUTE,0,,1,65356,3ch,68,brightness,1.2,,homography,0.999,-0.04,7.9
2026-02-03 13:59:39,150,228,145,105,58,0.905,0.871,PP,S1,0.940,landmark,,UNMUTE,0,,1,65982,3ch,68,brightness,1.2,,homography,0.999,-0.04,7.9
2026-02-03 13:59:39,150,228,145,105,58,0.905,0.871,PP,S1,0.940,landmark,,UNMUTE,0,,1,65381,3ch,68,brightness,1.3,,homography,0.999,-0.04,7.9
2026-02-03 13:59:39,150,228,145,105,58,0.905,0.871,PP,S1,0.940,landmark,,UNMUTE,0,,1,66212,3ch,68,brightness,1.7,,homography,0.999,-0.04,7.9
2026-02-03 13:59:39,150,228,145,105,58,0.905,0.871,PP,S1,0.940,landmark,,UNMUTE,0,,1,66432,3ch,68,brightness,1.7,,homography,0.999,-0.04,7.9
2026-02-03 13:59:40,150,228,145,105,58,0.905,0.871,PP,S1,0.940,landmark,,UNMUTE,0,,1,66512,3ch,68,brightness,1.9,,homography,0.999,-0.04,7.9
2026-02-03 13:59:40,150,228,145,105,58,0.905,0.871,PP,S1,0.940,landmark,,UNMUTE,0,,1,66672,3ch,68,brightness,2.1,,homography,0.999,-0.04,7.9
2026-02-03 13:59:40,150,228,145,105,58,0.905,0.871,PP,S1,0.940,landmark,,UNMUTE,0,,1,67178,3ch,68,brightness,2.2,,homography,0.999,-0.04,7.9
2026-02-03 13:59:40,150,228,145,105,58,0.905,0.871,PP,S1,0.940,landmark,,UNMUTE,0,,1,67763,3ch,68,brightness,1.7,,homography,0.999,-0.04,7.9
2026-02-03 13:59:40,150,228,145,105,58,0.905,0.871,PP,S1,0.940,landmark,,UNMUTE,0,,1,68268,3ch,68,brightness,1.4,,homography,0.999,-0.04,7.9
2026-02-03 13:59:40,150,228,145,105,58,0.905,0.871,PP,S1,0.940,landmark,,UNMUTE,0,,1,68739,3ch,68,brightness,1.4,,homography,0.999,-0.04,7.9
2026-02-03 13:59:40,150,228,145,105,58,0.905,0.871,PP,S1,0.940,landmark,,UNMUTE,0,,1,68579,3ch,68,brightness,1.4,,homography,0.999,-0.04,7.9
2026-02-03 13:59:40,150,228,145,105,58,0.905,0.871,PP,S1,0.940,landmark,,UNMUTE,0,,1,68409,3ch,68,brightness,1.3,,homography,0.999,-0.04,7.9
2026-02-03 13:59:40,150,228,145,105,58,0.905,0.871,PP,S1,0.940,landmark,,UNMUTE,0,,1,69009,3ch,68,brightness,1.3,,homography,0.999,-0.04,7.9
2026-02-03 13:59:40,150,228,145,105,58,0.905,0.871,PP,S1,0.940,landmark,,UNMUTE,0,,1,69601,3ch,68,brightness,1.2,,homography,0.999,-0.04,7.9
2026-02-03 13:59:40,150,228,145,105,58,0.905,0.871,PP,S1,0.940,landmark,,UNMUTE,0,,1,69904,3ch,68,brightness,1.6,,homography,0.999,-0.04,7.9
2026-02-03 13:59:40,150,228,145,105,58,0.905,0.871,PP,S1,0.940,landmark,,UNMUTE,0,,1,69406,3ch,68,brightness,1.3,,homography,0.999,-0.04,7.9
2026-02-03 13:59:40,150,228,145,105,58,0.905,0.871,PP,S1,0.940,landmark,,UNMUTE,0,,1,46177,3ch,62,brightness,1.3,,homography,0.999,-0.04,7.9
2026-02-03 13:59:40,150,228,145,105,58,0.905,0.871,PP,S1,0.940,landmark,,UNMUTE,0,,1,51970,3ch,63,brightness,1.2,,homography,0.999,-0.04,7.9
2026-02-03 13:59:40,150,228,145,105,58,0.905,0.871,PP,S1,0.940,landmark,,UNMUTE,0,,1,54137,3ch,63,brightness,1.4,,homography,0.999,-0.04,7.9
2026-02-03 13:59:40,150,228,145,105,58,0.905,0.871,PP,S1,0.940,landmark,,UNMUTE,0,,1,55096,3ch,66,brightness,1.2,,homography,0.999,-0.04,7.9
2026-02-03 13:59:41,150,228,145,105,58,0.905,0.871,PP,S1,0.940,landmark,,UNMUTE,0,,1,56416,3ch,66,brightness,1.4,,homography,0.999,-0.04,7.9
2026-02-03 13:59:41,150,228,145,105,58,0.905,0.871,PP,S1,0.940,landmark,,UNMUTE,0,,1,58937,3ch,66,brightness,1.5,,homography,0.999,-0.04,7.9
2026-02-03 13:59:41,150,228,145,105,58,0.905,0.871,PP,S1,0.940,landmark,,UNMUTE,0,,1,59086,3ch,66,brightness,2.0,,homography,0.999,-0.04,7.9
2026-02-03 13:59:41,150,228,145,105,58,0.905,0.871,PP,S1,0.940,landmark,,UNMUTE,0,,1,59950,3ch,66,brightness,2.3,,homography,0.999,-0.04,7.9
2026-02-03 13:59:41,150,228,145,105,58,0.905,0.871,PP,S1,0.940,landmark,,UNMUTE,0,,1,61555,3ch,68,brightness,2.9,,homography,0.999,-0.04,7.9
2026-02-03 13:59:41,150,228,145,105,58,0.905,0.871,PP,S1,0.940,landmark,,UNMUTE,0,,1,62205,3ch,68,brightness,1.4,,homography,0.999,-0.04,7.9
2026-02-03 13:59:41,150,228,145,105,58,0.905,0.871,PP,S1,0.940,landmark,,UNMUTE,0,,1,63085,3ch,68,brightness,1.3,,homography,0.999,-0.04,7.9
2026-02-03 13:59:41,150,228,145,105,58,0.905,0.871,PP,S1,0.940,landmark,,UNMUTE,0,,1,63355,3ch,65,brightness,1.6,,homography,0.999,-0.04,7.9
2026-02-03 13:59:41,150,228,145,105,58,0.905,0.871,PP,S1,0.940,landmark,,UNMUTE,0,,1,63354,3ch,65,brightness,1.3,,homography,0.999,-0.04,7.9
2026-02-03 13:59:41,150,228,145,105,58,0.905,0.871,PP,S1,0.940,landmark,,UNMUTE,0,,1,64631,3ch,65,brightness,1.7,,homography,0.999,-0.04,7.9
2026-02-03 13:59:41,150,228,145,105,58,0.905,0.871,PP,S1,0.940,landmark,,UNMUTE,0,,1,64249,3ch,67,brightness,1.5,,homography,0.999,-0.04,7.9
2026-02-03 13:59:41,150,228,145,105,58,0.905,0.871,PP,S1,0.940,landmark,,UNMUTE,0,,1,64610,3ch,67,brightness,1.8,,homography,0.999,-0.04,7.9
2026-02-03 13:59:41,150,228,145,105,58,0.905,0.871,PP,S1,0.940,landmark,,UNMUTE,0,,1,64962,3ch,68,brightness,2.2,,homography,0.999,-0.04,7.9
2026-02-03 13:59:41,150,228,145,105,58,0.905,0.871,PP,S1,0.940,landmark,,UNMUTE,0,,1,65835,3ch,68,brightness,2.5,,homography,0.999,-0.04,7.9
2026-02-03 13:59:41,150,228,145,105,58,0.905,0.871,PP,S1,0.940,landmark,,UNMUTE,0,,1,66110,3ch,69,brightness,1.4,,homography,0.999,-0.04,7.9
2026-02-03 13:59:42,150,228,145,105,58,0.905,0.871,PP,S1,0.940,landmark,,UNMUTE,0,,1,66666,3ch,69,brightness,1.3,,homography,0.999,-0.04,7.9
2026-02-03 13:59:42,150,228,145,105,58,0.905,0.871,PP,S1,0.940,landmark,,UNMUTE,0,,1,66598,3ch,69,brightness,1.8,,homography,0.999,-0.04,7.9
2026-02-03 13:59:42,150,228,145,105,58,0.905,0.871,PP,S1,0.940,landmark,,UNMUTE,0,,1,67100,3ch,69,brightness,1.2,,homography,0.999,-0.04,7.9
2026-02-03 13:59:42,150,228,145,105,58,0.905,0.871,PP,S1,0.940,landmark,,UNMUTE,0,,1,67588,3ch,69,brightness,1.5,,homography,0.999,-0.04,7.9
2026-02-03 13:59:42,150,228,145,105,58,0.905,0.871,PP,S1,0.940,landmark,,UNMUTE,0,,1,67539,3ch,69,brightness,1.7,,homography,0.999,-0.04,7.9
2026-02-03 13:59:42,150,228,145,105,58,0.905,0.871,PP,S1,0.940,landmark,,UNMUTE,0,,1,67862,3ch,69,brightness,2.3,,homography,0.999,-0.04,7.9
2026-02-03 13:59:42,150,228,145,105,58,0.905,0.871,PP,S1,0.940,landmark,,UNMUTE,0,,1,68897,3ch,69,brightness,2.6,,homography,0.999,-0.04,7.9
2026-02-03 13:59:42,150,228,145,105,58,0.905,0.871,PP,S1,0.940,landmark,,UNMUTE,0,,1,69344,3ch,69,brightness,2.4,,homography,0.999,-0.04,7.9
2026-02-03 13:59:42,150,228,145,105,58,0.905,0.871,PP,S1,0.940,landmark,,UNMUTE,0,,1,69195,3ch,68,brightness,1.5,,homography,0.999,-0.04,7.9
2026-02-03 13:59:42,150,228,145,105,58,0.905,0.871,PP,S1,0.940,landmark,,UNMUTE,0,,1,69831,3ch,68,brightness,1.9,,homography,0.999,-0.04,7.9
2026-02-03 13:59:42,150,228,145,105,58,0.905,0.871,PP,S1,0.940,landmark,,UNMUTE,0,,1,70028,3ch,68,brightness,1.5,,homography,0.999,-0.04,7.9
2026-02-03 13:59:42,150,228,145,105,58,0.905,0.871,PP,S1,0.940,landmark,,UNMUTE,0,,1,45621,3ch,61,brightness,1.8,,homography,0.999,-0.04,7.9
2026-02-03 13:59:42,150,228,145,105,58,0.905,0.871,PP,S1,0.940,landmark,,UNMUTE,0,,1,51763,3ch,61,brightness,1.4,,homography,0.999,-0.04,7.9
2026-02-03 13:59:42,150,228,145,105,58,0.905,0.871,PP,S1,0.940,landmark,,UNMUTE,0,,1,53744,3ch,61,brightness,1.4,,homography,0.999,-0.04,7.9
2026-02-03 13:59:42,150,228,145,105,58,0.905,0.871,PP,S1,0.940,landmark,,UNMUTE,0,,1,55356,3ch,61,brightness,1.8,,homography,0.999,-0.04,7.9
2026-02-03 13:59:43,150,228,145,105,58,0.905,0.871,PP,S1,0.940,landmark,,UNMUTE,0,,1,56719,3ch,61,brightness,2.4,,homography,0.999,-0.04,7.9
2026-02-03 13:59:43,150,228,145,105,58,0.905,0.871,PP,S1,0.940,landmark,,UNMUTE,0,,1,58451,3ch,61,brightness,2.5,,homography,0.999,-0.04,7.9
2026-02-03 13:59:43,150,228,145,105,58,0.905,0.871,PP,S1,0.940,landmark,,UNMUTE,0,,1,60014,3ch,61,brightness,2.2,,homography,0.999,-0.04,7.9
2026-02-03 13:59:43,150,228,145,105,58,0.905,0.871,PP,S1,0.940,landmark,,UNMUTE,0,,1,60936,3ch,61,brightness,1.6,,homography,0.999,-0.04,7.9
2026-02-03 13:59:43,150,228,145,105,58,0.905,0.871,PP,S1,0.940,landmark,,UNMUTE,0,,1,61756,3ch,65,brightness,1.4,,homography,0.999,-0.04,7.9
2026-02-03 13:59:43,150,228,145,105,58,0.905,0.871,PP,S1,0.940,landmark,,UNMUTE,0,,1,63135,3ch,65,brightness,1.5,,homography,0.999,-0.04,7.9
2026-02-03 13:59:43,150,228,145,105,58,0.905,0.871,PP,S1,0.940,landmark,,UNMUTE,0,,1,64563,3ch,65,brightness,1.7,,homography,0.999,-0.04,7.9
2026-02-03 13:59:43,150,228,145,105,58,0.905,0.871,PP,S1,0.940,landmark,,UNMUTE,0,,1,64299,3ch,65,brightness,1.5,,homography,0.999,-0.04,7.9
2026-02-03 13:59:43,150,228,145,105,58,0.905,0.871,PP,S1,0.940,landmark,,UNMUTE,0,,1,64675,3ch,68,brightness,1.3,,homography,0.999,-0.04,7.9
2026-02-03 13:59:43,150,228,145,105,58,0.905,0.871,PP,S1,0.940,landmark,,UNMUTE,0,,1,66026,3ch,68,brightness,1.5,,homography,0.999,-0.04,7.9
2026-02-03 13:59:43,150,228,145,105,58,0.905,0.871,PP,S1,0.940,landmark,,UNMUTE,0,,1,66455,3ch,68,brightness,1.9,,homography,0.999,-0.04,7.9
2026-02-03 13:59:43,150,228,145,105,58,0.905,0.871,PP,S1,0.940,landmark,,UNMUTE,0,,1,66926,3ch,68,brightness,1.7,,homography,0.999,-0.04,7.9
2026-02-03 13:59:43,150,228,145,105,58,0.905,0.871,PP,S1,0.940,landmark,,UNMUTE,0,,1,66778,3ch,68,brightness,1.7,,homography,0.999,-0.04,7.9
2026-02-03 13:59:43,150,228,145,105,58,0.905,0.871,PP,S1,0.940,landmark,,UNMUTE,0,,1,67023,3ch,68,brightness,1.3,,homography,0.999,-0.04,7.9
2026-02-03 13:59:44,150,228,145,105,58,0.905,0.871,PP,S1,0.940,landmark,,UNMUTE,0,,1,67601,3ch,68,brightness,1.3,,homography,0.999,-0.04,7.9
2026-02-03 13:59:44,150,228,145,105,58,0.905,0.871,PP,S1,0.940,landmark,,UNMUTE,0,,1,67035,3ch,68,brightness,1.4,,homography,0.999,-0.04,7.9
2026-02-03 13:59:44,150,228,145,105,58,0.905,0.871,PP,S1,0.940,landmark,,UNMUTE,0,,1,67299,3ch,68,brightness,1.7,,homography,0.999,-0.04,7.9
2026-02-03 13:59:44,150,228,145,105,58,0.905,0.871,PP,S1,0.940,landmark,,UNMUTE,0,,1,67595,3ch,68,brightness,1.9,,homography,0.999,-0.04,7.9
2026-02-03 13:59:44,150,228,145,105,58,0.905,0.871,PP,S1,0.940,landmark,,UNMUTE,0,,1,68012,3ch,68,brightness,2.1,,homography,0.999,-0.04,7.9
2026-02-03 13:59:44,150,228,145,105,58,0.905,0.871,PP,S1,0.940,landmark,,UNMUTE,0,,1,67664,3ch,69,brightness,2.4,,homography,0.999,-0.04,7.9
2026-02-03 13:59:44,150,228,145,105,58,0.905,0.871,PP,S1,0.940,landmark,,UNMUTE,0,,1,68425,3ch,69,brightness,1.8,,homography,0.999,-0.04,7.9
2026-02-03 13:59:44,150,228,145,105,58,0.905,0.871,PP,S1,0.940,landmark,,UNMUTE,0,,1,68356,3ch,69,brightness,1.7,,homography,0.999,-0.04,7.9
2026-02-03 13:59:44,150,228,145,105,58,0.905,0.871,PP,S1,0.940,landmark,,UNMUTE,0,,1,68722,3ch,69,brightness,1.5,,homography,0.999,-0.04,7.9
2026-02-03 13:59:44,150,228,145,105,58,0.905,0.871,PP,S1,0.940,landmark,,UNMUTE,0,,1,69809,3ch,69,brightness,1.5,,homography,0.999,-0.04,7.9
2026-02-03 13:59:44,150,228,145,105,58,0.905,0.871,PP,S1,0.940,landmark,,UNMUTE,0,,1,70058,3ch,69,brightness,1.4,,homography,0.999,-0.04,7.9
2026-02-03 13:59:44,150,228,145,105,58,0.905,0.871,PP,S1,0.940,landmark,,UNMUTE,0,,1,70563,3ch,69,brightness,1.6,,homography,0.999,-0.04,7.9
2026-02-03 13:59:44,150,228,145,105,58,0.905,0.871,PP,S1,0.940,landmark,,UNMUTE,0,,1,47117,3ch,61,brightness,1.2,,homography,0.999,-0.04,7.9
2026-02-03 13:59:44,150,228,145,105,58,0.905,0.871,PP,S1,0.940,landmark,,UNMUTE,0,,1,52688,3ch,61,brightness,1.6,,homography,0.999,-0.04,7.9
2026-02-03 13:59:44,150,228,145,105,58,0.905,0.871,PP,S1,0.940,landmark,,UNMUTE,0,,1,54614,3ch,61,brightness,1.3,,homography,0.999,-0.04,7.9
2026-02-03 13:59:44,150,228,145,105,58,0.905,0.871,PP,S1,0.940,landmark,,UNMUTE,0,,1,56543,3ch,62,brightness,1.8,,homography,0.999,-0.04,7.9
2026-02-03 13:59:45,150,228,145,105,58,0.905,0.871,PP,S1,0.940,landmark,,UNMUTE,0,,1,59194,3ch,62,brightness,1.2,,homography,0.999,-0.04,7.9
2026-02-03 13:59:45,150,228,145,105,58,0.905,0.871,PP,S1,0.940,landmark,,UNMUTE,0,,1,60354,3ch,63,brightness,1.3,,homography,0.999,-0.04,7.9
2026-02-03 13:59:45,150,228,145,105,58,0.905,0.871,PP,S1,0.940,landmark,,UNMUTE,0,,1,61384,3ch,65,brightness,1.4,,homography,0.999,-0.04,7.9
2026-02-03 13:59:45,150,228,145,105,58,0.905,0.871,PP,S1,0.940,landmark,,UNMUTE,0,,1,62597,3ch,65,brightness,1.3,,homography,0.999,-0.04,7.9
2026-02-03 13:59:45,150,228,145,105,58,0.905,0.871,PP,S1,0.940,landmark,,UNMUTE,0,,1,63254,3ch,65,brightness,1.5,,homography,0.999,-0.04,7.9
2026-02-03 13:59:45,150,228,145,105,58,0.905,0.871,PP,S1,0.940,landmark,,UNMUTE,0,,1,63163,3ch,65,brightness,2.2,,homography,0.999,-0.04,7.9
2026-02-03 13:59:45,150,228,145,105,58,0.905,0.871,PP,S1,0.940,landmark,,UNMUTE,0,,1,64113,3ch,65,brightness,2.1,,homography,0.999,-0.04,7.9
2026-02-03 13:59:45,150,228,145,105,58,0.905,0.871,PP,S1,0.940,landmark,,UNMUTE,0,,1,64598,3ch,65,brightness,2.4,,homography,0.999,-0.04,7.9
2026-02-03 13:59:45,150,228,145,105,58,0.905,0.871,PP,S1,0.940,landmark,,UNMUTE,0,,1,65555,3ch,65,brightness,2.5,,homography,0.999,-0.04,7.9
2026-02-03 13:59:45,150,228,145,105,58,0.905,0.871,PP,S1,0.940,landmark,,UNMUTE,0,,1,66694,3ch,65,brightness,1.6,,homography,0.999,-0.04,7.9
2026-02-03 13:59:45,150,228,145,105,58,0.905,0.871,PP,S1,0.940,landmark,,UNMUTE,0,,1,66794,3ch,66,brightness,1.3,,homography,0.999,-0.04,7.9
2026-02-03 13:59:45,150,228,145,105,58,0.905,0.871,PP,S1,0.940,landmark,,UNMUTE,0,,1,67113,3ch,66,brightness,1.5,,homography,0.999,-0.04,7.9
2026-02-03 13:59:45,150,228,145,105,58,0.905,0.871,PP,S1,0.940,landmark,,UNMUTE,0,,1,66414,3ch,66,brightness,1.6,,homography,0.999,-0.04,7.9
2026-02-03 13:59:45,150,228,145,105,58,0.905,0.871,PP,S1,0.940,landmark,,UNMUTE,0,,1,67064,3ch,66,brightness,1.3,,homography,0.999,-0.04,7.9
2026-02-03 13:59:45,150,228,145,105,58,0.905,0.871,PP,S1,0.940,landmark,,UNMUTE,0,,1,66715,3ch,66,brightness,1.4,,homography,0.999,-0.04,7.9
2026-02-03 13:59:46,150,228,145,105,58,0.905,0.871,PP,S1,0.940,landmark,,UNMUTE,0,,1,66871,3ch,66,brightness,1.9,,homography,0.999,-0.04,7.9
2026-02-03 13:59:46,150,228,145,105,58,0.905,0.871,PP,S1,0.940,landmark,,UNMUTE,0,,1,67208,3ch,66,brightness,2.1,,homography,0.999,-0.04,7.9
2026-02-03 13:59:46,150,228,145,105,58,0.905,0.871,PP,S1,0.940,landmark,,UNMUTE,0,,1,67688,3ch,66,brightness,2.8,,homography,0.999,-0.04,7.9
2026-02-03 13:59:46,150,228,145,105,58,0.905,0.871,PP,S1,0.940,landmark,,UNMUTE,0,,1,68235,3ch,66,brightness,1.5,,homography,0.999,-0.04,7.9
2026-02-03 13:59:46,150,228,145,105,58,0.905,0.871,PP,S1,0.940,landmark,,UNMUTE,0,,1,69839,3ch,66,brightness,1.5,,homography,0.999,-0.04,7.9
2026-02-03 13:59:46,150,228,145,105,58,0.905,0.871,PP,S1,0.940,landmark,,UNMUTE,0,,1,69745,3ch,66,brightness,1.6,,homography,0.999,-0.04,7.9
2026-02-03 13:59:46,150,228,145,105,58,0.905,0.871,PP,S1,0.940,landmark,,UNMUTE,0,,1,69950,3ch,66,brightness,1.9,,homography,0.999,-0.04,7.9
2026-02-03 13:59:46,150,228,145,105,58,0.905,0.871,PP,S1,0.940,landmark,,UNMUTE,0,,1,71429,3ch,66,brightness,1.6,,homography,0.999,-0.04,7.9
2026-02-03 13:59:46,150,228,145,105,58,0.905,0.871,PP,S1,0.940,landmark,,UNMUTE,0,,1,71329,3ch,66,brightness,1.6,,homography,0.999,-0.04,7.9
2026-02-03 13:59:46,150,228,145,105,58,0.905,0.871,PP,S1,0.940,landmark,,UNMUTE,0,,1,71526,3ch,66,brightness,2.2,,homography,0.999,-0.04,7.9
2026-02-03 13:59:46,150,228,145,105,58,0.905,0.871,PP,S1,0.940,landmark,,UNMUTE,0,,1,71567,3ch,66,brightness,2.5,,homography,0.999,-0.04,7.9
2026-02-03 13:59:46,150,228,145,105,58,0.905,0.871,PP,S1,0.940,landmark,,UNMUTE,0,,1,40993,3ch,64,brightness,2.8,,homography,0.999,-0.04,7.9
2026-02-03 13:59:46,150,228,145,105,58,0.905,0.871,PP,S1,0.940,landmark,,UNMUTE,0,,1,48563,3ch,65,brightness,1.5,,homography,0.999,-0.04,7.9
2026-02-03 13:59:46,150,228,145,105,58,0.905,0.871,PP,S1,0.940,landmark,,UNMUTE,0,,1,52585,3ch,65,brightness,1.6,,homography,0.999,-0.04,7.9
2026-02-03 13:59:46,150,228,145,105,58,0.905,0.871,PP,S1,0.940,landmark,,UNMUTE,0,,1,54646,3ch,65,brightness,1.5,,homography,0.999,-0.04,7.9
2026-02-03 13:59:47,150,228,145,105,58,0.905,0.871,PP,S1,0.940,landmark,,UNMUTE,0,,1,57571,3ch,67,brightness,1.2,,homography,0.999,-0.04,7.9
2026-02-03 13:59:47,150,228,145,105,58,0.905,0.871,PP,S1,0.940,landmark,,UNMUTE,0,,1,58395,3ch,67,brightness,1.4,,homography,0.999,-0.04,7.9
2026-02-03 13:59:47,150,228,145,105,58,0.905,0.871,PP,S1,0.940,landmark,,UNMUTE,0,,1,58797,3ch,67,brightness,1.4,,homography,0.999,-0.04,7.9
2026-02-03 13:59:47,150,228,145,105,58,0.905,0.871,PP,S1,0.940,landmark,,UNMUTE,0,,1,59895,3ch,67,brightness,2.1,,homography,0.999,-0.04,7.9
2026-02-03 13:59:47,150,228,145,105,58,0.905,0.871,PP,S1,0.940,landmark,,UNMUTE,0,,1,61690,3ch,67,brightness,2.1,,homography,0.999,-0.04,7.9
2026-02-03 13:59:47,150,228,145,105,58,0.905,0.871,PP,S1,0.940,landmark,,UNMUTE,0,,1,62715,3ch,67,brightness,2.1,,homography,0.999,-0.04,7.9
2026-02-03 13:59:47,150,228,145,105,58,0.905,0.871,PP,S1,0.940,landmark,,UNMUTE,0,,1,63840,3ch,67,brightness,1.6,,homography,0.999,-0.04,7.9
2026-02-03 13:59:47,150,228,145,105,58,0.905,0.871,PP,S1,0.940,landmark,,UNMUTE,0,,1,64007,3ch,67,brightness,1.3,,homography,0.999,-0.04,7.9
2026-02-03 13:59:47,150,228,145,105,58,0.905,0.871,PP,S1,0.940,landmark,,UNMUTE,0,,1,66478,3ch,67,brightness,1.3,,homography,0.999,-0.04,7.9
2026-02-03 13:59:47,150,228,145,105,58,0.905,0.871,PP,S1,0.940,landmark,,UNMUTE,0,,1,67094,3ch,67,brightness,1.4,,homography,0.999,-0.04,7.9
2026-02-03 13:59:47,150,228,145,105,58,0.905,0.871,PP,S1,0.940,landmark,,UNMUTE,0,,1,68472,3ch,67,brightness,1.3,,homography,0.999,-0.04,7.9
2026-02-03 13:59:47,150,228,145,105,58,0.905,0.871,PP,S1,0.940,landmark,,UNMUTE,0,,1,68617,3ch,67,brightness,1.4,,homography,0.999,-0.04,7.9
2026-02-03 13:59:47,150,228,145,105,58,0.905,0.871,PP,S1,0.940,landmark,,UNMUTE,0,,1,68957,3ch,67,brightness,1.9,,homography,0.999,-0.04,7.9
2026-02-03 13:59:47,150,228,145,105,58,0.905,0.871,PP,S1,0.940,landmark,,UNMUTE,0,,1,71129,3ch,67,brightness,2.1,,homography,0.999,-0.04,7.9
2026-02-03 13:59:47,150,228,145,105,58,0.905,0.871,PP,S1,0.940,landmark,,UNMUTE,0,,1,71202,3ch,67,brightness,1.7,,homography,0.999,-0.04,7.9
2026-02-03 13:59:48,150,228,145,105,58,0.905,0.871,PP,S1,0.940,landmark,,UNMUTE,0,,1,71278,3ch,67,brightness,1.4,,homography,0.999,-0.04,7.9
2026-02-03 13:59:48,150,228,145,105,58,0.905,0.871,PP,S1,0.940,landmark,,UNMUTE,0,,1,71083,3ch,66,brightness,1.9,,homography,0.999,-0.04,7.9
2026-02-03 13:59:48,150,228,145,105,58,0.905,0.871,PP,S1,0.940,landmark,,UNMUTE,0,,1,71015,3ch,66,brightness,1.2,,homography,0.999,-0.04,7.9
2026-02-03 13:59:48,150,228,145,105,58,0.905,0.871,PP,S1,0.940,landmark,,UNMUTE,0,,1,71532,3ch,66,brightness,1.5,,homography,0.999,-0.04,7.9
2026-02-03 13:59:48,150,228,145,105,58,0.905,0.871,PP,S1,0.940,landmark,,UNMUTE,0,,1,71011,3ch,66,brightness,1.2,,homography,0.999,-0.04,7.9
2026-02-03 13:59:48,150,228,145,105,58,0.905,0.871,PP,S1,0.940,landmark,,UNMUTE,0,,1,71638,3ch,66,brightness,1.2,,homography,0.999,-0.04,7.9
2026-02-03 13:59:48,150,228,145,105,58,0.905,0.871,PP,S1,0.940,landmark,,UNMUTE,0,,1,71226,3ch,66,brightness,1.2,,homography,0.999,-0.04,7.9
2026-02-03 13:59:48,150,228,145,105,58,0.905,0.871,PP,S1,0.940,landmark,,UNMUTE,0,,1,71094,3ch,66,brightness,1.4,,homography,0.999,-0.04,7.9
2026-02-03 13:59:48,150,228,145,105,58,0.905,0.871,PP,S1,0.940,landmark,,UNMUTE,0,,1,71674,3ch,66,brightness,1.9,,homography,0.999,-0.04,7.9
2026-02-03 13:59:48,150,228,145,105,58,0.905,0.871,PP,S1,0.940,landmark,,UNMUTE,0,,1,71474,3ch,66,brightness,2.1,,homography,0.999,-0.04,7.9
2026-02-03 13:59:48,150,228,145,105,58,0.905,0.871,PP,S1,0.940,landmark,,UNMUTE,0,,1,71881,3ch,66,brightness,1.4,,homography,0.999,-0.04,7.9
2026-02-03 13:59:48,150,228,145,105,58,0.905,0.871,PP,S1,0.940,landmark,,UNMUTE,0,,1,42999,3ch,63,brightness,1.4,,homography,0.999,-0.04,7.9
2026-02-03 13:59:48,150,228,145,105,58,0.905,0.871,PP,S1,0.940,landmark,,UNMUTE,0,,1,51120,3ch,63,brightness,1.6,,homography,0.999,-0.04,7.9
2026-02-03 13:59:48,150,228,145,105,58,0.905,0.871,PP,S1,0.940,landmark,,UNMUTE,0,,1,54528,3ch,63,brightness,1.5,,homography,0.999,-0.04,7.9
2026-02-03 13:59:49,150,228,145,105,58,0.905,0.871,PP,S1,0.940,landmark,,UNMUTE,0,,1,55999,3ch,63,brightness,1.4,,homography,0.999,-0.04,7.9
2026-02-03 13:59:49,150,228,145,105,58,0.905,0.871,PP,S1,0.940,landmark,,UNMUTE,0,,1,56913,3ch,63,brightness,2.3,,homography,0.999,-0.04,7.9
2026-02-03 13:59:49,150,228,145,105,58,0.905,0.871,PP,S1,0.940,landmark,,UNMUTE,0,,1,59178,3ch,64,brightness,2.7,,homography,0.999,-0.04,7.9
2026-02-03 13:59:49,150,228,145,105,58,0.905,0.871,PP,S1,0.940,landmark,,UNMUTE,0,,1,60362,3ch,64,brightness,3.8,,homography,0.999,-0.04,7.9
2026-02-03 13:59:49,150,228,145,105,58,0.905,0.871,PP,S1,0.940,landmark,,UNMUTE,0,,1,61626,3ch,64,brightness,2.5,,homography,0.999,-0.04,7.9
2026-02-03 13:59:49,150,228,145,105,58,0.905,0.871,PP,S1,0.940,landmark,,UNMUTE,0,,1,62004,3ch,64,brightness,1.5,,homography,0.999,-0.04,7.9
2026-02-03 13:59:49,150,228,145,105,58,0.905,0.871,PP,S1,0.940,landmark,,UNMUTE,0,,1,62930,3ch,64,brightness,1.3,,homography,0.999,-0.04,7.9
2026-02-03 13:59:49,150,228,145,105,58,0.905,0.871,PP,S1,0.940,landmark,,UNMUTE,0,,1,63734,3ch,64,brightness,1.7,,homography,0.999,-0.04,7.9
2026-02-03 13:59:49,150,228,145,105,58,0.905,0.871,PP,S1,0.940,landmark,,UNMUTE,0,,1,64082,3ch,64,brightness,1.4,,homography,0.999,-0.04,7.9
2026-02-03 13:59:49,150,228,145,105,58,0.905,0.871,PP,S1,0.940,landmark,,UNMUTE,0,,1,64420,3ch,64,brightness,1.4,,homography,0.999,-0.04,7.9
2026-02-03 13:59:49,150,228,145,105,58,0.905,0.871,PP,S1,0.940,landmark,,UNMUTE,0,,1,65491,3ch,64,brightness,1.8,,homography,0.999,-0.04,7.9
2026-02-03 13:59:49,150,228,145,105,58,0.905,0.871,PP,S1,0.940,landmark,,UNMUTE,0,,1,65732,3ch,66,brightness,2.1,,homography,0.999,-0.04,7.9
2026-02-03 13:59:49,150,228,145,105,58,0.905,0.871,PP,S1,0.940,landmark,,UNMUTE,0,,1,66704,3ch,66,brightness,2.8,,homography,0.999,-0.04,7.9
2026-02-03 13:59:49,150,228,145,105,58,0.905,0.871,PP,S1,0.940,landmark,,UNMUTE,0,,1,66776,3ch,66,brightness,2.4,,homography,0.999,-0.04,7.9
2026-02-03 13:59:49,150,228,145,105,58,0.905,0.871,PP,S1,0.940,landmark,,UNMUTE,0,,1,67705,3ch,66,brightness,1.5,,homography,0.999,-0.04,7.9
2026-02-03 13:59:49,150,228,145,105,58,0.905,0.871,PP,S1,0.940,landmark,,UNMUTE,0,,1,67885,3ch,66,brightness,1.2,,homography,0.999,-0.04,7.9
2026-02-03 13:59:50,150,228,145,105,58,0.905,0.871,PP,S1,0.940,landmark,,UNMUTE,0,,1,68539,3ch,66,brightness,1.5,,homography,0.999,-0.04,7.9
2026-02-03 13:59:50,150,228,145,105,58,0.905,0.871,PP,S1,0.940,landmark,,UNMUTE,0,,1,69579,3ch,66,brightness,1.4,,homography,0.999,-0.04,7.9
2026-02-03 13:59:50,150,228,145,105,58,0.905,0.871,PP,S1,0.940,landmark,,UNMUTE,0,,1,69797,3ch,66,brightness,1.5,,homography,0.999,-0.04,7.9
2026-02-03 13:59:50,150,228,145,105,58,0.905,0.871,PP,S1,0.940,landmark,,UNMUTE,0,,1,69110,3ch,66,brightness,1.9,,homography,0.999,-0.04,7.9
2026-02-03 13:59:50,150,228,145,105,58,0.905,0.871,PP,S1,0.940,landmark,,UNMUTE,0,,1,69525,3ch,66,brightness,2.1,,homography,0.999,-0.04,7.9
2026-02-03 13:59:50,150,228,145,105,58,0.905,0.871,PP,S1,0.940,landmark,,UNMUTE,0,,1,70127,3ch,66,brightness,2.7,,homography,0.999,-0.04,7.9
2026-02-03 13:59:50,150,228,145,105,58,0.905,0.871,PP,S1,0.940,landmark,,UNMUTE,0,,1,70119,3ch,66,brightness,2.7,,homography,0.999,-0.04,7.9
2026-02-03 13:59:50,150,228,145,105,58,0.905,0.871,PP,S1,0.940,landmark,,UNMUTE,0,,1,69821,3ch,66,brightness,1.5,,homography,0.999,-0.04,7.9
2026-02-03 13:59:50,150,228,145,105,58,0.905,0.871,PP,S1,0.940,landmark,,UNMUTE,0,,1,69614,3ch,68,brightness,1.4,,homography,0.999,-0.04,7.9
2026-02-03 13:59:50,150,228,145,105,58,0.905,0.871,PP,S1,0.940,landmark,,UNMUTE,0,,1,69987,3ch,68,brightness,1.5,,homography,0.999,-0.04,7.9
2026-02-03 13:59:50,150,228,145,105,58,0.905,0.871,PP,S1,0.940,landmark,,UNMUTE,0,,1,69973,3ch,68,brightness,1.7,,homography,0.999,-0.04,7.9
2026-02-03 13:59:50,150,228,145,105,58,0.905,0.871,PP,S1,0.940,landmark,,UNMUTE,0,,1,42995,3ch,59,brightness,1.3,,homography,0.999,-0.04,7.9
2026-02-03 13:59:50,150,228,145,105,58,0.905,0.871,PP,S1,0.940,landmark,,UNMUTE,0,,1,52833,3ch,61,brightness,1.7,,homography,0.999,-0.04,7.9
2026-02-03 13:59:50,150,228,145,105,58,0.905,0.871,PP,S1,0.940,landmark,,UNMUTE,0,,1,55036,3ch,61,brightness,2.1,,homography,0.999,-0.04,7.9
2026-02-03 13:59:50,150,228,145,105,58,0.905,0.871,PP,S1,0.940,landmark,,UNMUTE,0,,1,56015,3ch,62,brightness,2.7,,homography,0.999,-0.04,7.9
2026-02-03 13:59:51,150,228,145,105,58,0.905,0.871,PP,S1,0.940,landmark,,UNMUTE,0,,1,58803,3ch,62,brightness,2.9,,homography,0.999,-0.04,7.9
2026-02-03 13:59:51,150,228,145,105,58,0.905,0.871,PP,S1,0.940,landmark,,UNMUTE,0,,1,59659,3ch,64,brightness,1.5,,homography,0.999,-0.04,7.9
2026-02-03 13:59:51,150,228,145,105,58,0.905,0.871,PP,S1,0.940,landmark,,UNMUTE,0,,1,60686,3ch,64,brightness,1.3,,homography,0.999,-0.04,7.9
2026-02-03 13:59:51,150,228,145,105,58,0.905,0.871,PP,S1,0.940,landmark,,UNMUTE,0,,1,61857,3ch,64,brightness,1.6,,homography,0.999,-0.04,7.9
2026-02-03 13:59:51,150,228,145,105,58,0.905,0.871,PP,S1,0.940,landmark,,UNMUTE,0,,1,62921,3ch,65,brightness,1.9,,homography,0.999,-0.04,7.9
2026-02-03 13:59:51,150,228,145,105,58,0.905,0.871,PP,S1,0.940,landmark,,UNMUTE,0,,1,63511,3ch,65,brightness,1.5,,homography,0.999,-0.04,7.9
2026-02-03 13:59:51,150,228,145,105,58,0.905,0.871,PP,S1,0.940,landmark,,UNMUTE,0,,1,64208,3ch,65,brightness,1.3,,homography,0.999,-0.04,7.9
2026-02-03 13:59:51,150,228,145,105,58,0.905,0.871,PP,S1,0.940,landmark,,UNMUTE,0,,1,64244,3ch,65,brightness,1.7,,homography,0.999,-0.04,7.9
2026-02-03 13:59:51,150,228,145,105,58,0.905,0.871,PP,S1,0.940,landmark,,UNMUTE,0,,1,63882,3ch,66,brightness,1.8,,homography,0.999,-0.04,7.9
2026-02-03 13:59:51,150,228,145,105,58,0.905,0.871,PP,S1,0.940,landmark,,UNMUTE,0,,1,64460,3ch,66,brightness,2.1,,homography,0.999,-0.04,7.9
2026-02-03 13:59:51,150,228,145,105,58,0.905,0.871,PP,S1,0.940,landmark,,UNMUTE,0,,1,64297,3ch,66,brightness,1.8,,homography,0.999,-0.04,7.9
2026-02-03 13:59:51,150,228,145,105,58,0.905,0.871,PP,S1,0.940,landmark,,UNMUTE,0,,1,65313,3ch,66,brightness,1.4,,homography,0.999,-0.04,7.9
2026-02-03 13:59:51,150,228,145,105,58,0.905,0.871,PP,S1,0.940,landmark,,UNMUTE,0,,1,65668,3ch,66,brightness,1.5,,homography,0.999,-0.04,7.9
2026-02-03 13:59:51,150,228,145,105,58,0.905,0.871,PP,S1,0.940,landmark,,UNMUTE,0,,1,65663,3ch,66,brightness,1.9,,homography,0.999,-0.04,7.9
2026-02-03 13:59:51,150,228,145,105,58,0.905,0.871,PP,S1,0.940,landmark,,UNMUTE,0,,1,68667,3ch,66,brightness,1.6,,homography,0.999,-0.04,7.9
2026-02-03 13:59:52,150,228,145,105,58,0.905,0.871,PP,S1,0.940,landmark,,UNMUTE,0,,1,68389,3ch,66,brightness,1.8,,homography,0.999,-0.04,7.9
2026-02-03 13:59:52,150,228,145,105,58,0.905,0.871,PP,S1,0.940,landmark,,UNMUTE,0,,1,68195,3ch,66,brightness,1.9,,homography,0.999,-0.04,7.9
2026-02-03 13:59:52,150,228,145,105,58,0.905,0.871,PP,S1,0.940,landmark,,UNMUTE,0,,1,68589,3ch,66,brightness,2.2,,homography,0.999,-0.04,7.9
2026-02-03 13:59:52,150,228,145,105,58,0.905,0.871,PP,S1,0.940,landmark,,UNMUTE,0,,1,69346,3ch,66,brightness,2.8,,homography,0.999,-0.04,7.9
2026-02-03 13:59:52,150,228,145,105,58,0.905,0.871,PP,S1,0.940,landmark,,UNMUTE,0,,1,70039,3ch,66,brightness,2.1,,homography,0.999,-0.04,7.9
2026-02-03 13:59:52,150,228,145,105,58,0.905,0.871,PP,S1,0.940,landmark,,UNMUTE,0,,1,70600,3ch,66,brightness,1.3,,homography,0.999,-0.04,7.9
2026-02-03 13:59:52,150,228,145,105,58,0.905,0.871,PP,S1,0.940,landmark,,UNMUTE,0,,1,69677,3ch,66,brightness,1.6,,homography,0.999,-0.04,7.9
2026-02-03 13:59:52,150,228,145,105,58,0.905,0.871,PP,S1,0.940,landmark,,UNMUTE,0,,1,71071,3ch,66,brightness,1.4,,homography,0.999,-0.04,7.9
2026-02-03 13:59:52,150,228,145,105,58,0.905,0.871,PP,S1,0.940,landmark,,UNMUTE,0,,1,70509,3ch,66,brightness,1.4,,homography,0.999,-0.04,7.9
2026-02-03 13:59:52,150,228,145,105,58,0.905,0.871,PP,S1,0.940,landmark,,UNMUTE,0,,1,70949,3ch,66,brightness,1.3,,homography,0.999,-0.04,7.9
2026-02-03 13:59:52,150,228,145,105,58,0.905,0.871,PP,S1,0.940,landmark,,UNMUTE,0,,1,70281,3ch,66,brightness,1.5,,homography,0.999,-0.04,7.9
2026-02-03 13:59:52,150,228,145,105,58,0.905,0.871,PP,S1,0.940,landmark,,UNMUTE,0,,1,41566,3ch,66,brightness,1.6,,homography,0.999,-0.04,7.9
2026-02-03 13:59:52,150,228,145,105,58,0.905,0.871,PP,S1,0.940,landmark,,UNMUTE,0,,1,48969,3ch,63,brightness,1.2,,homography,0.999,-0.04,7.9
2026-02-03 13:59:52,150,228,145,105,58,0.905,0.871,PP,S1,0.940,landmark,,UNMUTE,0,,1,52975,3ch,63,brightness,1.3,,homography,0.999,-0.04,7.9
2026-02-03 13:59:52,150,228,145,105,58,0.905,0.871,PP,S1,0.940,landmark,,UNMUTE,0,,1,56266,3ch,63,brightness,1.2,,homography,0.999,-0.04,7.9
2026-02-03 13:59:53,150,228,145,105,58,0.905,0.871,PP,S1,0.940,landmark,,UNMUTE,0,,1,57819,3ch,63,brightness,1.3,,homography,0.999,-0.04,7.9
2026-02-03 13:59:53,150,228,145,105,58,0.905,0.871,PP,S1,0.940,landmark,,UNMUTE,0,,1,59371,3ch,64,brightness,1.2,,homography,0.999,-0.04,7.9
2026-02-03 13:59:53,150,228,145,105,58,0.905,0.871,PP,S1,0.940,landmark,,UNMUTE,0,,1,60598,3ch,68,brightness,1.3,,homography,0.999,-0.04,7.9
2026-02-03 13:59:53,150,228,145,105,58,0.905,0.871,PP,S1,0.940,landmark,,UNMUTE,0,,1,62914,3ch,68,brightness,1.5,,homography,0.999,-0.04,7.9
2026-02-03 13:59:53,150,228,145,105,58,0.905,0.871,PP,S1,0.940,landmark,,UNMUTE,0,,1,64077,3ch,68,brightness,1.7,,homography,0.999,-0.04,7.9
2026-02-03 13:59:53,150,228,145,105,58,0.905,0.871,PP,S1,0.940,landmark,,UNMUTE,0,,1,65046,3ch,68,brightness,1.8,,homography,0.999,-0.04,7.9
2026-02-03 13:59:53,150,228,145,105,58,0.905,0.871,PP,S1,0.940,landmark,,UNMUTE,0,,1,64785,3ch,68,brightness,2.3,,homography,0.999,-0.04,7.9
2026-02-03 13:59:53,150,228,145,105,58,0.905,0.871,PP,S1,0.940,landmark,,UNMUTE,0,,1,65532,3ch,68,brightness,2.4,,homography,0.999,-0.04,7.9
2026-02-03 13:59:53,150,228,145,105,58,0.905,0.871,PP,S1,0.940,landmark,,UNMUTE,0,,1,66253,3ch,68,brightness,1.4,,homography,0.999,-0.04,7.9
2026-02-03 13:59:53,150,228,145,105,58,0.905,0.871,PP,S1,0.940,landmark,,UNMUTE,0,,1,66927,3ch,68,brightness,1.4,,homography,0.999,-0.04,7.9
2026-02-03 13:59:53,150,228,145,105,58,0.905,0.871,PP,S1,0.940,landmark,,UNMUTE,0,,1,67949,3ch,68,brightness,1.9,,homography,0.999,-0.04,7.9
2026-02-03 13:59:53,150,228,145,105,58,0.905,0.871,PP,S1,0.940,landmark,,UNMUTE,0,,1,68036,3ch,68,brightness,1.5,,homography,0.999,-0.04,7.9
2026-02-03 13:59:53,150,228,145,105,58,0.905,0.871,PP,S1,0.940,landmark,,UNMUTE,0,,1,68500,3ch,68,brightness,1.7,,homography,0.999,-0.04,7.9
2026-02-03 13:59:53,150,228,145,105,58,0.905,0.871,PP,S1,0.940,landmark,,UNMUTE,0,,1,69561,3ch,67,brightness,1.9,,homography,0.999,-0.04,7.9
2026-02-03 13:59:54,150,228,145,105,58,0.905,0.871,PP,S1,0.940,landmark,,UNMUTE,0,,1,69718,3ch,67,brightness,2.1,,homography,0.999,-0.04,7.9
2026-02-03 13:59:54,150,228,145,105,58,0.905,0.871,PP,S1,0.940,landmark,,UNMUTE,0,,1,69645,3ch,67,brightness,2.3,,homography,0.999,-0.04,7.9
2026-02-03 13:59:54,150,228,145,105,58,0.905,0.871,PP,S1,0.940,landmark,,UNMUTE,0,,1,69711,3ch,67,brightness,3.0,,homography,0.999,-0.04,7.9
2026-02-03 13:59:54,150,228,145,105,58,0.905,0.871,PP,S1,0.940,landmark,,UNMUTE,0,,1,70640,3ch,67,brightness,1.6,,homography,0.999,-0.04,7.9
2026-02-03 13:59:54,150,228,145,105,58,0.905,0.871,PP,S1,0.940,landmark,,UNMUTE,0,,1,70606,3ch,67,brightness,1.2,,homography,0.999,-0.04,7.9
2026-02-03 13:59:54,150,228,145,105,58,0.905,0.871,PP,S1,0.940,landmark,,UNMUTE,0,,1,70717,3ch,67,brightness,1.6,,homography,0.999,-0.04,7.9
2026-02-03 13:59:54,150,228,145,105,58,0.905,0.871,PP,S1,0.940,landmark,,UNMUTE,0,,1,70672,3ch,67,brightness,1.5,,homography,0.999,-0.04,7.9
2026-02-03 13:59:54,150,228,145,105,58,0.905,0.871,PP,S1,0.940,landmark,,UNMUTE,0,,1,71114,3ch,67,brightness,1.5,,homography,0.999,-0.04,7.9
2026-02-03 13:59:54,150,228,145,105,58,0.905,0.871,PP,S1,0.940,landmark,,UNMUTE,0,,1,71261,3ch,67,brightness,2.0,,homography,0.999,-0.04,7.9
2026-02-03 13:59:54,150,228,145,105,58,0.905,0.871,PP,S1,0.940,landmark,,UNMUTE,0,,1,70940,3ch,67,brightness,1.9,,homography,0.999,-0.04,7.9
2026-02-03 13:59:54,150,228,145,105,58,0.905,0.871,PP,S1,0.940,landmark,,UNMUTE,0,,1,71243,3ch,67,brightness,2.8,,homography,0.999,-0.04,7.9
2026-02-03 13:59:54,150,228,145,105,58,0.905,0.871,PP,S1,0.940,landmark,,UNMUTE,0,,1,71345,3ch,67,brightness,2.7,,homography,0.999,-0.04,7.9
2026-02-03 13:59:54,150,228,145,105,58,0.905,0.871,PP,S1,0.940,landmark,,UNMUTE,0,,1,46299,3ch,61,brightness,1.5,,homography,0.999,-0.04,7.9
2026-02-03 13:59:54,150,228,145,105,58,0.905,0.871,PP,S1,0.940,landmark,,UNMUTE,0,,1,51091,3ch,62,brightness,1.2,,homography,0.999,-0.04,7.9
2026-02-03 13:59:54,150,228,145,105,58,0.905,0.871,PP,S1,0.940,landmark,,UNMUTE,0,,1,53198,3ch,62,brightness,1.5,,homography,0.999,-0.04,7.9
2026-02-03 13:59:55,150,228,145,105,58,0.905,0.871,PP,S1,0.940,landmark,,UNMUTE,0,,1,57079,3ch,63,brightness,1.5,,homography,0.999,-0.04,7.9
2026-02-03 13:59:55,150,228,145,105,58,0.905,0.871,PP,S1,0.940,landmark,,UNMUTE,0,,1,58234,3ch,63,brightness,1.3,,homography,0.999,-0.04,7.9
2026-02-03 13:59:55,150,228,145,105,58,0.905,0.871,PP,S1,0.940,landmark,,UNMUTE,0,,1,60117,3ch,64,brightness,1.9,,homography,0.999,-0.04,7.9
2026-02-03 13:59:55,150,228,145,105,58,0.905,0.871,PP,S1,0.940,landmark,,UNMUTE,0,,1,61339,3ch,64,brightness,2.3,,homography,0.999,-0.04,7.9
2026-02-03 13:59:55,150,228,145,105,58,0.905,0.871,PP,S1,0.940,landmark,,UNMUTE,0,,1,61966,3ch,65,brightness,2.4,,homography,0.999,-0.04,7.9
2026-02-03 13:59:55,150,228,145,105,58,0.905,0.871,PP,S1,0.940,landmark,,UNMUTE,0,,1,63074,3ch,65,brightness,2.0,,homography,0.999,-0.04,7.9
2026-02-03 13:59:55,150,228,145,105,58,0.905,0.871,PP,S1,0.940,landmark,,UNMUTE,0,,1,62826,3ch,65,brightness,1.1,,homography,0.999,-0.04,7.9
2026-02-03 13:59:55,150,228,145,105,58,0.905,0.871,PP,S1,0.940,landmark,,UNMUTE,0,,1,63768,3ch,65,brightness,1.1,,homography,0.999,-0.04,7.9
2026-02-03 13:59:55,150,228,145,105,58,0.905,0.871,PP,S1,0.940,landmark,,UNMUTE,0,,1,64517,3ch,65,brightness,1.4,,homography,0.999,-0.04,7.9
2026-02-03 13:59:55,150,228,145,105,58,0.905,0.871,PP,S1,0.940,landmark,,UNMUTE,0,,1,65074,3ch,65,brightness,1.3,,homography,0.999,-0.04,7.9
2026-02-03 13:59:55,150,228,145,105,58,0.905,0.871,PP,S1,0.940,landmark,,UNMUTE,0,,1,65669,3ch,65,brightness,1.3,,homography,0.999,-0.04,7.9
2026-02-03 13:59:55,150,228,145,105,58,0.905,0.871,PP,S1,0.940,landmark,,UNMUTE,0,,1,66079,3ch,65,brightness,1.5,,homography,0.999,-0.04,7.9
2026-02-03 13:59:55,150,228,145,105,58,0.905,0.871,PP,S1,0.940,landmark,,UNMUTE,0,,1,65949,3ch,65,brightness,1.9,,homography,0.999,-0.04,7.9
2026-02-03 13:59:55,150,228,145,105,58,0.905,0.871,PP,S1,0.940,landmark,,UNMUTE,0,,1,66720,3ch,65,brightness,2.4,,homography,0.999,-0.04,7.9
2026-02-03 13:59:55,150,228,145,105,58,0.905,0.871,PP,S1,0.940,landmark,,UNMUTE,0,,1,66951,3ch,65,brightness,2.1,,homography,0.999,-0.04,7.9
2026-02-03 13:59:56,150,228,145,105,58,0.905,0.871,PP,S1,0.940,landmark,,UNMUTE,0,,1,66327,3ch,68,brightness,2.3,,homography,0.999,-0.04,7.9
2026-02-03 13:59:56,150,228,145,105,58,0.905,0.871,PP,S1,0.940,landmark,,UNMUTE,0,,1,66614,3ch,68,brightness,1.3,,homography,0.999,-0.04,7.9
2026-02-03 13:59:56,150,228,145,105,58,0.905,0.871,PP,S1,0.940,landmark,,UNMUTE,0,,1,67093,3ch,68,brightness,1.4,,homography,0.999,-0.04,7.9
2026-02-03 13:59:56,150,228,145,105,58,0.905,0.871,PP,S1,0.940,landmark,,UNMUTE,0,,1,67883,3ch,68,brightness,1.4,,homography,0.999,-0.04,7.9
2026-02-03 13:59:56,150,228,145,105,58,0.905,0.871,PP,S1,0.940,landmark,,UNMUTE,0,,1,68040,3ch,68,brightness,1.6,,homography,0.999,-0.04,7.9
2026-02-03 13:59:56,150,228,145,105,58,0.905,0.871,PP,S1,0.940,landmark,,UNMUTE,0,,1,68282,3ch,68,brightness,1.2,,homography,0.999,-0.04,7.9
2026-02-03 13:59:56,150,228,145,105,58,0.905,0.871,PP,S1,0.940,landmark,,UNMUTE,0,,1,67872,3ch,68,brightness,1.6,,homography,0.999,-0.04,7.9
2026-02-03 13:59:56,150,228,145,105,58,0.905,0.871,PP,S1,0.940,landmark,,UNMUTE,0,,1,67926,3ch,68,brightness,1.9,,homography,0.999,-0.04,7.9
2026-02-03 13:59:56,150,228,145,105,58,0.905,0.871,PP,S1,0.940,landmark,,UNMUTE,0,,1,67841,3ch,68,brightness,2.1,,homography,0.999,-0.04,7.9
2026-02-03 13:59:56,150,228,145,105,58,0.905,0.871,PP,S1,0.940,landmark,,UNMUTE,0,,1,68172,3ch,68,brightness,1.2,,homography,0.999,-0.04,7.9
2026-02-03 13:59:56,150,228,145,105,58,0.905,0.871,PP,S1,0.940,landmark,,UNMUTE,0,,1,68565,3ch,68,brightness,1.2,,homography,0.999,-0.04,7.9
2026-02-03 13:59:56,150,228,145,105,58,0.905,0.871,PP,S1,0.940,landmark,,UNMUTE,0,,1,69196,3ch,68,brightness,1.3,,homography,0.999,-0.04,7.9
2026-02-03 13:59:56,150,228,145,105,58,0.905,0.871,PP,S1,0.940,landmark,,UNMUTE,0,,1,38416,3ch,63,brightness,1.5,,homography,0.999,-0.04,7.9
2026-02-03 13:59:56,150,228,145,105,58,0.905,0.871,PP,S1,0.940,landmark,,UNMUTE,0,,1,50702,3ch,63,brightness,1.5,,homography,0.999,-0.04,7.9
2026-02-03 13:59:56,150,228,145,105,58,0.905,0.871,PP,S1,0.940,landmark,,UNMUTE,0,,1,51496,3ch,63,brightness,1.5,,homography,0.999,-0.04,7.9
2026-02-03 13:59:57,150,228,145,105,58,0.905,0.871,PP,S1,0.940,landmark,,UNMUTE,0,,1,53682,3ch,64,brightness,2.2,,homography,0.999,-0.04,7.9
2026-02-03 13:59:57,150,228,145,105,58,0.905,0.871,PP,S1,0.940,landmark,,UNMUTE,0,,1,56405,3ch,64,brightness,2.5,,homography,0.999,-0.04,7.9
2026-02-03 13:59:57,150,228,145,105,58,0.905,0.871,PP,S1,0.940,landmark,,UNMUTE,0,,1,57636,3ch,64,brightness,1.9,,homography,0.999,-0.04,7.9
2026-02-03 13:59:57,150,228,145,105,58,0.905,0.871,PP,S1,0.940,landmark,,UNMUTE,0,,1,58320,3ch,64,brightness,1.9,,homography,0.999,-0.04,7.9
2026-02-03 13:59:57,150,228,145,105,58,0.905,0.871,PP,S1,0.940,landmark,,UNMUTE,0,,1,58844,3ch,65,brightness,1.5,,homography,0.999,-0.04,7.9
2026-02-03 13:59:57,150,228,145,105,58,0.905,0.871,PP,S1,0.940,landmark,,UNMUTE,0,,1,60272,3ch,66,brightness,1.2,,homography,0.999,-0.04,7.9
2026-02-03 13:59:57,150,228,145,105,58,0.905,0.871,PP,S1,0.940,landmark,,UNMUTE,0,,1,60800,3ch,66,brightness,1.3,,homography,0.999,-0.04,7.9
2026-02-03 13:59:57,150,228,145,105,58,0.905,0.871,PP,S1,0.940,landmark,,UNMUTE,0,,1,62045,3ch,66,brightness,1.7,,homography,0.999,-0.04,7.9
2026-02-03 13:59:57,150,228,145,105,58,0.905,0.871,PP,S1,0.940,landmark,,UNMUTE,0,,1,61904,3ch,66,brightness,1.7,,homography,0.999,-0.04,7.9
2026-02-03 13:59:57,150,228,145,105,58,0.905,0.871,PP,S1,0.940,landmark,,UNMUTE,0,,1,62777,3ch,66,brightness,2.1,,homography,0.999,-0.04,7.9
2026-02-03 13:59:57,150,228,145,105,58,0.905,0.871,PP,S1,0.940,landmark,,UNMUTE,0,,1,63992,3ch,66,brightness,2.1,,homography,0.999,-0.04,7.9
2026-02-03 13:59:57,150,228,145,105,58,0.905,0.871,PP,S1,0.940,landmark,,UNMUTE,0,,1,64176,3ch,66,brightness,2.9,,homography,0.999,-0.04,7.9
2026-02-03 13:59:57,150,228,145,105,58,0.905,0.871,PP,S1,0.940,landmark,,UNMUTE,0,,1,63855,3ch,66,brightness,2.9,,homography,0.999,-0.04,7.9
2026-02-03 13:59:57,150,228,145,105,58,0.905,0.871,PP,S1,0.940,landmark,,UNMUTE,0,,1,64152,3ch,66,brightness,1.5,,homography,0.999,-0.04,7.9
2026-02-03 13:59:57,150,228,145,105,58,0.905,0.871,PP,S1,0.940,landmark,,UNMUTE,0,,1,64344,3ch,66,brightness,1.2,,homography,0.999,-0.04,7.9
2026-02-03 13:59:58,150,228,145,105,58,0.905,0.871,PP,S1,0.940,landmark,,UNMUTE,0,,1,65211,3ch,66,brightness,1.6,,homography,0.999,-0.04,7.9
2026-02-03 13:59:58,150,228,145,105,58,0.905,0.871,PP,S1,0.940,landmark,,UNMUTE,0,,1,65675,3ch,66,brightness,1.6,,homography,0.999,-0.04,7.9
2026-02-03 13:59:58,150,228,145,105,58,0.905,0.871,PP,S1,0.940,landmark,,UNMUTE,0,,1,65686,3ch,66,brightness,1.7,,homography,0.999,-0.04,7.9
2026-02-03 13:59:58,150,228,145,105,58,0.905,0.871,PP,S1,0.940,landmark,,UNMUTE,0,,1,66591,3ch,66,brightness,1.8,,homography,0.999,-0.04,7.9
2026-02-03 13:59:58,150,228,145,105,58,0.905,0.871,PP,S1,0.940,landmark,,UNMUTE,0,,1,66552,3ch,67,brightness,2.2,,homography,0.999,-0.04,7.9
2026-02-03 13:59:58,150,228,145,105,58,0.905,0.871,PP,S1,0.940,landmark,,UNMUTE,0,,1,66133,3ch,67,brightness,2.4,,homography,0.999,-0.04,7.9
2026-02-03 13:59:58,150,228,145,105,58,0.905,0.871,PP,S1,0.940,landmark,,UNMUTE,0,,1,66867,3ch,67,brightness,2.9,,homography,0.999,-0.04,7.9
2026-02-03 13:59:58,150,228,145,105,58,0.905,0.871,PP,S1,0.940,landmark,,UNMUTE,0,,1,67251,3ch,67,brightness,1.6,,homography,0.999,-0.04,7.9
2026-02-03 13:59:58,150,228,145,105,58,0.905,0.871,PP,S1,0.940,landmark,,UNMUTE,0,,1,66496,3ch,67,brightness,1.3,,homography,0.999,-0.04,7.9
2026-02-03 13:59:58,150,228,145,105,58,0.905,0.871,PP,S1,0.940,landmark,,UNMUTE,0,,1,66983,3ch,67,brightness,1.5,,homography,0.999,-0.04,7.9
2026-02-03 13:59:58,150,228,145,105,58,0.905,0.871,PP,S1,0.940,landmark,,UNMUTE,0,,1,67698,3ch,67,brightness,1.5,,homography,0.999,-0.04,7.9
2026-02-03 13:59:58,150,228,145,105,58,0.905,0.871,PP,S1,0.940,landmark,,UNMUTE,0,,1,68764,3ch,67,brightness,1.4,,homography,0.999,-0.04,7.9
2026-02-03 13:59:58,150,228,145,105,58,0.905,0.871,PP,S1,0.940,landmark,,UNMUTE,0,,1,38893,3ch,62,brightness,1.6,,homography,0.999,-0.04,7.9
2026-02-03 13:59:58,150,228,145,105,58,0.905,0.871,PP,S1,0.940,landmark,,UNMUTE,0,,1,48828,3ch,62,brightness,2.0,,homography,0.999,-0.04,7.9
2026-02-03 13:59:58,150,228,145,105,58,0.905,0.871,PP,S1,0.940,landmark,,UNMUTE,0,,1,50656,3ch,62,brightness,2.1,,homography,0.999,-0.04,7.9
2026-02-03 13:59:59,150,228,145,105,58,0.905,0.871,PP,S1,0.940,landmark,,UNMUTE,0,,1,52995,3ch,62,brightness,2.7,,homography,0.999,-0.04,7.9
2026-02-03 13:59:59,150,228,145,105,58,0.905,0.871,PP,S1,0.940,landmark,,UNMUTE,0,,1,56595,3ch,62,brightness,1.6,,homography,0.999,-0.04,7.9
2026-02-03 13:59:59,150,228,145,105,58,0.905,0.871,PP,S1,0.940,landmark,,UNMUTE,0,,1,57708,3ch,63,brightness,1.2,,homography,0.999,-0.04,7.9
2026-02-03 13:59:59,150,228,145,105,58,0.905,0.871,PP,S1,0.940,landmark,,UNMUTE,0,,1,59143,3ch,65,brightness,1.6,,homography,0.999,-0.04,7.9
2026-02-03 13:59:59,150,228,145,105,58,0.905,0.871,PP,S1,0.940,landmark,,UNMUTE,0,,1,60834,3ch,65,brightness,1.5,,homography,0.999,-0.04,7.9
2026-02-03 13:59:59,150,228,145,105,58,0.905,0.871,PP,S1,0.940,landmark,,UNMUTE,0,,1,62142,3ch,66,brightness,1.7,,homography,0.999,-0.04,7.9
2026-02-03 13:59:59,150,228,145,105,58,0.905,0.871,PP,S1,0.940,landmark,,UNMUTE,0,,1,63582,3ch,66,brightness,1.9,,homography,0.999,-0.04,7.9
2026-02-03 13:59:59,150,228,145,105,58,0.905,0.871,PP,S1,0.940,landmark,,UNMUTE,0,,1,65052,3ch,68,brightness,2.1,,homography,0.999,-0.04,7.9
2026-02-03 13:59:59,150,228,145,105,58,0.905,0.871,PP,S1,0.940,landmark,,UNMUTE,0,,1,65116,3ch,68,brightness,2.4,,homography,0.999,-0.04,7.9
2026-02-03 13:59:59,150,228,145,105,58,0.905,0.871,PP,S1,0.940,landmark,,UNMUTE,0,,1,66406,3ch,68,brightness,2.9,,homography,0.999,-0.04,7.9
2026-02-03 13:59:59,150,228,145,105,58,0.905,0.871,PP,S1,0.940,landmark,,UNMUTE,0,,1,67101,3ch,68,brightness,1.7,,homography,0.999,-0.04,7.9
2026-02-03 13:59:59,150,228,145,105,58,0.905,0.871,PP,S1,0.940,landmark,,UNMUTE,0,,1,66884,3ch,68,brightness,1.3,,homography,0.999,-0.04,7.9
2026-02-03 13:59:59,150,228,145,105,58,0.905,0.871,PP,S1,0.940,landmark,,UNMUTE,0,,1,66151,3ch,68,brightness,1.5,,homography,0.999,-0.04,7.9
2026-02-03 13:59:59,150,228,145,105,58,0.905,0.871,PP,S1,0.940,landmark,,UNMUTE,0,,1,67106,3ch,68,brightness,1.4,,homography,0.999,-0.04,7.9
2026-02-03 13:59:59,150,228,145,105,58,0.905,0.871,PP,S1,0.940,landmark,,UNMUTE,0,,1,66896,3ch,68,brightness,1.3,,homography,0.999,-0.04,7.9
2026-02-03 14:00:00,150,228,145,105,58,0.905,0.871,PP,S1,0.940,landmark,,UNMUTE,0,,1,67248,3ch,68,brightness,1.6,,homography,0.999,-0.04,7.9
2026-02-03 14:00:00,150,228,145,105,58,0.905,0.871,PP,S1,0.940,landmark,,UNMUTE,0,,1,67447,3ch,68,brightness,2.0,,homography,0.999,-0.04,7.9
2026-02-03 14:00:00,150,228,145,105,58,0.905,0.871,PP,S1,0.940,landmark,,UNMUTE,0,,1,68561,3ch,68,brightness,2.2,,homography,0.999,-0.04,7.9
2026-02-03 14:00:00,150,228,145,105,58,0.905,0.871,PP,S1,0.940,landmark,,UNMUTE,0,,1,68429,3ch,68,brightness,2.4,,homography,0.999,-0.04,7.9
2026-02-03 14:00:00,150,228,145,105,58,0.905,0.871,PP,S1,0.940,landmark,,UNMUTE,0,,1,67972,3ch,68,brightness,1.3,,homography,0.999,-0.04,7.9
2026-02-03 14:00:00,150,228,145,105,58,0.905,0.871,PP,S1,0.940,landmark,,UNMUTE,0,,1,67921,3ch,66,brightness,1.2,,homography,0.999,-0.04,7.9
2026-02-03 14:00:00,150,228,145,105,58,0.905,0.871,PP,S1,0.940,landmark,,UNMUTE,0,,1,68359,3ch,66,brightness,1.6,,homography,0.999,-0.04,7.9
2026-02-03 14:00:00,150,228,145,105,58,0.905,0.871,PP,S1,0.940,landmark,,UNMUTE,0,,1,68988,3ch,66,brightness,1.3,,homography,0.999,-0.04,7.9
2026-02-03 14:00:00,150,228,145,105,58,0.905,0.871,PP,S1,0.940,landmark,,UNMUTE,0,,1,69569,3ch,66,brightness,1.2,,homography,0.999,-0.04,7.9
2026-02-03 14:00:00,150,228,145,105,58,0.905,0.871,PP,S1,0.940,landmark,,UNMUTE,0,,1,69435,3ch,66,brightness,1.4,,homography,0.999,-0.04,7.9
2026-02-03 14:00:00,150,228,145,105,58,0.905,0.871,PP,S1,0.940,landmark,,UNMUTE,0,,1,69472,3ch,66,brightness,2.0,,homography,0.999,-0.04,7.9
2026-02-03 14:00:00,150,228,145,105,58,0.905,0.871,PP,S1,0.940,landmark,,UNMUTE,0,,1,69581,3ch,67,brightness,2.2,,homography,0.999,-0.04,7.9
2026-02-03 14:00:00,150,228,145,105,58,0.905,0.871,PP,S1,0.940,landmark,,UNMUTE,0,,1,40065,3ch,62,brightness,2.3,,homography,0.999,-0.04,7.9
2026-02-03 14:00:00,150,228,145,105,58,0.905,0.871,PP,S1,0.940,landmark,,UNMUTE,0,,1,50427,3ch,62,brightness,2.8,,homography,0.999,-0.04,7.9
2026-02-03 14:00:00,150,228,145,105,58,0.905,0.871,PP,S1,0.940,landmark,,UNMUTE,0,,1,52946,3ch,62,brightness,1.2,,homography,0.999,-0.04,7.9
2026-02-03 14:00:01,150,228,145,105,58,0.905,0.871,PP,S1,0.940,landmark,,UNMUTE,0,,1,57058,3ch,63,brightness,1.3,,homography,0.999,-0.04,7.9
2026-02-03 14:00:01,150,228,145,105,58,0.905,0.871,PP,S1,0.940,landmark,,UNMUTE,0,,1,58616,3ch,63,brightness,1.5,,homography,0.999,-0.04,7.9
2026-02-03 14:00:01,150,228,145,105,58,0.905,0.871,PP,S1,0.940,landmark,,UNMUTE,0,,1,61711,3ch,63,brightness,1.3,,homography,0.999,-0.04,7.9
2026-02-03 14:00:01,150,228,145,105,58,0.905,0.871,PP,S1,0.940,landmark,,UNMUTE,0,,1,62101,3ch,63,brightness,1.2,,homography,0.999,-0.04,7.9
2026-02-03 14:00:01,150,228,145,105,58,0.905,0.871,PP,S1,0.940,landmark,,UNMUTE,0,,1,62042,3ch,63,brightness,1.3,,homography,0.999,-0.04,7.9
2026-02-03 14:00:01,150,228,145,105,58,0.905,0.871,PP,S1,0.940,landmark,,UNMUTE,0,,1,63763,3ch,65,brightness,1.3,,homography,0.999,-0.04,7.9
2026-02-03 14:00:01,150,228,145,105,58,0.905,0.871,PP,S1,0.940,landmark,,UNMUTE,0,,1,64726,3ch,65,brightness,1.6,,homography,0.999,-0.04,7.9
2026-02-03 14:00:01,150,228,145,105,58,0.905,0.871,PP,S1,0.940,landmark,,UNMUTE,0,,1,65989,3ch,66,brightness,1.8,,homography,0.999,-0.04,7.9
2026-02-03 14:00:01,150,228,145,105,58,0.905,0.871,PP,S1,0.940,landmark,,UNMUTE,0,,1,66749,3ch,66,brightness,1.5,,homography,0.999,-0.04,7.9
2026-02-03 14:00:01,150,228,145,105,58,0.905,0.871,PP,S1,0.940,landmark,,UNMUTE,0,,1,67337,3ch,66,brightness,1.3,,homography,0.999,-0.04,7.9
2026-02-03 14:00:01,150,228,145,105,58,0.905,0.871,PP,S1,0.940,landmark,,UNMUTE,0,,1,67355,3ch,66,brightness,1.8,,homography,0.999,-0.04,7.9
2026-02-03 14:00:01,150,228,145,105,58,0.905,0.871,PP,S1,0.940,landmark,,UNMUTE,0,,1,67803,3ch,66,brightness,1.4,,homography,0.999,-0.04,7.9
2026-02-03 14:00:01,150,228,145,105,58,0.905,0.871,PP,S1,0.940,landmark,,UNMUTE,0,,1,67922,3ch,66,brightness,1.4,,homography,0.999,-0.04,7.9
2026-02-03 14:00:01,150,228,145,105,58,0.905,0.871,PP,S1,0.940,landmark,,UNMUTE,0,,1,68951,3ch,66,brightness,1.3,,homography,0.999,-0.04,7.9
2026-02-03 14:00:01,150,228,145,105,58,0.905,0.871,PP,S1,0.940,landmark,,UNMUTE,0,,1,69152,3ch,66,brightness,1.5,,homography,0.999,-0.04,7.9
2026-02-03 14:00:02,150,228,145,105,58,0.905,0.871,PP,S1,0.940,landmark,,UNMUTE,0,,1,70003,3ch,66,brightness,1.3,,homography,0.999,-0.04,7.9
2026-02-03 14:00:02,150,228,145,105,58,0.905,0.871,PP,S1,0.940,landmark,,UNMUTE,0,,1,69879,3ch,66,brightness,1.2,,homography,0.999,-0.04,7.9
2026-02-03 14:00:02,150,228,145,105,58,0.905,0.871,PP,S1,0.940,landmark,,UNMUTE,0,,1,69947,3ch,66,brightness,1.4,,homography,0.999,-0.04,7.9
2026-02-03 14:00:02,150,228,145,105,58,0.905,0.871,PP,S1,0.940,landmark,,UNMUTE,0,,1,69758,3ch,66,brightness,1.2,,homography,0.999,-0.04,7.9
2026-02-03 14:00:02,150,228,145,105,58,0.905,0.871,PP,S1,0.940,landmark,,UNMUTE,0,,1,69977,3ch,66,brightness,1.7,,homography,0.999,-0.04,7.9
2026-02-03 14:00:02,150,228,145,105,58,0.905,0.871,PP,S1,0.940,landmark,,UNMUTE,0,,1,70003,3ch,66,brightness,1.5,,homography,0.999,-0.04,7.9
2026-02-03 14:00:02,150,228,145,105,58,0.905,0.871,PP,S1,0.940,landmark,,UNMUTE,0,,1,69517,3ch,66,brightness,1.7,,homography,0.999,-0.04,7.9
2026-02-03 14:00:02,150,228,145,105,58,0.905,0.871,PP,S1,0.940,landmark,,UNMUTE,0,,1,69326,3ch,66,brightness,2.1,,homography,0.999,-0.04,7.9
2026-02-03 14:00:02,150,228,145,105,58,0.905,0.871,PP,S1,0.940,landmark,,UNMUTE,0,,1,69344,3ch,66,brightness,2.8,,homography,0.999,-0.04,7.9
2026-02-03 14:00:02,150,228,145,105,58,0.905,0.871,PP,S1,0.940,landmark,,UNMUTE,0,,1,69854,3ch,67,brightness,2.8,,homography,0.999,-0.04,7.9
2026-02-03 14:00:02,150,228,145,105,58,0.905,0.871,PP,S1,0.940,landmark,,UNMUTE,0,,1,70389,3ch,67,brightness,2.5,,homography,0.999,-0.04,7.9
2026-02-03 14:00:02,150,228,145,105,58,0.905,0.871,PP,S1,0.940,landmark,,UNMUTE,0,,1,71047,3ch,66,brightness,1.6,,homography,0.999,-0.04,7.9
2026-02-03 14:00:02,150,228,145,105,58,0.905,0.871,PP,S1,0.940,landmark,,UNMUTE,0,,1,42702,3ch,61,brightness,1.2,,homography,0.999,-0.04,7.9
2026-02-03 14:00:02,150,228,145,105,58,0.905,0.871,PP,S1,0.940,landmark,,UNMUTE,0,,1,50763,3ch,61,brightness,1.5,,homography,0.999,-0.04,7.9
2026-02-03 14:00:02,150,228,145,105,58,0.905,0.871,PP,S1,0.940,landmark,,UNMUTE,0,,1,52997,3ch,61,brightness,1.5,,homography,0.999,-0.04,7.9
2026-02-03 14:00:03,150,228,145,105,58,0.905,0.871,PP,S1,0.940,landmark,,UNMUTE,0,,1,53912,3ch,61,brightness,1.4,,homography,0.999,-0.04,7.9
2026-02-03 14:00:03,150,228,145,105,58,0.905,0.871,PP,S1,0.940,landmark,,UNMUTE,0,,1,56948,3ch,63,brightness,1.8,,homography,0.999,-0.04,7.9
2026-02-03 14:00:03,150,228,145,105,58,0.905,0.871,PP,S1,0.940,landmark,,UNMUTE,0,,1,58993,3ch,64,brightness,2.4,,homography,0.999,-0.04,7.9
2026-02-03 14:00:03,150,228,145,105,58,0.905,0.871,PP,S1,0.940,landmark,,UNMUTE,0,,1,61366,3ch,64,brightness,2.5,,homography,0.999,-0.04,7.9
2026-02-03 14:00:03,150,228,145,105,58,0.905,0.871,PP,S1,0.940,landmark,,UNMUTE,0,,1,62812,3ch,64,brightness,2.8,,homography,0.999,-0.04,7.9
2026-02-03 14:00:03,150,228,145,105,58,0.905,0.871,PP,S1,0.940,landmark,,UNMUTE,0,,1,64166,3ch,63,brightness,2.4,,homography,0.999,-0.04,7.9
2026-02-03 14:00:03,150,228,145,105,58,0.905,0.871,PP,S1,0.940,landmark,,UNMUTE,0,,1,64273,3ch,63,brightness,1.3,,homography,0.999,-0.04,7.9
2026-02-03 14:00:03,150,228,145,105,58,0.905,0.871,PP,S1,0.940,landmark,,UNMUTE,0,,1,64433,3ch,63,brightness,1.6,,homography,0.999,-0.04,7.9
2026-02-03 14:00:03,150,228,145,105,58,0.905,0.871,PP,S1,0.940,landmark,,UNMUTE,0,,1,65383,3ch,63,brightness,1.4,,homography,0.999,-0.04,7.9
2026-02-03 14:00:03,150,228,145,105,58,0.905,0.871,PP,S1,0.940,landmark,,UNMUTE,0,,1,65508,3ch,63,brightness,1.4,,homography,0.999,-0.04,7.9
2026-02-03 14:00:03,150,228,145,105,58,0.905,0.871,PP,S1,0.940,landmark,,UNMUTE,0,,1,66475,3ch,63,brightness,1.9,,homography,0.999,-0.04,7.9
2026-02-03 14:00:03,150,228,145,105,58,0.905,0.871,PP,S1,0.940,landmark,,UNMUTE,0,,1,67040,3ch,63,brightness,1.9,,homography,0.999,-0.04,7.9
2026-02-03 14:00:03,150,228,145,105,58,0.905,0.871,PP,S1,0.940,landmark,,UNMUTE,0,,1,66987,3ch,63,brightness,2.6,,homography,0.999,-0.04,7.9
2026-02-03 14:00:03,150,228,145,105,58,0.905,0.871,PP,S1,0.940,landmark,,UNMUTE,0,,1,67201,3ch,63,brightness,2.4,,homography,0.999,-0.04,7.9
2026-02-03 14:00:03,150,228,145,105,58,0.905,0.871,PP,S1,0.940,landmark,,UNMUTE,0,,1,68447,3ch,63,brightness,1.4,,homography,0.999,-0.04,7.9
2026-02-03 14:00:04,150,228,145,105,58,0.905,0.871,PP,S1,0.940,landmark,,UNMUTE,0,,1,68259,3ch,64,brightness,1.2,,homography,0.999,-0.04,7.9
2026-02-03 14:00:04,150,228,145,105,58,0.905,0.871,PP,S1,0.940,landmark,,UNMUTE,0,,1,68635,3ch,64,brightness,1.5,,homography,0.999,-0.04,7.9
2026-02-03 14:00:04,150,228,145,105,58,0.905,0.871,PP,S1,0.940,landmark,,UNMUTE,0,,1,68597,3ch,64,brightness,1.3,,homography,0.999,-0.04,7.9
2026-02-03 14:00:04,150,228,145,105,58,0.905,0.871,PP,S1,0.940,landmark,,UNMUTE,0,,1,68357,3ch,65,brightness,1.4,,homography,0.999,-0.04,7.9
2026-02-03 14:00:04,150,228,145,105,58,0.905,0.871,PP,S1,0.940,landmark,,UNMUTE,0,,1,68828,3ch,65,brightness,1.8,,homography,0.999,-0.04,7.9
2026-02-03 14:00:04,150,228,145,105,58,0.905,0.871,PP,S1,0.940,landmark,,UNMUTE,0,,1,70241,3ch,65,brightness,2.4,,homography,0.999,-0.04,7.9
2026-02-03 14:00:04,150,228,145,105,58,0.905,0.871,PP,S1,0.940,landmark,,UNMUTE,0,,1,70038,3ch,67,brightness,3.5,,homography,0.999,-0.04,7.9
2026-02-03 14:00:04,150,228,145,105,58,0.905,0.871,PP,S1,0.940,landmark,,UNMUTE,0,,1,69911,3ch,65,brightness,3.3,,homography,0.999,-0.04,7.9
2026-02-03 14:00:04,150,228,145,105,58,0.905,0.871,PP,S1,0.940,landmark,,UNMUTE,0,,1,69884,3ch,65,brightness,1.7,,homography,0.999,-0.04,7.9
2026-02-03 14:00:04,150,228,145,105,58,0.905,0.871,PP,S1,0.940,landmark,,UNMUTE,0,,1,71568,3ch,65,brightness,1.3,,homography,0.999,-0.04,7.9
2026-02-03 14:00:04,150,228,145,105,58,0.905,0.871,PP,S1,0.940,landmark,,UNMUTE,0,,1,71873,3ch,67,brightness,1.4,,homography,0.999,-0.04,7.9
2026-02-03 14:00:04,150,228,145,105,58,0.905,0.871,PP,S1,0.940,landmark,,UNMUTE,0,,1,72086,3ch,67,brightness,1.4,,homography,0.999,-0.04,7.9
2026-02-03 14:00:04,150,228,145,105,58,0.905,0.871,PP,S1,0.940,landmark,,UNMUTE,0,,1,45987,3ch,62,brightness,1.2,,homography,0.999,-0.04,7.9
2026-02-03 14:00:04,150,228,145,105,58,0.905,0.871,PP,S1,0.940,landmark,,UNMUTE,0,,1,51120,3ch,62,brightness,1.6,,homography,0.999,-0.04,7.9
2026-02-03 14:00:04,150,228,145,105,58,0.905,0.871,PP,S1,0.940,landmark,,UNMUTE,0,,1,53873,3ch,62,brightness,1.9,,homography,0.999,-0.04,7.9
2026-02-03 14:00:05,150,228,145,105,58,0.905,0.871,PP,S1,0.940,landmark,,UNMUTE,0,,1,55706,3ch,66,brightness,1.9,,homography,0.999,-0.04,7.9
2026-02-03 14:00:05,150,228,145,105,58,0.905,0.871,PP,S1,0.940,landmark,,UNMUTE,0,,1,57996,3ch,67,brightness,2.2,,homography,0.999,-0.04,7.9
2026-02-03 14:00:05,150,228,145,105,58,0.905,0.871,PP,S1,0.940,landmark,,UNMUTE,0,,1,59024,3ch,67,brightness,1.3,,homography,0.999,-0.04,7.9
2026-02-03 14:00:05,150,228,145,105,58,0.905,0.871,PP,S1,0.940,landmark,,UNMUTE,0,,1,60476,3ch,67,brightness,1.4,,homography,0.999,-0.04,7.9
2026-02-03 14:00:05,150,228,145,105,58,0.905,0.871,PP,S1,0.940,landmark,,UNMUTE,0,,1,62851,3ch,67,brightness,1.3,,homography,0.999,-0.04,7.9
2026-02-03 14:00:05,150,228,145,105,58,0.905,0.871,PP,S1,0.940,landmark,,UNMUTE,0,,1,63164,3ch,67,brightness,1.3,,homography,0.999,-0.04,7.9
2026-02-03 14:00:05,150,228,145,105,58,0.905,0.871,PP,S1,0.940,landmark,,UNMUTE,0,,1,63336,3ch,67,brightness,1.5,,homography,0.999,-0.04,7.9
2026-02-03 14:00:05,150,228,145,105,58,0.905,0.871,PP,S1,0.940,landmark,,UNMUTE,0,,1,63977,3ch,67,brightness,1.7,,homography,0.999,-0.04,7.9
2026-02-03 14:00:05,150,228,145,105,58,0.905,0.871,PP,S1,0.940,landmark,,UNMUTE,0,,1,65213,3ch,67,brightness,1.3,,homography,0.999,-0.04,7.9
2026-02-03 14:00:05,150,228,145,105,58,0.905,0.871,PP,S1,0.940,landmark,,UNMUTE,0,,1,66531,3ch,67,brightness,1.4,,homography,0.999,-0.04,7.9
2026-02-03 14:00:05,150,228,145,105,58,0.905,0.871,PP,S1,0.940,landmark,,UNMUTE,0,,1,66537,3ch,67,brightness,1.7,,homography,0.999,-0.04,7.9
2026-02-03 14:00:05,150,228,145,105,58,0.905,0.871,PP,S1,0.940,landmark,,UNMUTE,0,,1,66962,3ch,67,brightness,2.0,,homography,0.999,-0.04,7.9
2026-02-03 14:00:05,150,228,145,105,58,0.905,0.871,PP,S1,0.940,landmark,,UNMUTE,0,,1,67165,3ch,67,brightness,1.5,,homography,0.999,-0.04,7.9
2026-02-03 14:00:05,150,228,145,105,58,0.905,0.871,PP,S1,0.940,landmark,,UNMUTE,0,,1,67098,3ch,67,brightness,1.3,,homography,0.999,-0.04,7.9
2026-02-03 14:00:05,150,228,145,105,58,0.905,0.871,PP,S1,0.940,landmark,,UNMUTE,0,,1,66510,3ch,67,brightness,1.2,,homography,0.999,-0.04,7.9
2026-02-03 14:00:06,150,228,145,105,58,0.905,0.871,PP,S1,0.940,landmark,,UNMUTE,0,,1,67093,3ch,67,brightness,1.4,,homography,0.999,-0.04,7.9
2026-02-03 14:00:06,150,228,145,105,58,0.905,0.871,PP,S1,0.940,landmark,,UNMUTE,0,,1,67085,3ch,67,brightness,1.6,,homography,0.999,-0.04,7.9
2026-02-03 14:00:06,150,228,145,105,58,0.905,0.871,PP,S1,0.940,landmark,,UNMUTE,0,,1,67194,3ch,67,brightness,1.4,,homography,0.999,-0.04,7.9
2026-02-03 14:00:06,150,228,145,105,58,0.905,0.871,PP,S1,0.940,landmark,,UNMUTE,0,,1,67702,3ch,67,brightness,1.6,,homography,0.999,-0.04,7.9
2026-02-03 14:00:06,150,228,145,105,58,0.905,0.871,PP,S1,0.940,landmark,,UNMUTE,0,,1,68765,3ch,67,brightness,1.9,,homography,0.999,-0.04,7.9
2026-02-03 14:00:06,150,228,145,105,58,0.905,0.871,PP,S1,0.940,landmark,,UNMUTE,0,,1,69103,3ch,67,brightness,1.4,,homography,0.999,-0.04,7.9
2026-02-03 14:00:06,150,228,145,105,58,0.905,0.871,PP,S1,0.940,landmark,,UNMUTE,0,,1,68630,3ch,67,brightness,1.4,,homography,0.999,-0.04,7.9
2026-02-03 14:00:06,150,228,145,105,58,0.905,0.871,PP,S1,0.940,landmark,,UNMUTE,0,,1,69642,3ch,67,brightness,1.4,,homography,0.999,-0.04,7.9
2026-02-03 14:00:06,150,228,145,105,58,0.905,0.871,PP,S1,0.940,landmark,,UNMUTE,0,,1,70079,3ch,67,brightness,1.3,,homography,0.999,-0.04,7.9
2026-02-03 14:00:06,150,228,145,105,58,0.905,0.871,PP,S1,0.940,landmark,,UNMUTE,0,,1,69810,3ch,67,brightness,1.4,,homography,0.999,-0.04,7.9
2026-02-03 14:00:06,150,228,145,105,58,0.905,0.871,PP,S1,0.940,landmark,,UNMUTE,0,,1,70312,3ch,67,brightness,1.4,,homography,0.999,-0.04,7.9
2026-02-03 14:00:06,150,228,145,105,58,0.905,0.871,PP,S1,0.940,landmark,,UNMUTE,0,,1,71027,3ch,67,brightness,1.3,,homography,0.999,-0.04,7.9
2026-02-03 14:00:06,150,228,145,105,58,0.905,0.871,PP,S1,0.940,landmark,,UNMUTE,0,,1,43718,3ch,60,brightness,1.3,,homography,0.999,-0.04,7.9
2026-02-03 14:00:06,150,228,145,105,58,0.905,0.871,PP,S1,0.940,landmark,,UNMUTE,0,,1,53435,3ch,61,brightness,1.2,,homography,0.999,-0.04,7.9
2026-02-03 14:00:06,150,228,145,105,58,0.905,0.871,PP,S1,0.940,landmark,,UNMUTE,0,,1,55262,3ch,61,brightness,1.4,,homography,0.999,-0.04,7.9
2026-02-03 14:00:07,150,228,145,105,58,0.905,0.871,PP,S1,0.940,landmark,,UNMUTE,0,,1,57624,3ch,61,brightness,1.3,,homography,0.999,-0.04,7.9
2026-02-03 14:00:07,150,228,145,105,58,0.905,0.871,PP,S1,0.940,landmark,,UNMUTE,0,,1,58029,3ch,64,brightness,1.2,,homography,0.999,-0.04,7.9
2026-02-03 14:00:07,150,228,145,105,58,0.905,0.871,PP,S1,0.940,landmark,,UNMUTE,0,,1,59194,3ch,64,brightness,1.3,,homography,0.999,-0.04,7.9
2026-02-03 14:00:07,150,228,145,105,58,0.905,0.871,PP,S1,0.940,landmark,,UNMUTE,0,,1,59696,3ch,64,brightness,1.4,,homography,0.999,-0.04,7.9
2026-02-03 14:00:07,150,228,145,105,58,0.905,0.871,PP,S1,0.940,landmark,,UNMUTE,0,,1,60201,3ch,64,brightness,1.2,,homography,0.999,-0.04,7.9
2026-02-03 14:00:07,150,228,145,105,58,0.905,0.871,PP,S1,0.940,landmark,,UNMUTE,0,,1,61549,3ch,64,brightness,1.6,,homography,0.999,-0.04,7.9
2026-02-03 14:00:07,150,228,145,105,58,0.905,0.871,PP,S1,0.940,landmark,,UNMUTE,0,,1,62325,3ch,66,brightness,2.0,,homography,0.999,-0.04,7.9
2026-02-03 14:00:07,150,228,145,105,58,0.905,0.871,PP,S1,0.940,landmark,,UNMUTE,0,,1,63630,3ch,66,brightness,2.8,,homography,0.999,-0.04,7.9
2026-02-03 14:00:07,150,228,145,105,58,0.905,0.871,PP,S1,0.940,landmark,,UNMUTE,0,,1,63904,3ch,66,brightness,1.5,,homography,0.999,-0.04,7.9
2026-02-03 14:00:07,150,228,145,105,58,0.905,0.871,PP,S1,0.940,landmark,,UNMUTE,0,,1,65195,3ch,66,brightness,1.5,,homography,0.999,-0.04,7.9
2026-02-03 14:00:07,150,228,145,105,58,0.905,0.871,PP,S1,0.940,landmark,,UNMUTE,0,,1,66463,3ch,66,brightness,1.3,,homography,0.999,-0.04,7.9
2026-02-03 14:00:07,150,228,145,105,58,0.905,0.871,PP,S1,0.940,landmark,,UNMUTE,0,,1,67434,3ch,66,brightness,1.4,,homography,0.999,-0.04,7.9
2026-02-03 14:00:07,150,228,145,105,58,0.905,0.871,PP,S1,0.940,landmark,,UNMUTE,0,,1,67533,3ch,66,brightness,1.3,,homography,0.999,-0.04,7.9
2026-02-03 14:00:07,150,228,145,105,58,0.905,0.871,PP,S1,0.940,landmark,,UNMUTE,0,,1,67667,3ch,66,brightness,1.3,,homography,0.999,-0.04,7.9
2026-02-03 14:00:07,150,228,145,105,58,0.905,0.871,PP,S1,0.940,landmark,,UNMUTE,0,,1,68010,3ch,66,brightness,1.7,,homography,0.999,-0.04,7.9
2026-02-03 14:00:08,150,228,145,105,58,0.905,0.871,PP,S1,0.940,landmark,,UNMUTE,0,,1,68521,3ch,66,brightness,2.4,,homography,0.999,-0.04,7.9
2026-02-03 14:00:08,150,228,145,105,58,0.905,0.871,PP,S1,0.940,landmark,,UNMUTE,0,,1,68777,3ch,66,brightness,3.4,,homography,0.999,-0.04,7.9
2026-02-03 14:00:08,150,228,145,105,58,0.905,0.871,PP,S1,0.940,landmark,,UNMUTE,0,,1,68774,3ch,66,brightness,2.8,,homography,0.999,-0.04,7.9
2026-02-03 14:00:08,150,228,145,105,58,0.905,0.871,PP,S1,0.940,landmark,,UNMUTE,0,,1,69004,3ch,66,brightness,1.7,,homography,0.999,-0.04,7.9
2026-02-03 14:00:08,150,228,145,105,58,0.905,0.871,PP,S1,0.940,landmark,,UNMUTE,0,,1,68302,3ch,66,brightness,1.2,,homography,0.999,-0.04,7.9
2026-02-03 14:00:08,150,228,145,105,58,0.905,0.871,PP,S1,0.940,landmark,,UNMUTE,0,,1,68418,3ch,66,brightness,1.4,,homography,0.999,-0.04,7.9
2026-02-03 14:00:08,150,228,145,105,58,0.905,0.871,PP,S1,0.940,landmark,,UNMUTE,0,,1,68945,3ch,66,brightness,1.5,,homography,0.999,-0.04,7.9
2026-02-03 14:00:08,150,228,145,105,58,0.905,0.871,PP,S1,0.940,landmark,,UNMUTE,0,,1,69640,3ch,66,brightness,1.6,,homography,0.999,-0.04,7.9
2026-02-03 14:00:08,150,228,145,105,58,0.905,0.871,PP,S1,0.940,landmark,,UNMUTE,0,,1,68945,3ch,66,brightness,1.9,,homography,0.999,-0.04,7.9
2026-02-03 14:00:08,150,228,145,105,58,0.905,0.871,PP,S1,0.940,landmark,,UNMUTE,0,,1,69688,3ch,67,brightness,2.5,,homography,0.999,-0.04,7.9
2026-02-03 14:00:08,150,228,145,105,58,0.905,0.871,PP,S1,0.940,landmark,,UNMUTE,0,,1,69678,3ch,67,brightness,2.9,,homography,0.999,-0.04,7.9
2026-02-03 14:00:08,150,228,145,105,58,0.905,0.871,PP,S1,0.940,landmark,,UNMUTE,0,,1,68938,3ch,67,brightness,2.8,,homography,0.999,-0.04,7.9
2026-02-03 14:00:08,150,228,145,105,58,0.905,0.871,PP,S1,0.940,landmark,,UNMUTE,0,,1,41814,3ch,61,brightness,1.6,,homography,0.999,-0.04,7.9
2026-02-03 14:00:08,150,228,145,105,58,0.905,0.871,PP,S1,0.940,landmark,,UNMUTE,0,,1,49103,3ch,61,brightness,1.5,,homography,0.999,-0.04,7.9
2026-02-03 14:00:08,150,228,145,105,58,0.905,0.871,PP,S1,0.940,landmark,,UNMUTE,0,,1,53767,3ch,62,brightness,1.5,,homography,0.999,-0.04,7.9
2026-02-03 14:00:09,150,228,145,105,58,0.905,0.871,PP,S1,0.940,landmark,,UNMUTE,0,,1,55280,3ch,62,brightness,1.5,,homography,0.999,-0.04,7.9
2026-02-03 14:00:09,150,228,145,105,58,0.905,0.871,PP,S1,0.940,landmark,,UNMUTE,0,,1,56765,3ch,62,brightness,1.5,,homography,0.999,-0.04,7.9
2026-02-03 14:00:09,150,228,145,105,58,0.905,0.871,PP,S1,0.940,landmark,,UNMUTE,0,,1,56473,3ch,65,brightness,1.8,,homography,0.999,-0.04,7.9
2026-02-03 14:00:09,150,228,145,105,58,0.905,0.871,PP,S1,0.940,landmark,,UNMUTE,0,,1,58984,3ch,65,brightness,2.3,,homography,0.999,-0.04,7.9
2026-02-03 14:00:09,150,228,145,105,58,0.905,0.871,PP,S1,0.940,landmark,,UNMUTE,0,,1,60530,3ch,65,brightness,2.5,,homography,0.999,-0.04,7.9
2026-02-03 14:00:09,150,228,145,105,58,0.905,0.871,PP,S1,0.940,landmark,,UNMUTE,0,,1,61199,3ch,65,brightness,2.4,,homography,0.999,-0.04,7.9
2026-02-03 14:00:09,150,228,145,105,58,0.905,0.871,PP,S1,0.940,landmark,,UNMUTE,0,,1,62669,3ch,65,brightness,1.4,,homography,0.999,-0.04,7.9
2026-02-03 14:00:09,150,228,145,105,58,0.905,0.871,PP,S1,0.940,landmark,,UNMUTE,0,,1,63363,3ch,65,brightness,1.4,,homography,0.999,-0.04,7.9
2026-02-03 14:00:09,150,228,145,105,58,0.905,0.871,PP,S1,0.940,landmark,,UNMUTE,0,,1,64646,3ch,67,brightness,1.2,,homography,0.999,-0.04,7.9
2026-02-03 14:00:09,150,228,145,105,58,0.905,0.871,PP,S1,0.940,landmark,,UNMUTE,0,,1,64548,3ch,67,brightness,1.4,,homography,0.999,-0.04,7.9
2026-02-03 14:00:09,150,228,145,105,58,0.905,0.871,PP,S1,0.940,landmark,,UNMUTE,0,,1,64856,3ch,67,brightness,1.4,,homography,0.999,-0.04,7.9
2026-02-03 14:00:09,150,228,145,105,58,0.905,0.871,PP,S1,0.940,landmark,,UNMUTE,0,,1,64730,3ch,67,brightness,1.5,,homography,0.999,-0.04,7.9
2026-02-03 14:00:09,150,228,145,105,58,0.905,0.871,PP,S1,0.940,landmark,,UNMUTE,0,,1,65143,3ch,67,brightness,1.8,,homography,0.999,-0.04,7.9
2026-02-03 14:00:09,150,228,145,105,58,0.905,0.871,PP,S1,0.940,landmark,,UNMUTE,0,,1,65405,3ch,67,brightness,2.1,,homography,0.999,-0.04,7.9
2026-02-03 14:00:09,150,228,145,105,58,0.905,0.871,PP,S1,0.940,landmark,,UNMUTE,0,,1,66180,3ch,67,brightness,2.2,,homography,0.999,-0.04,7.9
2026-02-03 14:00:10,150,228,145,105,58,0.905,0.871,PP,S1,0.940,landmark,,UNMUTE,0,,1,65998,3ch,67,brightness,1.6,,homography,0.999,-0.04,7.9
2026-02-03 14:00:10,150,228,145,105,58,0.905,0.871,PP,S1,0.940,landmark,,UNMUTE,0,,1,65564,3ch,67,brightness,1.5,,homography,0.999,-0.04,7.9
2026-02-03 14:00:10,150,228,145,105,58,0.905,0.871,PP,S1,0.940,landmark,,UNMUTE,0,,1,66541,3ch,67,brightness,1.3,,homography,0.999,-0.04,7.9
2026-02-03 14:00:10,150,228,145,105,58,0.905,0.871,PP,S1,0.940,landmark,,UNMUTE,0,,1,67193,3ch,67,brightness,1.4,,homography,0.999,-0.04,7.9
2026-02-03 14:00:10,150,228,145,105,58,0.905,0.871,PP,S1,0.940,landmark,,UNMUTE,0,,1,68342,3ch,67,brightness,1.3,,homography,0.999,-0.04,7.9
2026-02-03 14:00:10,150,228,145,105,58,0.905,0.871,PP,S1,0.940,landmark,,UNMUTE,0,,1,68280,3ch,67,brightness,1.5,,homography,0.999,-0.04,7.9
2026-02-03 14:00:10,150,228,145,105,58,0.905,0.871,PP,S1,0.940,landmark,,UNMUTE,0,,1,68176,3ch,67,brightness,1.6,,homography,0.999,-0.04,7.9
2026-02-03 14:00:10,150,228,145,105,58,0.905,0.871,PP,S1,0.940,landmark,,UNMUTE,0,,1,68606,3ch,67,brightness,1.9,,homography,0.999,-0.04,7.9
2026-02-03 14:00:10,150,228,145,105,58,0.905,0.871,PP,S1,0.940,landmark,,UNMUTE,0,,1,69482,3ch,67,brightness,1.9,,homography,0.999,-0.04,7.9
2026-02-03 14:00:10,150,228,145,105,58,0.905,0.871,PP,S1,0.940,landmark,,UNMUTE,0,,1,70370,3ch,67,brightness,1.4,,homography,0.999,-0.04,7.9
2026-02-03 14:00:10,150,228,145,105,58,0.905,0.871,PP,S1,0.940,landmark,,UNMUTE,0,,1,69903,3ch,67,brightness,1.6,,homography,0.999,-0.04,7.9
2026-02-03 14:00:10,150,228,145,105,58,0.905,0.871,PP,S1,0.940,landmark,,UNMUTE,0,,1,70378,3ch,69,brightness,1.4,,homography,0.999,-0.04,7.9
2026-02-03 14:00:10,150,228,145,105,58,0.905,0.871,PP,S1,0.940,landmark,,UNMUTE,0,,1,40097,3ch,60,brightness,1.3,,homography,0.999,-0.04,7.9
2026-02-03 14:00:10,150,228,145,105,58,0.905,0.871,PP,S1,0.940,landmark,,UNMUTE,0,,1,48509,3ch,60,brightness,1.2,,homography,0.999,-0.04,7.9
2026-02-03 14:00:10,150,228,145,105,58,0.905,0.871,PP,S1,0.940,landmark,,UNMUTE,0,,1,51948,3ch,61,brightness,1.5,,homography,0.999,-0.04,7.9
2026-02-03 14:00:11,150,228,145,105,58,0.905,0.871,PP,S1,0.940,landmark,,UNMUTE,0,,1,54694,3ch,61,brightness,1.7,,homography,0.999,-0.04,7.9
2026-02-03 14:00:11,150,228,145,105,58,0.905,0.871,PP,S1,0.940,landmark,,UNMUTE,0,,1,56827,3ch,63,brightness,1.7,,homography,0.999,-0.04,7.9
2026-02-03 14:00:11,150,228,145,105,58,0.905,0.871,PP,S1,0.940,landmark,,UNMUTE,0,,1,57813,3ch,63,brightness,1.9,,homography,0.999,-0.04,7.9
2026-02-03 14:00:11,150,228,145,105,58,0.905,0.871,PP,S1,0.940,landmark,,UNMUTE,0,,1,58947,3ch,63,brightness,1.4,,homography,0.999,-0.04,7.9
2026-02-03 14:00:11,150,228,145,105,58,0.905,0.871,PP,S1,0.940,landmark,,UNMUTE,0,,1,60577,3ch,63,brightness,1.6,,homography,0.999,-0.04,7.9
2026-02-03 14:00:11,150,228,145,105,58,0.905,0.871,PP,S1,0.940,landmark,,UNMUTE,0,,1,61909,3ch,63,brightness,1.2,,homography,0.999,-0.04,7.9
2026-02-03 14:00:11,150,228,145,105,58,0.905,0.871,PP,S1,0.940,landmark,,UNMUTE,0,,1,63219,3ch,67,brightness,1.3,,homography,0.999,-0.04,7.9
2026-02-03 14:00:11,150,228,145,105,58,0.905,0.871,PP,S1,0.940,landmark,,UNMUTE,0,,1,63852,3ch,67,brightness,1.4,,homography,0.999,-0.04,7.9
2026-02-03 14:00:11,150,228,145,105,58,0.905,0.871,PP,S1,0.940,landmark,,UNMUTE,0,,1,63787,3ch,67,brightness,1.4,,homography,0.999,-0.04,7.9
2026-02-03 14:00:11,150,228,145,105,58,0.905,0.871,PP,S1,0.940,landmark,,UNMUTE,0,,1,65186,3ch,68,brightness,1.2,,homography,0.999,-0.04,7.9
2026-02-03 14:00:11,150,228,145,105,58,0.905,0.871,PP,S1,0.940,landmark,,UNMUTE,0,,1,66306,3ch,68,brightness,1.3,,homography,0.999,-0.04,7.9
2026-02-03 14:00:11,150,228,145,105,58,0.905,0.871,PP,S1,0.940,landmark,,UNMUTE,0,,1,66526,3ch,68,brightness,1.8,,homography,0.999,-0.04,7.9
2026-02-03 14:00:11,150,228,145,105,58,0.905,0.871,PP,S1,0.940,landmark,,UNMUTE,0,,1,66984,3ch,68,brightness,1.5,,homography,0.999,-0.04,7.9
2026-02-03 14:00:11,150,228,145,105,58,0.905,0.871,PP,S1,0.940,landmark,,UNMUTE,0,,1,67974,3ch,68,brightness,1.7,,homography,0.999,-0.04,7.9
2026-02-03 14:00:11,150,228,145,105,58,0.905,0.871,PP,S1,0.940,landmark,,UNMUTE,0,,1,67131,3ch,68,brightness,1.4,,homography,0.999,-0.04,7.9
2026-02-03 14:00:12,150,228,145,105,58,0.905,0.871,PP,S1,0.940,landmark,,UNMUTE,0,,1,67779,3ch,68,brightness,1.3,,homography,0.999,-0.04,7.9
2026-02-03 14:00:12,150,228,145,105,58,0.905,0.871,PP,S1,0.940,landmark,,UNMUTE,0,,1,67529,3ch,68,brightness,2.0,,homography,0.999,-0.04,7.9
2026-02-03 14:00:12,150,228,145,105,58,0.905,0.871,PP,S1,0.940,landmark,,UNMUTE,0,,1,68196,3ch,68,brightness,2.2,,homography,0.999,-0.04,7.9
2026-02-03 14:00:12,150,228,145,105,58,0.905,0.871,PP,S1,0.940,landmark,,UNMUTE,0,,1,68541,3ch,68,brightness,2.2,,homography,0.999,-0.04,7.9
2026-02-03 14:00:12,150,228,145,105,58,0.905,0.871,PP,S1,0.940,landmark,,UNMUTE,0,,1,68604,3ch,68,brightness,3.5,,homography,0.999,-0.04,7.9
2026-02-03 14:00:12,150,228,145,105,58,0.905,0.871,PP,S1,0.940,landmark,,UNMUTE,0,,1,71999,3ch,68,brightness,3.5,,homography,0.999,-0.04,7.9
2026-02-03 14:00:12,150,228,145,105,58,0.905,0.871,PP,S1,0.940,landmark,,UNMUTE,0,,1,71645,3ch,68,brightness,2.5,,homography,0.999,-0.04,7.9
2026-02-03 14:00:12,150,228,145,105,58,0.905,0.871,PP,S1,0.940,landmark,,UNMUTE,0,,1,72253,3ch,68,brightness,1.7,,homography,0.999,-0.04,7.9
2026-02-03 14:00:12,150,228,145,105,58,0.905,0.871,PP,S1,0.940,landmark,,UNMUTE,0,,1,71987,3ch,68,brightness,1.7,,homography,0.999,-0.04,7.9
2026-02-03 14:00:12,150,228,145,105,58,0.905,0.871,PP,S1,0.940,landmark,,UNMUTE,0,,1,72191,3ch,68,brightness,1.3,,homography,0.999,-0.04,7.9
2026-02-03 14:00:12,150,228,145,105,58,0.905,0.871,PP,S1,0.940,landmark,,UNMUTE,0,,1,72276,3ch,68,brightness,1.8,,homography,0.999,-0.04,7.9
2026-02-03 14:00:12,150,228,145,105,58,0.905,0.871,PP,S1,0.940,landmark,,UNMUTE,0,,1,72049,3ch,68,brightness,2.5,,homography,0.999,-0.04,7.9
2026-02-03 14:00:12,150,228,145,105,58,0.905,0.871,PP,S1,0.940,landmark,,UNMUTE,0,,1,39631,3ch,62,brightness,2.6,,homography,0.999,-0.04,7.9
2026-02-03 14:00:12,150,228,145,105,58,0.905,0.871,PP,S1,0.940,landmark,,UNMUTE,0,,1,50635,3ch,64,brightness,2.8,,homography,0.999,-0.04,7.9
2026-02-03 14:00:12,150,228,145,105,58,0.905,0.871,PP,S1,0.940,landmark,,UNMUTE,0,,1,52691,3ch,64,brightness,5.6,,homography,0.999,-0.04,7.9
2026-02-03 14:00:13,150,228,145,105,58,0.905,0.871,PP,S1,0.940,landmark,,UNMUTE,0,,1,53447,3ch,64,brightness,3.7,,homography,0.999,-0.04,7.9
2026-02-03 14:00:13,150,228,145,105,58,0.905,0.871,PP,S1,0.940,landmark,,UNMUTE,0,,1,55402,3ch,64,brightness,1.7,,homography,0.999,-0.04,7.9
2026-02-03 14:00:13,150,228,145,105,58,0.905,0.871,PP,S1,0.940,landmark,,UNMUTE,0,,1,56922,3ch,65,brightness,2.2,,homography,0.999,-0.04,7.9
2026-02-03 14:00:13,150,228,145,105,58,0.905,0.871,PP,S1,0.940,landmark,,UNMUTE,0,,1,58423,3ch,65,brightness,1.4,,homography,0.999,-0.04,7.9
2026-02-03 14:00:13,150,228,145,105,58,0.905,0.871,PP,S1,0.940,landmark,,UNMUTE,0,,1,59816,3ch,66,brightness,1.7,,homography,0.999,-0.04,7.9
2026-02-03 14:00:13,150,228,145,105,58,0.905,0.871,PP,S1,0.940,landmark,,UNMUTE,0,,1,61508,3ch,65,brightness,1.6,,homography,0.999,-0.04,7.9
2026-02-03 14:00:13,150,228,145,105,58,0.905,0.871,PP,S1,0.940,landmark,,UNMUTE,0,,1,62559,3ch,65,brightness,2.3,,homography,0.999,-0.04,7.9
2026-02-03 14:00:13,150,228,145,105,58,0.905,0.871,PP,S1,0.940,landmark,,UNMUTE,0,,1,63152,3ch,65,brightness,3.0,,homography,0.999,-0.04,7.9
2026-02-03 14:00:13,150,228,145,105,58,0.905,0.871,PP,S1,0.940,landmark,,UNMUTE,0,,1,63170,3ch,66,brightness,5.1,,homography,0.999,-0.04,7.9
2026-02-03 14:00:13,150,228,145,105,58,0.905,0.871,PP,S1,0.940,landmark,,UNMUTE,0,,1,63449,3ch,66,brightness,3.8,,homography,0.999,-0.04,7.9
2026-02-03 14:00:13,150,228,145,105,58,0.905,0.871,PP,S1,0.940,landmark,,UNMUTE,0,,1,63715,3ch,66,brightness,1.5,,homography,0.999,-0.04,7.9
2026-02-03 14:00:13,150,228,145,105,58,0.905,0.871,PP,S1,0.940,landmark,,UNMUTE,0,,1,63891,3ch,66,brightness,2.4,,homography,0.999,-0.04,7.9
2026-02-03 14:00:13,150,228,145,105,58,0.905,0.871,PP,S1,0.940,landmark,,UNMUTE,0,,1,64779,3ch,66,brightness,1.5,,homography,0.999,-0.04,7.9
2026-02-03 14:00:13,150,228,145,105,58,0.905,0.871,PP,S1,0.940,landmark,,UNMUTE,0,,1,66485,3ch,66,brightness,1.8,,homography,0.999,-0.04,7.9
2026-02-03 14:00:13,150,228,145,105,58,0.905,0.871,PP,S1,0.940,landmark,,UNMUTE,0,,1,67212,3ch,66,brightness,1.5,,homography,0.999,-0.04,7.9
2026-02-03 14:00:14,150,228,145,105,58,0.905,0.871,PP,S1,0.940,landmark,,UNMUTE,0,,1,66860,3ch,66,brightness,1.7,,homography,0.999,-0.04,7.9
2026-02-03 14:00:14,150,228,145,105,58,0.905,0.871,PP,S1,0.940,landmark,,UNMUTE,0,,1,67095,3ch,66,brightness,2.8,,homography,0.999,-0.04,7.9
2026-02-03 14:00:14,150,228,145,105,58,0.905,0.871,PP,S1,0.940,landmark,,UNMUTE,0,,1,67386,3ch,66,brightness,3.1,,homography,0.999,-0.04,7.9
2026-02-03 14:00:14,150,228,145,105,58,0.905,0.871,PP,S1,0.940,landmark,,UNMUTE,0,,1,66949,3ch,66,brightness,5.5,,homography,0.999,-0.04,7.9
2026-02-03 14:00:14,150,228,145,105,58,0.905,0.871,PP,S1,0.940,landmark,,UNMUTE,0,,1,67891,3ch,65,brightness,1.8,,homography,0.999,-0.04,7.9
2026-02-03 14:00:14,150,228,145,105,58,0.905,0.871,PP,S1,0.940,landmark,,UNMUTE,0,,1,67937,3ch,65,brightness,2.0,,homography,0.999,-0.04,7.9
2026-02-03 14:00:14,150,228,145,105,58,0.905,0.871,PP,S1,0.940,landmark,,UNMUTE,0,,1,68783,3ch,65,brightness,1.4,,homography,0.999,-0.04,7.9
2026-02-03 14:00:14,150,228,145,105,58,0.905,0.871,PP,S1,0.940,landmark,,UNMUTE,0,,1,68979,3ch,65,brightness,1.7,,homography,0.999,-0.04,7.9
2026-02-03 14:00:14,150,228,145,105,58,0.905,0.871,PP,S1,0.940,landmark,,UNMUTE,0,,1,68751,3ch,65,brightness,1.7,,homography,0.999,-0.04,7.9
2026-02-03 14:00:14,150,228,145,105,58,0.905,0.871,PP,S1,0.940,landmark,,UNMUTE,0,,1,68267,3ch,65,brightness,1.6,,homography,0.999,-0.04,7.9
2026-02-03 14:00:14,150,228,145,105,58,0.905,0.871,PP,S1,0.940,landmark,,UNMUTE,0,,1,68967,3ch,65,brightness,2.4,,homography,0.999,-0.04,7.9
2026-02-03 14:00:14,150,228,145,105,58,0.905,0.871,PP,S1,0.940,landmark,,UNMUTE,0,,1,69444,3ch,65,brightness,3.2,,homography,0.999,-0.04,7.9
2026-02-03 14:00:14,150,228,145,105,58,0.905,0.871,PP,S1,0.940,landmark,,UNMUTE,0,,1,41144,3ch,61,brightness,4.3,,homography,0.999,-0.04,7.9
2026-02-03 14:00:14,150,228,145,105,58,0.905,0.871,PP,S1,0.940,landmark,,UNMUTE,0,,1,51889,3ch,63,brightness,1.6,,homography,0.999,-0.04,7.9
2026-02-03 14:00:14,150,228,145,105,58,0.905,0.871,PP,S1,0.940,landmark,,UNMUTE,0,,1,54134,3ch,63,brightness,2.0,,homography,0.999,-0.04,7.9
2026-02-03 14:00:15,150,228,145,105,58,0.905,0.871,PP,S1,0.940,landmark,,UNMUTE,0,,1,57534,3ch,63,brightness,1.6,,homography,0.999,-0.04,7.9
2026-02-03 14:00:15,150,228,145,105,58,0.905,0.871,PP,S1,0.940,landmark,,UNMUTE,0,,1,58885,3ch,63,brightness,1.5,,homography,0.999,-0.04,7.9
2026-02-03 14:00:15,150,228,145,105,58,0.905,0.871,PP,S1,0.940,landmark,,UNMUTE,0,,1,59584,3ch,65,brightness,1.7,,homography,0.999,-0.04,7.9
2026-02-03 14:00:15,150,228,145,105,58,0.905,0.871,PP,S1,0.940,landmark,,UNMUTE,0,,1,60231,3ch,65,brightness,2.6,,homography,0.999,-0.04,7.9
2026-02-03 14:00:15,150,228,145,105,58,0.905,0.871,PP,S1,0.940,landmark,,UNMUTE,0,,1,61270,3ch,67,brightness,3.0,,homography,0.999,-0.04,7.9
2026-02-03 14:00:15,150,228,145,105,58,0.905,0.871,PP,S1,0.940,landmark,,UNMUTE,0,,1,62054,3ch,67,brightness,4.1,,homography,0.999,-0.04,7.9
2026-02-03 14:00:15,150,228,145,105,58,0.905,0.871,PP,S1,0.940,landmark,,UNMUTE,0,,1,63821,3ch,67,brightness,4.9,,homography,0.999,-0.04,7.9
2026-02-03 14:00:15,150,228,145,105,58,0.905,0.871,PP,S1,0.940,landmark,,UNMUTE,0,,1,64149,3ch,67,brightness,2.0,,homography,0.999,-0.04,7.9
2026-02-03 14:00:15,150,228,145,105,58,0.905,0.871,PP,S1,0.940,landmark,,UNMUTE,0,,1,64625,3ch,67,brightness,1.8,,homography,0.999,-0.04,7.9
2026-02-03 14:00:15,150,228,145,105,58,0.905,0.871,PP,S1,0.940,landmark,,UNMUTE,0,,1,64831,3ch,67,brightness,1.5,,homography,0.999,-0.04,7.9
2026-02-03 14:00:15,150,228,145,105,58,0.905,0.871,PP,S1,0.940,landmark,,UNMUTE,0,,1,65065,3ch,67,brightness,1.4,,homography,0.999,-0.04,7.9
2026-02-03 14:00:15,150,228,145,105,58,0.905,0.871,PP,S1,0.940,landmark,,UNMUTE,0,,1,65607,3ch,69,brightness,1.7,,homography,0.999,-0.04,7.9
2026-02-03 14:00:15,150,228,145,105,58,0.905,0.871,PP,S1,0.940,landmark,,UNMUTE,0,,1,65310,3ch,69,brightness,2.1,,homography,0.999,-0.04,7.9
2026-02-03 14:00:15,150,228,145,105,58,0.905,0.871,PP,S1,0.940,landmark,,UNMUTE,0,,1,65990,3ch,68,brightness,2.7,,homography,0.999,-0.04,7.9
2026-02-03 14:00:15,150,228,145,105,58,0.905,0.871,PP,S1,0.940,landmark,,UNMUTE,0,,1,66536,3ch,68,brightness,3.0,,homography,0.999,-0.04,7.9
2026-02-03 14:00:16,150,228,145,105,58,0.905,0.871,PP,S1,0.940,landmark,,UNMUTE,0,,1,66284,3ch,68,brightness,5.2,,homography,0.999,-0.04,7.9
2026-02-03 14:00:16,150,228,145,105,58,0.905,0.871,PP,S1,0.940,landmark,,UNMUTE,0,,1,66432,3ch,68,brightness,2.3,,homography,0.999,-0.04,7.9
2026-02-03 14:00:16,150,228,145,105,58,0.905,0.871,PP,S1,0.940,landmark,,UNMUTE,0,,1,67233,3ch,68,brightness,2.1,,homography,0.999,-0.04,7.9
2026-02-03 14:00:16,150,228,145,105,58,0.905,0.871,PP,S1,0.940,landmark,,UNMUTE,0,,1,67534,3ch,68,brightness,1.4,,homography,0.999,-0.04,7.9
2026-02-03 14:00:16,150,228,145,105,58,0.905,0.871,PP,S1,0.940,landmark,,UNMUTE,0,,1,68266,3ch,67,brightness,1.3,,homography,0.999,-0.04,7.9
2026-02-03 14:00:16,150,228,145,105,58,0.905,0.871,PP,S1,0.940,landmark,,UNMUTE,0,,1,68809,3ch,65,brightness,1.6,,homography,0.999,-0.04,7.9
2026-02-03 14:00:16,150,228,145,105,58,0.905,0.871,PP,S1,0.940,landmark,,UNMUTE,0,,1,68374,3ch,65,brightness,2.1,,homography,0.999,-0.04,7.9
2026-02-03 14:00:16,150,228,145,105,58,0.905,0.871,PP,S1,0.940,landmark,,UNMUTE,0,,1,68187,3ch,65,brightness,2.8,,homography,0.999,-0.04,7.9
2026-02-03 14:00:16,150,228,145,105,58,0.905,0.871,PP,S1,0.940,landmark,,UNMUTE,0,,1,68180,3ch,65,brightness,2.6,,homography,0.999,-0.04,7.9
2026-02-03 14:00:16,150,228,145,105,58,0.905,0.871,PP,S1,0.940,landmark,,UNMUTE,0,,1,68207,3ch,65,brightness,5.1,,homography,0.999,-0.04,7.9
2026-02-03 14:00:16,150,228,145,105,58,0.905,0.871,PP,S1,0.940,landmark,,UNMUTE,0,,1,68996,3ch,65,brightness,2.2,,homography,0.999,-0.04,7.9
2026-02-03 14:00:16,150,228,145,105,58,0.905,0.871,PP,S1,0.940,landmark,,UNMUTE,0,,1,69128,3ch,65,brightness,1.8,,homography,0.999,-0.04,7.9
2026-02-03 14:00:16,150,228,145,105,58,0.905,0.871,PP,S1,0.940,landmark,,UNMUTE,0,,1,39869,3ch,64,brightness,1.9,,homography,0.999,-0.04,7.9
2026-02-03 14:00:16,150,228,145,105,58,0.905,0.871,PP,S1,0.940,landmark,,UNMUTE,0,,1,47266,3ch,64,brightness,1.1,,homography,0.999,-0.04,7.9
2026-02-03 14:00:16,150,228,145,105,58,0.905,0.871,PP,S1,0.940,landmark,,UNMUTE,0,,1,50002,3ch,64,brightness,1.5,,homography,0.999,-0.04,7.9
2026-02-03 14:00:17,150,228,145,105,58,0.905,0.871,PP,S1,0.940,landmark,,UNMUTE,0,,1,53693,3ch,64,brightness,1.8,,homography,0.999,-0.04,7.9
2026-02-03 14:00:17,150,228,145,105,58,0.905,0.871,PP,S1,0.940,landmark,,UNMUTE,0,,1,54942,3ch,65,brightness,2.3,,homography,0.999,-0.04,7.9
2026-02-03 14:00:17,150,228,145,105,58,0.905,0.871,PP,S1,0.940,landmark,,UNMUTE,0,,1,56963,3ch,65,brightness,3.3,,homography,0.999,-0.04,7.9
2026-02-03 14:00:17,150,228,145,105,58,0.905,0.871,PP,S1,0.940,landmark,,UNMUTE,0,,1,58201,3ch,65,brightness,4.6,,homography,0.999,-0.04,7.9
2026-02-03 14:00:17,150,228,145,105,58,0.905,0.871,PP,S1,0.940,landmark,,UNMUTE,0,,1,58923,3ch,65,brightness,2.4,,homography,0.999,-0.04,7.9
2026-02-03 14:00:17,150,228,145,105,58,0.905,0.871,PP,S1,0.940,landmark,,UNMUTE,0,,1,60460,3ch,65,brightness,1.8,,homography,0.999,-0.04,7.9
2026-02-03 14:00:17,150,228,145,105,58,0.905,0.871,PP,S1,0.940,landmark,,UNMUTE,0,,1,62123,3ch,65,brightness,1.9,,homography,0.999,-0.04,7.9
2026-02-03 14:00:17,150,228,145,105,58,0.905,0.871,PP,S1,0.940,landmark,,UNMUTE,0,,1,62412,3ch,66,brightness,1.2,,homography,0.999,-0.04,7.9
2026-02-03 14:00:17,150,228,145,105,58,0.905,0.871,PP,S1,0.940,landmark,,UNMUTE,0,,1,63644,3ch,66,brightness,1.2,,homography,0.999,-0.04,7.9
2026-02-03 14:00:17,150,228,145,105,58,0.905,0.871,PP,S1,0.940,landmark,,UNMUTE,0,,1,64631,3ch,66,brightness,1.8,,homography,0.999,-0.04,7.9
2026-02-03 14:00:17,150,228,145,105,58,0.905,0.871,PP,S1,0.940,landmark,,UNMUTE,0,,1,64750,3ch,66,brightness,2.2,,homography,0.999,-0.04,7.9
2026-02-03 14:00:17,150,228,145,105,58,0.905,0.871,PP,S1,0.940,landmark,,UNMUTE,0,,1,65369,3ch,66,brightness,3.9,,homography,0.999,-0.04,7.9
2026-02-03 14:00:17,150,228,145,105,58,0.905,0.871,PP,S1,0.940,landmark,,UNMUTE,0,,1,65419,3ch,66,brightness,5.0,,homography,0.999,-0.04,7.9
2026-02-03 14:00:17,150,228,145,105,58,0.905,0.871,PP,S1,0.940,landmark,,UNMUTE,0,,1,66153,3ch,65,brightness,3.8,,homography,0.999,-0.04,7.9
2026-02-03 14:00:17,150,228,145,105,58,0.905,0.871,PP,S1,0.940,landmark,,UNMUTE,0,,1,66786,3ch,65,brightness,1.5,,homography,0.999,-0.04,7.9
2026-02-03 14:00:18,150,228,145,105,58,0.905,0.871,PP,S1,0.940,landmark,,UNMUTE,0,,1,66681,3ch,65,brightness,2.0,,homography,0.999,-0.04,7.9
2026-02-03 14:00:18,150,228,145,105,58,0.905,0.871,PP,S1,0.940,landmark,,UNMUTE,0,,1,66914,3ch,68,brightness,1.3,,homography,0.999,-0.04,7.9
2026-02-03 14:00:18,150,228,145,105,58,0.905,0.871,PP,S1,0.940,landmark,,UNMUTE,0,,1,67175,3ch,68,brightness,1.4,,homography,0.999,-0.04,7.9
2026-02-03 14:00:18,150,228,145,105,58,0.905,0.871,PP,S1,0.940,landmark,,UNMUTE,0,,1,67593,3ch,68,brightness,1.7,,homography,0.999,-0.04,7.9
2026-02-03 14:00:18,150,228,145,105,58,0.905,0.871,PP,S1,0.940,landmark,,UNMUTE,0,,1,68165,3ch,68,brightness,2.3,,homography,0.999,-0.04,7.9
2026-02-03 14:00:18,150,228,145,105,58,0.905,0.871,PP,S1,0.940,landmark,,UNMUTE,0,,1,67971,3ch,68,brightness,3.3,,homography,0.999,-0.04,7.9
2026-02-03 14:00:18,150,228,145,105,58,0.905,0.871,PP,S1,0.940,landmark,,UNMUTE,0,,1,68592,3ch,68,brightness,5.3,,homography,0.999,-0.04,7.9
2026-02-03 14:00:18,150,228,145,105,58,0.905,0.871,PP,S1,0.940,landmark,,UNMUTE,0,,1,69071,3ch,68,brightness,2.8,,homography,0.999,-0.04,7.9
2026-02-03 14:00:18,150,228,145,105,58,0.905,0.871,PP,S1,0.940,landmark,,UNMUTE,0,,1,69015,3ch,68,brightness,1.7,,homography,0.999,-0.04,7.9
2026-02-03 14:00:18,150,228,145,105,58,0.905,0.871,PP,S1,0.940,landmark,,UNMUTE,0,,1,70182,3ch,68,brightness,2.4,,homography,0.999,-0.04,7.9
2026-02-03 14:00:18,150,228,145,105,58,0.905,0.871,PP,S1,0.940,landmark,,UNMUTE,0,,1,70940,3ch,68,brightness,1.5,,homography,0.999,-0.04,7.9
2026-02-03 14:00:18,150,228,145,105,58,0.905,0.871,PP,S1,0.940,landmark,,UNMUTE,0,,1,70849,3ch,68,brightness,1.3,,homography,0.999,-0.04,7.9
2026-02-03 14:00:18,150,228,145,105,58,0.905,0.871,PP,S1,0.940,landmark,,UNMUTE,0,,1,43694,3ch,62,brightness,1.7,,homography,0.999,-0.04,7.9
2026-02-03 14:00:18,150,228,145,105,58,0.905,0.871,PP,S1,0.940,landmark,,UNMUTE,0,,1,53034,3ch,63,brightness,2.2,,homography,0.999,-0.04,7.9
2026-02-03 14:00:18,150,228,145,105,58,0.905,0.871,PP,S1,0.940,landmark,,UNMUTE,0,,1,56369,3ch,63,brightness,2.7,,homography,0.999,-0.04,7.9
2026-02-03 14:00:19,150,228,145,105,58,0.905,0.871,PP,S1,0.940,landmark,,UNMUTE,0,,1,57095,3ch,63,brightness,3.1,,homography,0.999,-0.04,7.9
2026-02-03 14:00:19,150,228,145,105,58,0.905,0.871,PP,S1,0.940,landmark,,UNMUTE,0,,1,56687,3ch,63,brightness,3.2,,homography,0.999,-0.04,7.9
2026-02-03 14:00:19,150,228,145,105,58,0.905,0.871,PP,S1,0.940,landmark,,UNMUTE,0,,1,58265,3ch,63,brightness,1.6,,homography,0.999,-0.04,7.9
2026-02-03 14:00:19,150,228,145,105,58,0.905,0.871,PP,S1,0.940,landmark,,UNMUTE,0,,1,60057,3ch,63,brightness,2.8,,homography,0.999,-0.04,7.9
2026-02-03 14:00:19,150,228,145,105,58,0.905,0.871,PP,S1,0.940,landmark,,UNMUTE,0,,1,61193,3ch,65,brightness,1.5,,homography,0.999,-0.04,7.9
2026-02-03 14:00:19,150,228,145,105,58,0.905,0.871,PP,S1,0.940,landmark,,UNMUTE,0,,1,62327,3ch,65,brightness,1.3,,homography,0.999,-0.04,7.9
2026-02-03 14:00:19,150,228,145,105,58,0.905,0.871,PP,S1,0.940,landmark,,UNMUTE,0,,1,63330,3ch,65,brightness,1.6,,homography,0.999,-0.04,7.9
2026-02-03 14:00:19,150,228,145,105,58,0.905,0.871,PP,S1,0.940,landmark,,UNMUTE,0,,1,64942,3ch,67,brightness,2.7,,homography,0.999,-0.04,7.9
2026-02-03 14:00:19,150,228,145,105,58,0.905,0.871,PP,S1,0.940,landmark,,UNMUTE,0,,1,66440,3ch,67,brightness,2.9,,homography,0.999,-0.04,7.9
2026-02-03 14:00:19,150,228,145,105,58,0.905,0.871,PP,S1,0.940,landmark,,UNMUTE,0,,1,66370,3ch,67,brightness,4.0,,homography,0.999,-0.04,7.9
2026-02-03 14:00:19,150,228,145,105,58,0.905,0.871,PP,S1,0.940,landmark,,UNMUTE,0,,1,65581,3ch,67,brightness,5.7,,homography,0.999,-0.04,7.9
2026-02-03 14:00:19,150,228,145,105,58,0.905,0.871,PP,S1,0.940,landmark,,UNMUTE,0,,1,65062,3ch,67,brightness,1.5,,homography,0.999,-0.04,7.9
2026-02-03 14:00:19,150,228,145,105,58,0.905,0.871,PP,S1,0.940,landmark,,UNMUTE,0,,1,66194,3ch,67,brightness,2.4,,homography,0.999,-0.04,7.9
2026-02-03 14:00:19,150,228,145,105,58,0.905,0.871,PP,S1,0.940,landmark,,UNMUTE,0,,1,67102,3ch,67,brightness,1.9,,homography,0.999,-0.04,7.9
2026-02-03 14:00:19,150,228,145,105,58,0.905,0.871,PP,S1,0.940,landmark,,UNMUTE,0,,1,67022,3ch,65,brightness,1.4,,homography,0.999,-0.04,7.9
2026-02-03 14:00:20,150,228,145,105,58,0.905,0.871,PP,S1,0.940,landmark,,UNMUTE,0,,1,66658,3ch,65,brightness,1.5,,homography,0.999,-0.04,7.9
2026-02-03 14:00:20,150,228,145,105,58,0.905,0.871,PP,S1,0.940,landmark,,UNMUTE,0,,1,66829,3ch,66,brightness,2.5,,homography,0.999,-0.04,7.9
2026-02-03 14:00:20,150,228,145,105,58,0.905,0.871,PP,S1,0.940,landmark,,UNMUTE,0,,1,66326,3ch,66,brightness,2.7,,homography,0.999,-0.04,7.9
2026-02-03 14:00:20,150,228,145,105,58,0.905,0.871,PP,S1,0.940,landmark,,UNMUTE,0,,1,66333,3ch,66,brightness,3.4,,homography,0.999,-0.04,7.9
2026-02-03 14:00:20,150,228,145,105,58,0.905,0.871,PP,S1,0.940,landmark,,UNMUTE,0,,1,66370,3ch,66,brightness,4.4,,homography,0.999,-0.04,7.9
2026-02-03 14:00:20,150,228,145,105,58,0.905,0.871,PP,S1,0.940,landmark,,UNMUTE,0,,1,66936,3ch,66,brightness,1.6,,homography,0.999,-0.04,7.9
2026-02-03 14:00:20,150,228,145,105,58,0.905,0.871,PP,S1,0.940,landmark,,UNMUTE,0,,1,67357,3ch,66,brightness,2.0,,homography,0.999,-0.04,7.9
2026-02-03 14:00:20,150,228,145,105,58,0.905,0.871,PP,S1,0.940,landmark,,UNMUTE,0,,1,67907,3ch,66,brightness,2.0,,homography,0.999,-0.04,7.9
2026-02-03 14:00:20,150,228,145,105,58,0.905,0.871,PP,S1,0.940,landmark,,UNMUTE,0,,1,67288,3ch,66,brightness,1.4,,homography,0.999,-0.04,7.9
2026-02-03 14:00:20,150,228,145,105,58,0.905,0.871,PP,S1,0.940,landmark,,UNMUTE,0,,1,68277,3ch,66,brightness,1.4,,homography,0.999,-0.04,7.9
2026-02-03 14:00:20,150,228,145,105,58,0.905,0.871,PP,S1,0.940,landmark,,UNMUTE,0,,1,68547,3ch,66,brightness,2.0,,homography,0.999,-0.04,7.9
2026-02-03 14:00:20,150,228,145,105,58,0.905,0.871,PP,S1,0.940,landmark,,UNMUTE,0,,1,68489,3ch,66,brightness,3.2,,homography,0.999,-0.04,7.9
2026-02-03 14:00:20,150,228,145,105,58,0.905,0.871,PP,S1,0.940,landmark,,UNMUTE,0,,1,41905,3ch,65,brightness,3.3,,homography,0.999,-0.04,7.9
2026-02-03 14:00:20,150,228,145,105,58,0.905,0.871,PP,S1,0.940,landmark,,UNMUTE,0,,1,50823,3ch,65,brightness,4.2,,homography,0.999,-0.04,7.9
2026-02-03 14:00:20,150,228,145,105,58,0.905,0.871,PP,S1,0.940,landmark,,UNMUTE,0,,1,53713,3ch,65,brightness,1.9,,homography,0.999,-0.04,7.9
2026-02-03 14:00:21,150,228,145,105,58,0.905,0.871,PP,S1,0.940,landmark,,UNMUTE,0,,1,56717,3ch,65,brightness,2.1,,homography,0.999,-0.04,7.9
2026-02-03 14:00:21,150,228,145,105,58,0.905,0.871,PP,S1,0.940,landmark,,UNMUTE,0,,1,57411,3ch,65,brightness,2.2,,homography,0.999,-0.04,7.9
2026-02-03 14:00:21,150,228,145,105,58,0.905,0.871,PP,S1,0.940,landmark,,UNMUTE,0,,1,59525,3ch,66,brightness,1.2,,homography,0.999,-0.04,7.9
2026-02-03 14:00:21,150,228,145,105,58,0.905,0.871,PP,S1,0.940,landmark,,UNMUTE,0,,1,60036,3ch,66,brightness,1.3,,homography,0.999,-0.04,7.9
2026-02-03 14:00:21,150,228,145,105,58,0.905,0.871,PP,S1,0.940,landmark,,UNMUTE,0,,1,60950,3ch,67,brightness,1.6,,homography,0.999,-0.04,7.9
2026-02-03 14:00:21,150,228,145,105,58,0.905,0.871,PP,S1,0.940,landmark,,UNMUTE,0,,1,61581,3ch,68,brightness,2.4,,homography,0.999,-0.04,7.9
2026-02-03 14:00:21,150,228,145,105,58,0.905,0.871,PP,S1,0.940,landmark,,UNMUTE,0,,1,62249,3ch,68,brightness,3.7,,homography,0.999,-0.04,7.9
2026-02-03 14:00:21,150,228,145,105,58,0.905,0.871,PP,S1,0.940,landmark,,UNMUTE,0,,1,62914,3ch,68,brightness,4.1,,homography,0.999,-0.04,7.9
2026-02-03 14:00:21,150,228,145,105,58,0.905,0.871,PP,S1,0.940,landmark,,UNMUTE,0,,1,64268,3ch,68,brightness,2.7,,homography,0.999,-0.04,7.9
2026-02-03 14:00:21,150,228,145,105,58,0.905,0.871,PP,S1,0.940,landmark,,UNMUTE,0,,1,65178,3ch,68,brightness,1.9,,homography,0.999,-0.04,7.9
2026-02-03 14:00:21,150,228,145,105,58,0.905,0.871,PP,S1,0.940,landmark,,UNMUTE,0,,1,65292,3ch,68,brightness,2.1,,homography,0.999,-0.04,7.9
2026-02-03 14:00:21,150,228,145,105,58,0.905,0.871,PP,S1,0.940,landmark,,UNMUTE,0,,1,66191,3ch,68,brightness,1.3,,homography,0.999,-0.04,7.9
2026-02-03 14:00:21,150,228,145,105,58,0.905,0.871,PP,S1,0.940,landmark,,UNMUTE,0,,1,66442,3ch,68,brightness,1.4,,homography,0.999,-0.04,7.9
2026-02-03 14:00:21,150,228,145,105,58,0.905,0.871,PP,S1,0.940,landmark,,UNMUTE,0,,1,66307,3ch,68,brightness,1.8,,homography,0.999,-0.04,7.9
2026-02-03 14:00:21,150,228,145,105,58,0.905,0.871,PP,S1,0.940,landmark,,UNMUTE,0,,1,66949,3ch,68,brightness,2.4,,homography,0.999,-0.04,7.9
2026-02-03 14:00:22,150,228,145,105,58,0.905,0.871,PP,S1,0.940,landmark,,UNMUTE,0,,1,67241,3ch,68,brightness,2.9,,homography,0.999,-0.04,7.9
2026-02-03 14:00:22,150,228,145,105,58,0.905,0.871,PP,S1,0.940,landmark,,UNMUTE,0,,1,66857,3ch,68,brightness,3.2,,homography,0.999,-0.04,7.9
2026-02-03 14:00:22,150,228,145,105,58,0.905,0.871,PP,S1,0.940,landmark,,UNMUTE,0,,1,68143,3ch,68,brightness,3.1,,homography,0.999,-0.04,7.9
2026-02-03 14:00:22,150,228,145,105,58,0.905,0.871,PP,S1,0.940,landmark,,UNMUTE,0,,1,68781,3ch,68,brightness,1.9,,homography,0.999,-0.04,7.9
2026-02-03 14:00:22,150,228,145,105,58,0.905,0.871,PP,S1,0.940,landmark,,UNMUTE,0,,1,68875,3ch,67,brightness,2.3,,homography,0.999,-0.04,7.9
2026-02-03 14:00:22,150,228,145,105,58,0.905,0.871,PP,S1,0.940,landmark,,UNMUTE,0,,1,68718,3ch,67,brightness,1.6,,homography,0.999,-0.04,7.9
2026-02-03 14:00:22,150,228,145,105,58,0.905,0.871,PP,S1,0.940,landmark,,UNMUTE,0,,1,69237,3ch,67,brightness,1.3,,homography,0.999,-0.04,7.9
2026-02-03 14:00:22,150,228,145,105,58,0.905,0.871,PP,S1,0.940,landmark,,UNMUTE,0,,1,69588,3ch,67,brightness,1.8,,homography,0.999,-0.04,7.9
2026-02-03 14:00:22,150,228,145,105,58,0.905,0.871,PP,S1,0.940,landmark,,UNMUTE,0,,1,70055,3ch,67,brightness,2.4,,homography,0.999,-0.04,7.9
2026-02-03 14:00:22,150,228,145,105,58,0.905,0.871,PP,S1,0.940,landmark,,UNMUTE,0,,1,70662,3ch,67,brightness,3.5,,homography,0.999,-0.04,7.9
2026-02-03 14:00:22,150,228,145,105,58,0.905,0.871,PP,S1,0.940,landmark,,UNMUTE,0,,1,70595,3ch,67,brightness,4.0,,homography,0.999,-0.04,7.9
2026-02-03 14:00:22,150,228,145,105,58,0.905,0.871,PP,S1,0.940,landmark,,UNMUTE,0,,1,70853,3ch,67,brightness,5.8,,homography,0.999,-0.04,7.9
2026-02-03 14:00:22,150,228,145,105,58,0.905,0.871,PP,S1,0.940,landmark,,UNMUTE,0,,1,44075,3ch,60,brightness,1.7,,homography,0.999,-0.04,7.9
2026-02-03 14:00:22,150,228,145,105,58,0.905,0.871,PP,S1,0.940,landmark,,UNMUTE,0,,1,51956,3ch,61,brightness,2.3,,homography,0.999,-0.04,7.9
2026-02-03 14:00:22,150,228,145,105,58,0.905,0.871,PP,S1,0.940,landmark,,UNMUTE,0,,1,54239,3ch,61,brightness,1.2,,homography,0.999,-0.04,7.9
2026-02-03 14:00:23,150,228,145,105,58,0.905,0.871,PP,S1,0.940,landmark,,UNMUTE,0,,1,54996,3ch,61,brightness,1.5,,homography,0.999,-0.04,7.9
2026-02-03 14:00:23,150,228,145,105,58,0.905,0.871,PP,S1,0.940,landmark,,UNMUTE,0,,1,57832,3ch,61,brightness,1.7,,homography,0.999,-0.04,7.9
2026-02-03 14:00:23,150,228,145,105,58,0.905,0.871,PP,S1,0.940,landmark,,UNMUTE,0,,1,59206,3ch,61,brightness,2.2,,homography,0.999,-0.04,7.9
2026-02-03 14:00:23,150,228,145,105,58,0.905,0.871,PP,S1,0.940,landmark,,UNMUTE,0,,1,61429,3ch,61,brightness,3.1,,homography,0.999,-0.04,7.9
2026-02-03 14:00:23,150,228,145,105,58,0.905,0.871,PP,S1,0.940,landmark,,UNMUTE,0,,1,62696,3ch,61,brightness,5.7,,homography,0.999,-0.04,7.9
2026-02-03 14:00:23,150,228,145,105,58,0.905,0.871,PP,S1,0.940,landmark,,UNMUTE,0,,1,62706,3ch,61,brightness,5.1,,homography,0.999,-0.04,7.9
2026-02-03 14:00:23,150,228,145,105,58,0.905,0.871,PP,S1,0.940,landmark,,UNMUTE,0,,1,63508,3ch,64,brightness,1.6,,homography,0.999,-0.04,7.9
2026-02-03 14:00:23,150,228,145,105,58,0.905,0.871,PP,S1,0.940,landmark,,UNMUTE,0,,1,64967,3ch,64,brightness,2.1,,homography,0.999,-0.04,7.9
2026-02-03 14:00:23,150,228,145,105,58,0.905,0.871,PP,S1,0.940,landmark,,UNMUTE,0,,1,64732,3ch,64,brightness,1.5,,homography,0.999,-0.04,7.9
2026-02-03 14:00:23,150,228,145,105,58,0.905,0.871,PP,S1,0.940,landmark,,UNMUTE,0,,1,65536,3ch,64,brightness,1.5,,homography,0.999,-0.04,7.9
2026-02-03 14:00:23,150,228,145,105,58,0.905,0.871,PP,S1,0.940,landmark,,UNMUTE,0,,1,66587,3ch,64,brightness,1.5,,homography,0.999,-0.04,7.9
2026-02-03 14:00:23,150,228,145,105,58,0.905,0.871,PP,S1,0.940,landmark,,UNMUTE,0,,1,67265,3ch,64,brightness,2.1,,homography,0.999,-0.04,7.9
2026-02-03 14:00:23,150,228,145,105,58,0.905,0.871,PP,S1,0.940,landmark,,UNMUTE,0,,1,67342,3ch,64,brightness,2.8,,homography,0.999,-0.04,7.9
2026-02-03 14:00:23,150,228,145,105,58,0.905,0.871,PP,S1,0.940,landmark,,UNMUTE,0,,1,67634,3ch,64,brightness,3.8,,homography,0.999,-0.04,7.9
2026-02-03 14:00:23,150,228,145,105,58,0.905,0.871,PP,S1,0.940,landmark,,UNMUTE,0,,1,67167,3ch,64,brightness,4.3,,homography,0.999,-0.04,7.9
2026-02-03 14:00:24,150,228,145,105,58,0.905,0.871,PP,S1,0.940,landmark,,UNMUTE,0,,1,67953,3ch,64,brightness,1.7,,homography,0.999,-0.04,7.9
2026-02-03 14:00:24,150,228,145,105,58,0.905,0.871,PP,S1,0.940,landmark,,UNMUTE,0,,1,68801,3ch,66,brightness,2.2,,homography,0.999,-0.04,7.9
2026-02-03 14:00:24,150,228,145,105,58,0.905,0.871,PP,S1,0.940,landmark,,UNMUTE,0,,1,69513,3ch,66,brightness,1.5,,homography,0.999,-0.04,7.9
2026-02-03 14:00:24,150,228,145,105,58,0.905,0.871,PP,S1,0.940,landmark,,UNMUTE,0,,1,69408,3ch,66,brightness,1.3,,homography,0.999,-0.04,7.9
2026-02-03 14:00:24,150,228,145,105,58,0.905,0.871,PP,S1,0.940,landmark,,UNMUTE,0,,1,69795,3ch,66,brightness,1.6,,homography,0.999,-0.04,7.9
2026-02-03 14:00:24,150,228,145,105,58,0.905,0.871,PP,S1,0.940,landmark,,UNMUTE,0,,1,70259,3ch,65,brightness,2.1,,homography,0.999,-0.04,7.9
2026-02-03 14:00:24,150,228,145,105,58,0.905,0.871,PP,S1,0.940,landmark,,UNMUTE,0,,1,70006,3ch,66,brightness,3.8,,homography,0.999,-0.04,7.9
2026-02-03 14:00:24,150,228,145,105,58,0.905,0.871,PP,S1,0.940,landmark,,UNMUTE,0,,1,70120,3ch,66,brightness,4.2,,homography,0.999,-0.04,7.9
2026-02-03 14:00:24,150,228,145,105,58,0.905,0.871,PP,S1,0.940,landmark,,UNMUTE,0,,1,70690,3ch,66,brightness,4.1,,homography,0.999,-0.04,7.9
2026-02-03 14:00:24,150,228,145,105,58,0.905,0.871,PP,S1,0.940,landmark,,UNMUTE,0,,1,71258,3ch,66,brightness,2.0,,homography,0.999,-0.04,7.9
2026-02-03 14:00:24,150,228,145,105,58,0.905,0.871,PP,S1,0.940,landmark,,UNMUTE,0,,1,71191,3ch,66,brightness,2.4,,homography,0.999,-0.04,7.9
2026-02-03 14:00:24,150,228,145,105,58,0.905,0.871,PP,S1,0.940,landmark,,UNMUTE,0,,1,71395,3ch,66,brightness,1.7,,homography,0.999,-0.04,7.9
2026-02-03 14:00:24,150,228,145,105,58,0.905,0.871,PP,S1,0.940,landmark,,UNMUTE,0,,1,42274,3ch,59,brightness,1.4,,homography,0.999,-0.04,7.9
2026-02-03 14:00:24,150,228,145,105,58,0.905,0.871,PP,S1,0.940,landmark,,UNMUTE,0,,1,50468,3ch,59,brightness,1.3,,homography,0.999,-0.04,7.9
2026-02-03 14:00:24,150,228,145,105,58,0.905,0.871,PP,S1,0.940,landmark,,UNMUTE,0,,1,51400,3ch,62,brightness,2.3,,homography,0.999,-0.04,7.9
2026-02-03 14:00:25,150,228,145,105,58,0.905,0.871,PP,S1,0.940,landmark,,UNMUTE,0,,1,54826,3ch,62,brightness,2.7,,homography,0.999,-0.04,7.9
2026-02-03 14:00:25,150,228,145,105,58,0.905,0.871,PP,S1,0.940,landmark,,UNMUTE,0,,1,55872,3ch,62,brightness,5.1,,homography,0.999,-0.04,7.9
2026-02-03 14:00:25,150,228,145,105,58,0.905,0.871,PP,S1,0.940,landmark,,UNMUTE,0,,1,57807,3ch,62,brightness,5.5,,homography,0.999,-0.04,7.9
2026-02-03 14:00:25,150,228,145,105,58,0.905,0.871,PP,S1,0.940,landmark,,UNMUTE,0,,1,59407,3ch,62,brightness,1.5,,homography,0.999,-0.04,7.9
2026-02-03 14:00:25,150,228,145,105,58,0.905,0.871,PP,S1,0.940,landmark,,UNMUTE,0,,1,60261,3ch,64,brightness,2.0,,homography,0.999,-0.04,7.9
2026-02-03 14:00:25,150,228,145,105,58,0.905,0.871,PP,S1,0.940,landmark,,UNMUTE,0,,1,61155,3ch,64,brightness,2.0,,homography,0.999,-0.04,7.9
2026-02-03 14:00:25,150,228,145,105,58,0.905,0.871,PP,S1,0.940,landmark,,UNMUTE,0,,1,63093,3ch,64,brightness,1.3,,homography,0.999,-0.04,7.9
2026-02-03 14:00:25,150,228,145,105,58,0.905,0.871,PP,S1,0.940,landmark,,UNMUTE,0,,1,64080,3ch,65,brightness,1.2,,homography,0.999,-0.04,7.9
2026-02-03 14:00:25,150,228,145,105,58,0.905,0.871,PP,S1,0.940,landmark,,UNMUTE,0,,1,65874,3ch,65,brightness,1.6,,homography,0.999,-0.04,7.9
2026-02-03 14:00:25,150,228,145,105,58,0.905,0.871,PP,S1,0.940,landmark,,UNMUTE,0,,1,65249,3ch,65,brightness,2.8,,homography,0.999,-0.04,7.9
2026-02-03 14:00:25,150,228,145,105,58,0.905,0.871,PP,S1,0.940,landmark,,UNMUTE,0,,1,66373,3ch,65,brightness,3.9,,homography,0.999,-0.04,7.9
2026-02-03 14:00:25,150,228,145,105,58,0.905,0.871,PP,S1,0.940,landmark,,UNMUTE,0,,1,66317,3ch,68,brightness,4.0,,homography,0.999,-0.04,7.9
2026-02-03 14:00:25,150,228,145,105,58,0.905,0.871,PP,S1,0.940,landmark,,UNMUTE,0,,1,65568,3ch,68,brightness,2.4,,homography,0.999,-0.04,7.9
2026-02-03 14:00:25,150,228,145,105,58,0.905,0.871,PP,S1,0.940,landmark,,UNMUTE,0,,1,65972,3ch,68,brightness,2.1,,homography,0.999,-0.04,7.9
2026-02-03 14:00:25,150,228,145,105,58,0.905,0.871,PP,S1,0.940,landmark,,UNMUTE,0,,1,66788,3ch,69,brightness,2.3,,homography,0.999,-0.04,7.9
2026-02-03 14:00:26,150,228,145,105,58,0.905,0.871,PP,S1,0.940,landmark,,UNMUTE,0,,1,66841,3ch,69,brightness,1.4,,homography,0.999,-0.04,7.9
2026-02-03 14:00:26,150,228,145,105,58,0.905,0.871,PP,S1,0.940,landmark,,UNMUTE,0,,1,66315,3ch,69,brightness,1.3,,homography,0.999,-0.04,7.9
2026-02-03 14:00:26,150,228,145,105,58,0.905,0.871,PP,S1,0.940,landmark,,UNMUTE,0,,1,67895,3ch,69,brightness,1.9,,homography,0.999,-0.04,7.9
2026-02-03 14:00:26,150,228,145,105,58,0.905,0.871,PP,S1,0.940,landmark,,UNMUTE,0,,1,68097,3ch,69,brightness,2.1,,homography,0.999,-0.04,7.9
2026-02-03 14:00:26,150,228,145,105,58,0.905,0.871,PP,S1,0.940,landmark,,UNMUTE,0,,1,67949,3ch,69,brightness,3.3,,homography,0.999,-0.04,7.9
2026-02-03 14:00:26,150,228,145,105,58,0.905,0.871,PP,S1,0.940,landmark,,UNMUTE,0,,1,68472,3ch,69,brightness,2.9,,homography,0.999,-0.04,7.9
2026-02-03 14:00:26,150,228,145,105,58,0.905,0.871,PP,S1,0.940,landmark,,UNMUTE,0,,1,69373,3ch,69,brightness,2.4,,homography,0.999,-0.04,7.9
2026-02-03 14:00:26,150,228,145,105,58,0.905,0.871,PP,S1,0.940,landmark,,UNMUTE,0,,1,69162,3ch,68,brightness,2.1,,homography,0.999,-0.04,7.9
2026-02-03 14:00:26,150,228,145,105,58,0.905,0.871,PP,S1,0.940,landmark,,UNMUTE,0,,1,68019,3ch,67,brightness,2.4,,homography,0.999,-0.04,7.9
2026-02-03 14:00:26,150,228,145,105,58,0.905,0.871,PP,S1,0.940,landmark,,UNMUTE,0,,1,68466,3ch,67,brightness,1.4,,homography,0.999,-0.04,7.9
2026-02-03 14:00:26,150,228,145,105,58,0.905,0.871,PP,S1,0.940,landmark,,UNMUTE,0,,1,68560,3ch,67,brightness,1.3,,homography,0.999,-0.04,7.9
2026-02-03 14:00:26,150,228,145,105,58,0.905,0.871,PP,S1,0.940,landmark,,UNMUTE,0,,1,69356,3ch,67,brightness,1.7,,homography,0.999,-0.04,7.9
2026-02-03 14:00:26,150,228,145,105,58,0.905,0.871,PP,S1,0.940,landmark,,UNMUTE,0,,1,39371,3ch,60,brightness,2.3,,homography,0.999,-0.04,7.9
2026-02-03 14:00:26,150,228,145,105,58,0.905,0.871,PP,S1,0.940,landmark,,UNMUTE,0,,1,49587,3ch,60,brightness,3.3,,homography,0.999,-0.04,7.9
2026-02-03 14:00:26,150,228,145,105,58,0.905,0.871,PP,S1,0.940,landmark,,UNMUTE,0,,1,52904,3ch,63,brightness,3.9,,homography,0.999,-0.04,7.9
2026-02-03 14:00:27,150,228,145,105,58,0.905,0.871,PP,S1,0.940,landmark,,UNMUTE,0,,1,54889,3ch,63,brightness,1.9,,homography,0.999,-0.04,7.9
2026-02-03 14:00:27,150,228,145,105,58,0.905,0.871,PP,S1,0.940,landmark,,UNMUTE,0,,1,55917,3ch,63,brightness,2.1,,homography,0.999,-0.04,7.9
2026-02-03 14:00:27,150,228,145,105,58,0.905,0.871,PP,S1,0.940,landmark,,UNMUTE,0,,1,57686,3ch,64,brightness,2.3,,homography,0.999,-0.04,7.9
2026-02-03 14:00:27,150,228,145,105,58,0.905,0.871,PP,S1,0.940,landmark,,UNMUTE,0,,1,59042,3ch,64,brightness,1.3,,homography,0.999,-0.04,7.9
2026-02-03 14:00:27,150,228,145,105,58,0.905,0.871,PP,S1,0.940,landmark,,UNMUTE,0,,1,60996,3ch,65,brightness,1.2,,homography,0.999,-0.04,7.9
2026-02-03 14:00:27,150,228,145,105,58,0.905,0.871,PP,S1,0.940,landmark,,UNMUTE,0,,1,61822,3ch,65,brightness,2.0,,homography,0.999,-0.04,7.9
2026-02-03 14:00:27,150,228,145,105,58,0.905,0.871,PP,S1,0.940,landmark,,UNMUTE,0,,1,63996,3ch,67,brightness,2.3,,homography,0.999,-0.04,7.9
2026-02-03 14:00:27,150,228,145,105,58,0.905,0.871,PP,S1,0.940,landmark,,UNMUTE,0,,1,64951,3ch,67,brightness,3.4,,homography,0.999,-0.04,7.9
2026-02-03 14:00:27,150,228,145,105,58,0.905,0.871,PP,S1,0.940,landmark,,UNMUTE,0,,1,66280,3ch,67,brightness,4.5,,homography,0.999,-0.04,7.9
2026-02-03 14:00:27,150,228,145,105,58,0.905,0.871,PP,S1,0.940,landmark,,UNMUTE,0,,1,66874,3ch,67,brightness,2.6,,homography,0.999,-0.04,7.9
2026-02-03 14:00:27,150,228,145,105,58,0.905,0.871,PP,S1,0.940,landmark,,UNMUTE,0,,1,67320,3ch,67,brightness,2.3,,homography,0.999,-0.04,7.9
2026-02-03 14:00:27,150,228,145,105,58,0.905,0.871,PP,S1,0.940,landmark,,UNMUTE,0,,1,67642,3ch,67,brightness,2.3,,homography,0.999,-0.04,7.9
2026-02-03 14:00:27,150,228,145,105,58,0.905,0.871,PP,S1,0.940,landmark,,UNMUTE,0,,1,68377,3ch,67,brightness,1.5,,homography,0.999,-0.04,7.9
2026-02-03 14:00:27,150,228,145,105,58,0.905,0.871,PP,S1,0.940,landmark,,UNMUTE,0,,1,68602,3ch,67,brightness,1.3,,homography,0.999,-0.04,7.9
2026-02-03 14:00:27,150,228,145,105,58,0.905,0.871,PP,S1,0.940,landmark,,UNMUTE,0,,1,69138,3ch,67,brightness,1.8,,homography,0.999,-0.04,7.9
2026-02-03 14:00:28,150,228,145,105,58,0.905,0.871,PP,S1,0.940,landmark,,UNMUTE,0,,1,69014,3ch,67,brightness,2.3,,homography,0.999,-0.04,7.9
2026-02-03 14:00:28,150,228,145,105,58,0.905,0.871,PP,S1,0.940,landmark,,UNMUTE,0,,1,69027,3ch,67,brightness,2.8,,homography,0.999,-0.04,7.9
2026-02-03 14:00:28,150,228,145,105,58,0.905,0.871,PP,S1,0.940,landmark,,UNMUTE,0,,1,69508,3ch,67,brightness,5.5,,homography,0.999,-0.04,7.9
2026-02-03 14:00:28,150,228,145,105,58,0.905,0.871,PP,S1,0.940,landmark,,UNMUTE,0,,1,69591,3ch,67,brightness,3.0,,homography,0.999,-0.04,7.9
2026-02-03 14:00:28,150,228,145,105,58,0.905,0.871,PP,S1,0.940,landmark,,UNMUTE,0,,1,69935,3ch,67,brightness,1.7,,homography,0.999,-0.04,7.9
2026-02-03 14:00:28,150,228,145,105,58,0.905,0.871,PP,S1,0.940,landmark,,UNMUTE,0,,1,69905,3ch,67,brightness,2.1,,homography,0.999,-0.04,7.9
2026-02-03 14:00:28,150,228,145,105,58,0.905,0.871,PP,S1,0.940,landmark,,UNMUTE,0,,1,70137,3ch,67,brightness,1.4,,homography,0.999,-0.04,7.9
2026-02-03 14:00:28,150,228,145,105,58,0.905,0.871,PP,S1,0.940,landmark,,UNMUTE,0,,1,70604,3ch,65,brightness,1.5,,homography,0.999,-0.04,7.9
2026-02-03 14:00:28,150,228,145,105,58,0.905,0.871,PP,S1,0.940,landmark,,UNMUTE,0,,1,70864,3ch,65,brightness,1.9,,homography,0.999,-0.04,7.9
2026-02-03 14:00:28,150,228,145,105,58,0.905,0.871,PP,S1,0.940,landmark,,UNMUTE,0,,1,71543,3ch,65,brightness,2.3,,homography,0.999,-0.04,7.9
2026-02-03 14:00:28,150,228,145,105,58,0.905,0.871,PP,S1,0.940,landmark,,UNMUTE,0,,1,72082,3ch,65,brightness,3.1,,homography,0.999,-0.04,7.9
2026-02-03 14:00:28,150,228,145,105,58,0.905,0.871,PP,S1,0.940,landmark,,UNMUTE,0,,1,72145,3ch,65,brightness,5.0,,homography,0.999,-0.04,7.9
2026-02-03 14:00:28,150,228,145,105,58,0.905,0.871,PP,S1,0.940,landmark,,UNMUTE,0,,1,44159,3ch,60,brightness,5.3,,homography,0.999,-0.04,7.9
2026-02-03 14:00:28,150,228,145,105,58,0.905,0.871,PP,S1,0.940,landmark,,UNMUTE,0,,1,51361,3ch,60,brightness,1.8,,homography,0.999,-0.04,7.9
2026-02-03 14:00:28,150,228,145,105,58,0.905,0.871,PP,S1,0.940,landmark,,UNMUTE,0,,1,54230,3ch,61,brightness,2.3,,homography,0.999,-0.04,7.9
2026-02-03 14:00:29,150,228,145,105,58,0.905,0.871,PP,S1,0.940,landmark,,UNMUTE,0,,1,54545,3ch,61,brightness,1.3,,homography,0.999,-0.04,7.9
2026-02-03 14:00:29,150,228,145,105,58,0.905,0.871,PP,S1,0.940,landmark,,UNMUTE,0,,1,57463,3ch,62,brightness,1.3,,homography,0.999,-0.04,7.9
2026-02-03 14:00:29,150,228,145,105,58,0.905,0.871,PP,S1,0.940,landmark,,UNMUTE,0,,1,58772,3ch,66,brightness,1.6,,homography,0.999,-0.04,7.9
2026-02-03 14:00:29,150,228,145,105,58,0.905,0.871,PP,S1,0.940,landmark,,UNMUTE,0,,1,59877,3ch,66,brightness,2.0,,homography,0.999,-0.04,7.9
2026-02-03 14:00:29,150,228,145,105,58,0.905,0.871,PP,S1,0.940,landmark,,UNMUTE,0,,1,60935,3ch,66,brightness,3.1,,homography,0.999,-0.04,7.9
2026-02-03 14:00:29,150,228,145,105,58,0.905,0.871,PP,S1,0.940,landmark,,UNMUTE,0,,1,62992,3ch,66,brightness,4.2,,homography,0.999,-0.04,7.9
2026-02-03 14:00:29,150,228,145,105,58,0.905,0.871,PP,S1,0.940,landmark,,UNMUTE,0,,1,63793,3ch,67,brightness,5.7,,homography,0.999,-0.04,7.9
2026-02-03 14:00:29,150,228,145,105,58,0.905,0.871,PP,S1,0.940,landmark,,UNMUTE,0,,1,63795,3ch,66,brightness,1.7,,homography,0.999,-0.04,7.9
2026-02-03 14:00:29,150,228,145,105,58,0.905,0.871,PP,S1,0.940,landmark,,UNMUTE,0,,1,64453,3ch,66,brightness,2.1,,homography,0.999,-0.04,7.9
2026-02-03 14:00:29,150,228,145,105,58,0.905,0.871,PP,S1,0.940,landmark,,UNMUTE,0,,1,64643,3ch,66,brightness,1.5,,homography,0.999,-0.04,7.9
2026-02-03 14:00:29,150,228,145,105,58,0.905,0.871,PP,S1,0.940,landmark,,UNMUTE,0,,1,65051,3ch,66,brightness,1.3,,homography,0.999,-0.04,7.9
2026-02-03 14:00:29,150,228,145,105,58,0.905,0.871,PP,S1,0.940,landmark,,UNMUTE,0,,1,65249,3ch,66,brightness,1.4,,homography,0.999,-0.04,7.9
2026-02-03 14:00:29,150,228,145,105,58,0.905,0.871,PP,S1,0.940,landmark,,UNMUTE,0,,1,66120,3ch,66,brightness,1.9,,homography,0.999,-0.04,7.9
2026-02-03 14:00:29,150,228,145,105,58,0.905,0.871,PP,S1,0.940,landmark,,UNMUTE,0,,1,66367,3ch,66,brightness,2.7,,homography,0.999,-0.04,7.9
2026-02-03 14:00:29,150,228,145,105,58,0.905,0.871,PP,S1,0.940,landmark,,UNMUTE,0,,1,66864,3ch,68,brightness,3.3,,homography,0.999,-0.04,7.9
2026-02-03 14:00:30,150,228,145,105,58,0.905,0.871,PP,S1,0.940,landmark,,UNMUTE,0,,1,67208,3ch,68,brightness,5.4,,homography,0.999,-0.04,7.9
2026-02-03 14:00:30,150,228,145,105,58,0.905,0.871,PP,S1,0.940,landmark,,UNMUTE,0,,1,67547,3ch,68,brightness,2.1,,homography,0.999,-0.04,7.9
2026-02-03 14:00:30,150,228,145,105,58,0.905,0.871,PP,S1,0.940,landmark,,UNMUTE,0,,1,67432,3ch,66,brightness,2.1,,homography,0.999,-0.04,7.9
2026-02-03 14:00:30,150,228,145,105,58,0.905,0.871,PP,S1,0.940,landmark,,UNMUTE,0,,1,68180,3ch,66,brightness,2.2,,homography,0.999,-0.04,7.9
2026-02-03 14:00:30,150,228,145,105,58,0.905,0.871,PP,S1,0.940,landmark,,UNMUTE,0,,1,68771,3ch,66,brightness,1.3,,homography,0.999,-0.04,7.9
2026-02-03 14:00:30,150,228,145,105,58,0.905,0.871,PP,S1,0.940,landmark,,UNMUTE,0,,1,68712,3ch,66,brightness,1.4,,homography,0.999,-0.04,7.9
2026-02-03 14:00:30,150,228,145,105,58,0.905,0.871,PP,S1,0.940,landmark,,UNMUTE,0,,1,68515,3ch,66,brightness,1.9,,homography,0.999,-0.04,7.9
2026-02-03 14:00:30,150,228,145,105,58,0.905,0.871,PP,S1,0.940,landmark,,UNMUTE,0,,1,68124,3ch,66,brightness,2.3,,homography,0.999,-0.04,7.9
2026-02-03 14:00:30,150,228,145,105,58,0.905,0.871,PP,S1,0.940,landmark,,UNMUTE,0,,1,68817,3ch,66,brightness,2.9,,homography,0.999,-0.04,7.9
2026-02-03 14:00:30,150,228,145,105,58,0.905,0.871,PP,S1,0.940,landmark,,UNMUTE,0,,1,69075,3ch,66,brightness,5.5,,homography,0.999,-0.04,7.9
2026-02-03 14:00:30,150,228,145,105,58,0.905,0.871,PP,S1,0.940,landmark,,UNMUTE,0,,1,69021,3ch,66,brightness,1.9,,homography,0.999,-0.04,7.9
2026-02-03 14:00:30,150,228,145,105,58,0.905,0.871,PP,S1,0.940,landmark,,UNMUTE,0,,1,68697,3ch,66,brightness,2.1,,homography,0.999,-0.04,7.9
2026-02-03 14:00:30,150,228,145,105,58,0.905,0.871,PP,S1,0.940,landmark,,UNMUTE,0,,1,42901,3ch,63,brightness,2.7,,homography,0.999,-0.04,7.9
2026-02-03 14:00:30,150,228,145,105,58,0.905,0.871,PP,S1,0.940,landmark,,UNMUTE,0,,1,52019,3ch,63,brightness,1.5,,homography,0.999,-0.04,7.9
2026-02-03 14:00:30,150,228,145,105,58,0.905,0.871,PP,S1,0.940,landmark,,UNMUTE,0,,1,55035,3ch,63,brightness,1.3,,homography,0.999,-0.04,7.9
2026-02-03 14:00:31,150,228,145,105,58,0.905,0.871,PP,S1,0.940,landmark,,UNMUTE,0,,1,56901,3ch,63,brightness,1.7,,homography,0.999,-0.04,7.9
2026-02-03 14:00:31,150,228,145,105,58,0.905,0.871,PP,S1,0.940,landmark,,UNMUTE,0,,1,58543,3ch,63,brightness,1.2,,homography,0.999,-0.04,7.9
2026-02-03 14:00:31,150,228,145,105,58,0.905,0.871,PP,S1,0.940,landmark,,UNMUTE,0,,1,60063,3ch,64,brightness,2.6,,homography,0.999,-0.04,7.9
2026-02-03 14:00:31,150,228,145,105,58,0.905,0.871,PP,S1,0.940,landmark,,UNMUTE,0,,1,61899,3ch,64,brightness,3.4,,homography,0.999,-0.04,7.9
2026-02-03 14:00:31,150,228,145,105,58,0.905,0.871,PP,S1,0.940,landmark,,UNMUTE,0,,1,64249,3ch,64,brightness,1.2,,homography,0.999,-0.04,7.9
2026-02-03 14:00:31,150,228,145,105,58,0.905,0.871,PP,S1,0.940,landmark,,UNMUTE,0,,1,64843,3ch,66,brightness,1.2,,homography,0.999,-0.04,7.9
2026-02-03 14:00:31,150,228,145,105,58,0.905,0.871,PP,S1,0.940,landmark,,UNMUTE,0,,1,65109,3ch,66,brightness,4.9,,homography,0.999,-0.04,7.9
2026-02-03 14:00:31,150,228,145,105,58,0.905,0.871,PP,S1,0.940,landmark,,UNMUTE,0,,1,66088,3ch,66,brightness,1.3,,homography,0.999,-0.04,7.9
2026-02-03 14:00:31,150,228,145,105,58,0.905,0.871,PP,S1,0.940,landmark,,UNMUTE,0,,1,67143,3ch,66,brightness,1.6,,homography,0.999,-0.04,7.9
2026-02-03 14:00:31,150,228,145,105,58,0.905,0.871,PP,S1,0.940,landmark,,UNMUTE,0,,1,67513,3ch,66,brightness,2.4,,homography,0.999,-0.04,7.9
2026-02-03 14:00:31,150,228,145,105,58,0.905,0.871,PP,S1,0.940,landmark,,UNMUTE,0,,1,68517,3ch,68,brightness,3.4,,homography,0.999,-0.04,7.9
2026-02-03 14:00:31,150,228,145,105,58,0.905,0.871,PP,S1,0.940,landmark,,UNMUTE,0,,1,68841,3ch,68,brightness,1.4,,homography,0.999,-0.04,7.9
2026-02-03 14:00:31,150,228,145,105,58,0.905,0.871,PP,S1,0.940,landmark,,UNMUTE,0,,1,69158,3ch,68,brightness,1.3,,homography,0.999,-0.04,7.9
2026-02-03 14:00:31,150,228,145,105,58,0.905,0.871,PP,S1,0.940,landmark,,UNMUTE,0,,1,69193,3ch,68,brightness,1.3,,homography,0.999,-0.04,7.9
2026-02-03 14:00:31,150,228,145,105,58,0.905,0.871,PP,S1,0.940,landmark,,UNMUTE,0,,1,69383,3ch,68,brightness,1.4,,homography,0.999,-0.04,7.9
2026-02-03 14:00:32,150,228,145,105,58,0.905,0.871,PP,S1,0.940,landmark,,UNMUTE,0,,1,69562,3ch,68,brightness,2.2,,homography,0.999,-0.04,7.9
2026-02-03 14:00:32,150,228,145,105,58,0.905,0.871,PP,S1,0.940,landmark,,UNMUTE,0,,1,70396,3ch,68,brightness,1.4,,homography,0.999,-0.04,7.9
2026-02-03 14:00:32,150,228,145,105,58,0.905,0.871,PP,S1,0.940,landmark,,UNMUTE,0,,1,70972,3ch,68,brightness,1.2,,homography,0.999,-0.04,7.9
2026-02-03 14:00:32,150,228,145,105,58,0.905,0.871,PP,S1,0.940,landmark,,UNMUTE,0,,1,71875,3ch,68,brightness,1.6,,homography,0.999,-0.04,7.9
2026-02-03 14:00:32,150,228,145,105,58,0.905,0.871,PP,S1,0.940,landmark,,UNMUTE,0,,1,70914,3ch,68,brightness,1.9,,homography,0.999,-0.04,7.9
2026-02-03 14:00:32,150,228,145,105,58,0.905,0.871,PP,S1,0.940,landmark,,UNMUTE,0,,1,71052,3ch,68,brightness,2.4,,homography,0.999,-0.04,7.9
2026-02-03 14:00:32,150,228,145,105,58,0.905,0.871,PP,S1,0.940,landmark,,UNMUTE,0,,1,71623,3ch,68,brightness,2.8,,homography,0.999,-0.04,7.9
2026-02-03 14:00:32,150,228,145,105,58,0.905,0.871,PP,S1,0.940,landmark,,UNMUTE,0,,1,71134,3ch,68,brightness,2.9,,homography,0.999,-0.04,7.9
2026-02-03 14:00:32,150,228,145,105,58,0.905,0.871,PP,S1,0.940,landmark,,UNMUTE,0,,1,70865,3ch,68,brightness,1.4,,homography,0.999,-0.04,7.9
2026-02-03 14:00:32,150,228,145,105,58,0.905,0.871,PP,S1,0.940,landmark,,UNMUTE,0,,1,70985,3ch,68,brightness,1.9,,homography,0.999,-0.04,7.9
2026-02-03 14:00:32,150,228,145,105,58,0.905,0.871,PP,S1,0.940,landmark,,UNMUTE,0,,1,71814,3ch,68,brightness,1.3,,homography,0.999,-0.04,7.9
2026-02-03 14:00:32,150,228,145,105,58,0.905,0.871,PP,S1,0.940,landmark,,UNMUTE,0,,1,72221,3ch,68,brightness,1.4,,homography,0.999,-0.04,7.9
2026-02-03 14:00:32,150,228,145,105,58,0.905,0.871,PP,S1,0.940,landmark,,UNMUTE,0,,1,45881,3ch,62,brightness,1.2,,homography,0.999,-0.04,7.9
2026-02-03 14:00:32,150,228,145,105,58,0.905,0.871,PP,S1,0.940,landmark,,UNMUTE,0,,1,52342,3ch,63,brightness,1.6,,homography,0.999,-0.04,7.9
2026-02-03 14:00:32,150,228,145,105,58,0.905,0.871,PP,S1,0.940,landmark,,UNMUTE,0,,1,55469,3ch,63,brightness,2.1,,homography,0.999,-0.04,7.9
2026-02-03 14:00:33,150,228,145,105,58,0.905,0.871,PP,S1,0.940,landmark,,UNMUTE,0,,1,56440,3ch,63,brightness,2.0,,homography,0.999,-0.04,7.9
2026-02-03 14:00:33,150,228,145,105,58,0.905,0.871,PP,S1,0.940,landmark,,UNMUTE,0,,1,58716,3ch,63,brightness,2.5,,homography,0.999,-0.04,7.9
2026-02-03 14:00:33,150,228,145,105,58,0.905,0.871,PP,S1,0.940,landmark,,UNMUTE,0,,1,59656,3ch,63,brightness,1.5,,homography,0.999,-0.04,7.9
2026-02-03 14:00:33,150,228,145,105,58,0.905,0.871,PP,S1,0.940,landmark,,UNMUTE,0,,1,62329,3ch,67,brightness,2.1,,homography,0.999,-0.04,7.9
2026-02-03 14:00:33,150,228,145,105,58,0.905,0.871,PP,S1,0.940,landmark,,UNMUTE,0,,1,62930,3ch,67,brightness,1.7,,homography,0.999,-0.04,7.9
2026-02-03 14:00:33,150,228,145,105,58,0.905,0.871,PP,S1,0.940,landmark,,UNMUTE,0,,1,64188,3ch,67,brightness,1.2,,homography,0.999,-0.04,7.9
2026-02-03 14:00:33,150,228,145,105,58,0.905,0.871,PP,S1,0.940,landmark,,UNMUTE,0,,1,65435,3ch,67,brightness,1.4,,homography,0.999,-0.04,7.9
2026-02-03 14:00:33,150,228,145,105,58,0.905,0.871,PP,S1,0.940,landmark,,UNMUTE,0,,1,65177,3ch,67,brightness,1.7,,homography,0.999,-0.04,7.9
2026-02-03 14:00:33,150,228,145,105,58,0.905,0.871,PP,S1,0.940,landmark,,UNMUTE,0,,1,66449,3ch,67,brightness,2.2,,homography,0.999,-0.04,7.9
2026-02-03 14:00:33,150,228,145,105,58,0.905,0.871,PP,S1,0.940,landmark,,UNMUTE,0,,1,66120,3ch,67,brightness,2.7,,homography,0.999,-0.04,7.9
2026-02-03 14:00:33,150,228,145,105,58,0.905,0.871,PP,S1,0.940,landmark,,UNMUTE,0,,1,65892,3ch,67,brightness,2.4,,homography,0.999,-0.04,7.9
2026-02-03 14:00:33,150,228,145,105,58,0.905,0.871,PP,S1,0.940,landmark,,UNMUTE,0,,1,66678,3ch,67,brightness,1.5,,homography,0.999,-0.04,7.9
2026-02-03 14:00:33,150,228,145,105,58,0.905,0.871,PP,S1,0.940,landmark,,UNMUTE,0,,1,66804,3ch,67,brightness,1.9,,homography,0.999,-0.04,7.9
2026-02-03 14:00:33,150,228,145,105,58,0.905,0.871,PP,S1,0.940,landmark,,UNMUTE,0,,1,67620,3ch,67,brightness,1.5,,homography,0.999,-0.04,7.9
2026-02-03 14:00:33,150,228,145,105,58,0.905,0.871,PP,S1,0.940,landmark,,UNMUTE,0,,1,68111,3ch,67,brightness,1.3,,homography,0.999,-0.04,7.9
2026-02-03 14:00:34,150,228,145,105,58,0.905,0.871,PP,S1,0.940,landmark,,UNMUTE,0,,1,68947,3ch,67,brightness,1.6,,homography,0.999,-0.04,7.9
2026-02-03 14:00:34,150,228,145,105,58,0.905,0.871,PP,S1,0.940,landmark,,UNMUTE,0,,1,69432,3ch,67,brightness,1.2,,homography,0.999,-0.04,7.9
2026-02-03 14:00:34,150,228,145,105,58,0.905,0.871,PP,S1,0.940,landmark,,UNMUTE,0,,1,70183,3ch,67,brightness,1.6,,homography,0.999,-0.04,7.9
2026-02-03 14:00:34,150,228,145,105,58,0.905,0.871,PP,S1,0.940,landmark,,UNMUTE,0,,1,70688,3ch,67,brightness,1.8,,homography,0.999,-0.04,7.9
2026-02-03 14:00:34,150,228,145,105,58,0.905,0.871,PP,S1,0.940,landmark,,UNMUTE,0,,1,70584,3ch,67,brightness,2.2,,homography,0.999,-0.04,7.9
2026-02-03 14:00:34,150,228,145,105,58,0.905,0.871,PP,S1,0.940,landmark,,UNMUTE,0,,1,70394,3ch,67,brightness,1.4,,homography,0.999,-0.04,7.9
2026-02-03 14:00:34,150,228,145,105,58,0.905,0.871,PP,S1,0.940,landmark,,UNMUTE,0,,1,70495,3ch,67,brightness,1.7,,homography,0.999,-0.04,7.9
2026-02-03 14:00:34,150,228,145,105,58,0.905,0.871,PP,S1,0.940,landmark,,UNMUTE,0,,1,70539,3ch,67,brightness,1.4,,homography,0.999,-0.04,7.9
2026-02-03 14:00:34,150,228,145,105,58,0.905,0.871,PP,S1,0.940,landmark,,UNMUTE,0,,1,70663,3ch,67,brightness,1.2,,homography,0.999,-0.04,7.9
2026-02-03 14:00:34,150,228,145,105,58,0.905,0.871,PP,S1,0.940,landmark,,UNMUTE,0,,1,70963,3ch,67,brightness,1.4,,homography,0.999,-0.04,7.9
2026-02-03 14:00:34,150,228,145,105,58,0.905,0.871,PP,S1,0.940,landmark,,UNMUTE,0,,1,71525,3ch,67,brightness,1.3,,homography,0.999,-0.04,7.9
2026-02-03 14:00:34,150,228,145,105,58,0.905,0.871,PP,S1,0.940,landmark,,UNMUTE,0,,1,71399,3ch,67,brightness,1.4,,homography,0.999,-0.04,7.9
2026-02-03 14:00:34,150,228,145,105,58,0.905,0.871,PP,S1,0.940,landmark,,UNMUTE,0,,1,43786,3ch,63,brightness,1.2,,homography,0.999,-0.04,7.9
2026-02-03 14:00:34,150,228,145,105,58,0.905,0.871,PP,S1,0.940,landmark,,UNMUTE,0,,1,51219,3ch,63,brightness,1.5,,homography,0.999,-0.04,7.9
2026-02-03 14:00:34,150,228,145,105,58,0.905,0.871,PP,S1,0.940,landmark,,UNMUTE,0,,1,54522,3ch,63,brightness,1.1,,homography,0.999,-0.04,7.9
2026-02-03 14:00:35,150,228,145,105,58,0.905,0.871,PP,S1,0.940,landmark,,UNMUTE,0,,1,57348,3ch,63,brightness,1.3,,homography,0.999,-0.04,7.9
2026-02-03 14:00:35,150,228,145,105,58,0.905,0.871,PP,S1,0.940,landmark,,UNMUTE,0,,1,59412,3ch,63,brightness,1.3,,homography,0.999,-0.04,7.9
2026-02-03 14:00:35,150,228,145,105,58,0.905,0.871,PP,S1,0.940,landmark,,UNMUTE,0,,1,60538,3ch,65,brightness,1.3,,homography,0.999,-0.04,7.9
2026-02-03 14:00:35,150,228,145,105,58,0.905,0.871,PP,S1,0.940,landmark,,UNMUTE,0,,1,61205,3ch,67,brightness,1.4,,homography,0.999,-0.04,7.9
2026-02-03 14:00:35,150,228,145,105,58,0.905,0.871,PP,S1,0.940,landmark,,UNMUTE,0,,1,62310,3ch,67,brightness,1.7,,homography,0.999,-0.04,7.9
2026-02-03 14:00:35,150,228,145,105,58,0.905,0.871,PP,S1,0.940,landmark,,UNMUTE,0,,1,63658,3ch,66,brightness,1.6,,homography,0.999,-0.04,7.9
2026-02-03 14:00:35,150,228,145,105,58,0.905,0.871,PP,S1,0.940,landmark,,UNMUTE,0,,1,63808,3ch,66,brightness,1.9,,homography,0.999,-0.04,7.9
2026-02-03 14:00:35,150,228,145,105,58,0.905,0.871,PP,S1,0.940,landmark,,UNMUTE,0,,1,64355,3ch,66,brightness,2.4,,homography,0.999,-0.04,7.9
2026-02-03 14:00:35,150,228,145,105,58,0.905,0.871,PP,S1,0.940,landmark,,UNMUTE,0,,1,68093,3ch,66,brightness,1.6,,homography,0.999,-0.04,7.9
2026-02-03 14:00:35,150,228,145,105,58,0.905,0.871,PP,S1,0.940,landmark,,UNMUTE,0,,1,68202,3ch,66,brightness,1.6,,homography,0.999,-0.04,7.9
2026-02-03 14:00:35,150,228,145,105,58,0.905,0.871,PP,S1,0.940,landmark,,UNMUTE,0,,1,68300,3ch,66,brightness,1.4,,homography,0.999,-0.04,7.9
2026-02-03 14:00:35,150,228,145,105,58,0.905,0.871,PP,S1,0.940,landmark,,UNMUTE,0,,1,68668,3ch,66,brightness,1.2,,homography,0.999,-0.04,7.9
2026-02-03 14:00:35,150,228,145,105,58,0.905,0.871,PP,S1,0.940,landmark,,UNMUTE,0,,1,69343,3ch,66,brightness,1.3,,homography,0.999,-0.04,7.9
2026-02-03 14:00:35,150,228,145,105,58,0.905,0.871,PP,S1,0.940,landmark,,UNMUTE,0,,1,68405,3ch,68,brightness,1.9,,homography,0.999,-0.04,7.9
2026-02-03 14:00:35,150,228,145,105,58,0.905,0.871,PP,S1,0.940,landmark,,UNMUTE,0,,1,68565,3ch,68,brightness,2.1,,homography,0.999,-0.04,7.9
2026-02-03 14:00:36,150,228,145,105,58,0.905,0.871,PP,S1,0.940,landmark,,UNMUTE,0,,1,68343,3ch,68,brightness,2.9,,homography,0.999,-0.04,7.9
2026-02-03 14:00:36,150,228,145,105,58,0.905,0.871,PP,S1,0.940,landmark,,UNMUTE,0,,1,67681,3ch,66,brightness,3.1,,homography,0.999,-0.04,7.9
2026-02-03 14:00:36,150,228,145,105,58,0.905,0.871,PP,S1,0.940,landmark,,UNMUTE,0,,1,68854,3ch,66,brightness,1.9,,homography,0.999,-0.04,7.9
2026-02-03 14:00:36,150,228,145,105,58,0.905,0.871,PP,S1,0.940,landmark,,UNMUTE,0,,1,69487,3ch,66,brightness,1.8,,homography,0.999,-0.04,7.9
2026-02-03 14:00:36,150,228,145,105,58,0.905,0.871,PP,S1,0.940,landmark,,UNMUTE,0,,1,69473,3ch,68,brightness,2.1,,homography,0.999,-0.04,7.9
2026-02-03 14:00:36,150,228,145,105,58,0.905,0.871,PP,S1,0.940,landmark,,UNMUTE,0,,1,69556,3ch,68,brightness,1.4,,homography,0.999,-0.04,7.9
2026-02-03 14:00:36,150,228,145,105,58,0.905,0.871,PP,S1,0.940,landmark,,UNMUTE,0,,1,69136,3ch,68,brightness,1.3,,homography,0.999,-0.04,7.9
2026-02-03 14:00:36,150,228,145,105,58,0.905,0.871,PP,S1,0.940,landmark,,UNMUTE,0,,1,68311,3ch,68,brightness,1.5,,homography,0.999,-0.04,7.9
2026-02-03 14:00:36,150,228,145,105,58,0.905,0.871,PP,S1,0.940,landmark,,UNMUTE,0,,1,69137,3ch,68,brightness,1.8,,homography,0.999,-0.04,7.9
2026-02-03 14:00:36,150,228,145,105,58,0.905,0.871,PP,S1,0.940,landmark,,UNMUTE,0,,1,69484,3ch,68,brightness,2.0,,homography,0.999,-0.04,7.9
2026-02-03 14:00:36,150,228,145,105,58,0.905,0.871,PP,S1,0.940,landmark,,UNMUTE,0,,1,69785,3ch,68,brightness,2.2,,homography,0.999,-0.04,7.9
2026-02-03 14:00:36,150,228,145,105,58,0.905,0.871,PP,S1,0.940,landmark,,UNMUTE,0,,1,70256,3ch,68,brightness,1.5,,homography,0.999,-0.04,7.9
2026-02-03 14:00:36,150,228,145,105,58,0.905,0.871,PP,S1,0.940,landmark,,UNMUTE,0,,1,43604,3ch,60,brightness,1.7,,homography,0.999,-0.04,7.9
2026-02-03 14:00:36,150,228,145,105,58,0.905,0.871,PP,S1,0.940,landmark,,UNMUTE,0,,1,51324,3ch,60,brightness,1.9,,homography,0.999,-0.04,7.9
2026-02-03 14:00:36,150,228,145,105,58,0.905,0.871,PP,S1,0.940,landmark,,UNMUTE,0,,1,54938,3ch,60,brightness,1.2,,homography,0.999,-0.04,7.9
2026-02-03 14:00:37,150,228,145,105,58,0.905,0.871,PP,S1,0.940,landmark,,UNMUTE,0,,1,57436,3ch,61,brightness,1.2,,homography,0.999,-0.04,7.9
2026-02-03 14:00:37,150,228,145,105,58,0.905,0.871,PP,S1,0.940,landmark,,UNMUTE,0,,1,59035,3ch,61,brightness,1.4,,homography,0.999,-0.04,7.9
2026-02-03 14:00:37,150,228,145,105,58,0.905,0.871,PP,S1,0.940,landmark,,UNMUTE,0,,1,60121,3ch,61,brightness,1.9,,homography,0.999,-0.04,7.9
2026-02-03 14:00:37,150,228,145,105,58,0.905,0.871,PP,S1,0.940,landmark,,UNMUTE,0,,1,60058,3ch,61,brightness,3.5,,homography,0.999,-0.04,7.9
2026-02-03 14:00:37,150,228,145,105,58,0.905,0.871,PP,S1,0.940,landmark,,UNMUTE,0,,1,60530,3ch,61,brightness,3.9,,homography,0.999,-0.04,7.9
2026-02-03 14:00:37,150,228,145,105,58,0.905,0.871,PP,S1,0.940,landmark,,UNMUTE,0,,1,61236,3ch,63,brightness,2.4,,homography,0.999,-0.04,7.9
2026-02-03 14:00:37,150,228,145,105,58,0.905,0.871,PP,S1,0.940,landmark,,UNMUTE,0,,1,62569,3ch,63,brightness,2.2,,homography,0.999,-0.04,7.9
2026-02-03 14:00:37,150,228,145,105,58,0.905,0.871,PP,S1,0.940,landmark,,UNMUTE,0,,1,64873,3ch,63,brightness,2.2,,homography,0.999,-0.04,7.9
2026-02-03 14:00:37,150,228,145,105,58,0.905,0.871,PP,S1,0.940,landmark,,UNMUTE,0,,1,66040,3ch,65,brightness,1.3,,homography,0.999,-0.04,7.9
2026-02-03 14:00:37,150,228,145,105,58,0.905,0.871,PP,S1,0.940,landmark,,UNMUTE,0,,1,66179,3ch,65,brightness,1.2,,homography,0.999,-0.04,7.9
2026-02-03 14:00:37,150,228,145,105,58,0.905,0.871,PP,S1,0.940,landmark,,UNMUTE,0,,1,66378,3ch,65,brightness,1.5,,homography,0.999,-0.04,7.9
2026-02-03 14:00:37,150,228,145,105,58,0.905,0.871,PP,S1,0.940,landmark,,UNMUTE,0,,1,67407,3ch,65,brightness,2.0,,homography,0.999,-0.04,7.9
2026-02-03 14:00:37,150,228,145,105,58,0.905,0.871,PP,S1,0.940,landmark,,UNMUTE,0,,1,67710,3ch,65,brightness,2.8,,homography,0.999,-0.04,7.9
2026-02-03 14:00:37,150,228,145,105,58,0.905,0.871,PP,S1,0.940,landmark,,UNMUTE,0,,1,68974,3ch,65,brightness,2.8,,homography,0.999,-0.04,7.9
2026-02-03 14:00:37,150,228,145,105,58,0.905,0.871,PP,S1,0.940,landmark,,UNMUTE,0,,1,68988,3ch,65,brightness,4.0,,homography,0.999,-0.04,7.9
2026-02-03 14:00:38,150,228,145,105,58,0.905,0.871,PP,S1,0.940,landmark,,UNMUTE,0,,1,69287,3ch,65,brightness,1.9,,homography,0.999,-0.04,7.9
2026-02-03 14:00:38,150,228,145,105,58,0.905,0.871,PP,S1,0.940,landmark,,UNMUTE,0,,1,68996,3ch,65,brightness,2.5,,homography,0.999,-0.04,7.9
2026-02-03 14:00:38,150,228,145,105,58,0.905,0.871,PP,S1,0.940,landmark,,UNMUTE,0,,1,68154,3ch,67,brightness,1.5,,homography,0.999,-0.04,7.9
2026-02-03 14:00:38,150,228,145,105,58,0.905,0.871,PP,S1,0.940,landmark,,UNMUTE,0,,1,68670,3ch,67,brightness,1.3,,homography,0.999,-0.04,7.9
2026-02-03 14:00:38,150,228,145,105,58,0.905,0.871,PP,S1,0.940,landmark,,UNMUTE,0,,1,69920,3ch,67,brightness,1.5,,homography,0.999,-0.04,7.9
2026-02-03 14:00:38,150,228,145,105,58,0.905,0.871,PP,S1,0.940,landmark,,UNMUTE,0,,1,70449,3ch,67,brightness,2.1,,homography,0.999,-0.04,7.9
2026-02-03 14:00:38,150,228,145,105,58,0.905,0.871,PP,S1,0.940,landmark,,UNMUTE,0,,1,70141,3ch,67,brightness,2.8,,homography,0.999,-0.04,7.9
2026-02-03 14:00:38,150,228,145,105,58,0.905,0.871,PP,S1,0.940,landmark,,UNMUTE,0,,1,69930,3ch,67,brightness,5.2,,homography,0.999,-0.04,7.9
2026-02-03 14:00:38,150,228,145,105,58,0.905,0.871,PP,S1,0.940,landmark,,UNMUTE,0,,1,69461,3ch,68,brightness,3.7,,homography,0.999,-0.04,7.9
2026-02-03 14:00:38,150,228,145,105,58,0.905,0.871,PP,S1,0.940,landmark,,UNMUTE,0,,1,70369,3ch,68,brightness,1.7,,homography,0.999,-0.04,7.9
2026-02-03 14:00:38,150,228,145,105,58,0.905,0.871,PP,S1,0.940,landmark,,UNMUTE,0,,1,71103,3ch,68,brightness,2.5,,homography,0.999,-0.04,7.9
2026-02-03 14:00:38,150,228,145,105,58,0.905,0.871,PP,S1,0.940,landmark,,UNMUTE,0,,1,71142,3ch,68,brightness,1.3,,homography,0.999,-0.04,7.9
2026-02-03 14:00:38,150,228,145,105,58,0.905,0.871,PP,S1,0.940,landmark,,UNMUTE,0,,1,40598,3ch,62,brightness,1.3,,homography,0.999,-0.04,7.9
2026-02-03 14:00:38,150,228,145,105,58,0.905,0.871,PP,S1,0.940,landmark,,UNMUTE,0,,1,50321,3ch,62,brightness,1.6,,homography,0.999,-0.04,7.9
2026-02-03 14:00:38,150,228,145,105,58,0.905,0.871,PP,S1,0.940,landmark,,UNMUTE,0,,1,54021,3ch,62,brightness,2.8,,homography,0.999,-0.04,7.9
2026-02-03 14:00:39,150,228,145,105,58,0.905,0.871,PP,S1,0.940,landmark,,UNMUTE,0,,1,55966,3ch,63,brightness,2.6,,homography,0.999,-0.04,7.9
2026-02-03 14:00:39,150,228,145,105,58,0.905,0.871,PP,S1,0.940,landmark,,UNMUTE,0,,1,58782,3ch,63,brightness,5.4,,homography,0.999,-0.04,7.9
2026-02-03 14:00:39,150,228,145,105,58,0.905,0.871,PP,S1,0.940,landmark,,UNMUTE,0,,1,62170,3ch,63,brightness,3.3,,homography,0.999,-0.04,7.9
2026-02-03 14:00:39,150,228,145,105,58,0.905,0.871,PP,S1,0.940,landmark,,UNMUTE,0,,1,62515,3ch,66,brightness,1.7,,homography,0.999,-0.04,7.9
2026-02-03 14:00:39,150,228,145,105,58,0.905,0.871,PP,S1,0.940,landmark,,UNMUTE,0,,1,62756,3ch,66,brightness,2.1,,homography,0.999,-0.04,7.9
2026-02-03 14:00:39,150,228,145,105,58,0.905,0.871,PP,S1,0.940,landmark,,UNMUTE,0,,1,63470,3ch,66,brightness,2.1,,homography,0.999,-0.04,7.9
2026-02-03 14:00:39,150,228,145,105,58,0.905,0.871,PP,S1,0.940,landmark,,UNMUTE,0,,1,64369,3ch,66,brightness,1.4,,homography,0.999,-0.04,7.9
2026-02-03 14:00:39,150,228,145,105,58,0.905,0.871,PP,S1,0.940,landmark,,UNMUTE,0,,1,65145,3ch,66,brightness,1.7,,homography,0.999,-0.04,7.9
2026-02-03 14:00:39,150,228,145,105,58,0.905,0.871,PP,S1,0.940,landmark,,UNMUTE,0,,1,65479,3ch,67,brightness,2.1,,homography,0.999,-0.04,7.9
2026-02-03 14:00:39,150,228,145,105,58,0.905,0.871,PP,S1,0.940,landmark,,UNMUTE,0,,1,65514,3ch,66,brightness,2.8,,homography,0.999,-0.04,7.9
2026-02-03 14:00:39,150,228,145,105,58,0.905,0.871,PP,S1,0.940,landmark,,UNMUTE,0,,1,65780,3ch,66,brightness,3.0,,homography,0.999,-0.04,7.9
2026-02-03 14:00:39,150,228,145,105,58,0.905,0.871,PP,S1,0.940,landmark,,UNMUTE,0,,1,66443,3ch,66,brightness,1.8,,homography,0.999,-0.04,7.9
2026-02-03 14:00:39,150,228,145,105,58,0.905,0.871,PP,S1,0.940,landmark,,UNMUTE,0,,1,66056,3ch,66,brightness,1.4,,homography,0.999,-0.04,7.9
2026-02-03 14:00:39,150,228,145,105,58,0.905,0.871,PP,S1,0.940,landmark,,UNMUTE,0,,1,67140,3ch,66,brightness,2.1,,homography,0.999,-0.04,7.9
2026-02-03 14:00:39,150,228,145,105,58,0.905,0.871,PP,S1,0.940,landmark,,UNMUTE,0,,1,67622,3ch,66,brightness,2.2,,homography,0.999,-0.04,7.9
2026-02-03 14:00:40,150,228,145,105,58,0.905,0.871,PP,S1,0.940,landmark,,UNMUTE,0,,1,68599,3ch,66,brightness,1.5,,homography,0.999,-0.04,7.9
2026-02-03 14:00:40,150,228,145,105,58,0.905,0.871,PP,S1,0.940,landmark,,UNMUTE,0,,1,68046,3ch,66,brightness,1.5,,homography,0.999,-0.04,7.9
2026-02-03 14:00:40,150,228,145,105,58,0.905,0.871,PP,S1,0.940,landmark,,UNMUTE,0,,1,67648,3ch,66,brightness,2.1,,homography,0.999,-0.04,7.9
2026-02-03 14:00:40,150,228,145,105,58,0.905,0.871,PP,S1,0.940,landmark,,UNMUTE,0,,1,67924,3ch,65,brightness,2.4,,homography,0.999,-0.04,7.9
2026-02-03 14:00:40,150,228,145,105,58,0.905,0.871,PP,S1,0.940,landmark,,UNMUTE,0,,1,68776,3ch,66,brightness,3.5,,homography,0.999,-0.04,7.9
2026-02-03 14:00:40,150,228,145,105,58,0.905,0.871,PP,S1,0.940,landmark,,UNMUTE,0,,1,68537,3ch,66,brightness,4.2,,homography,0.999,-0.04,7.9
2026-02-03 14:00:40,150,228,145,105,58,0.905,0.871,PP,S1,0.940,landmark,,UNMUTE,0,,1,68269,3ch,66,brightness,2.2,,homography,0.999,-0.04,7.9
2026-02-03 14:00:40,150,228,145,105,58,0.905,0.871,PP,S1,0.940,landmark,,UNMUTE,0,,1,68363,3ch,66,brightness,2.0,,homography,0.999,-0.04,7.9
2026-02-03 14:00:40,150,228,145,105,58,0.905,0.871,PP,S1,0.940,landmark,,UNMUTE,0,,1,67947,3ch,66,brightness,2.8,,homography,0.999,-0.04,7.9
2026-02-03 14:00:40,150,228,145,105,58,0.905,0.871,PP,S1,0.940,landmark,,UNMUTE,0,,1,68080,3ch,66,brightness,1.2,,homography,0.999,-0.04,7.9
2026-02-03 14:00:40,150,228,145,105,58,0.905,0.871,PP,S1,0.940,landmark,,UNMUTE,0,,1,69190,3ch,66,brightness,1.4,,homography,0.999,-0.04,7.9
2026-02-03 14:00:40,150,228,145,105,58,0.905,0.871,PP,S1,0.940,landmark,,UNMUTE,0,,1,69626,3ch,66,brightness,1.9,,homography,0.999,-0.04,7.9
2026-02-03 14:00:40,150,228,145,105,58,0.905,0.871,PP,S1,0.940,landmark,,UNMUTE,0,,1,42476,3ch,60,brightness,2.3,,homography,0.999,-0.04,7.9
2026-02-03 14:00:40,150,228,145,105,58,0.905,0.871,PP,S1,0.940,landmark,,UNMUTE,0,,1,53837,3ch,61,brightness,3.1,,homography,0.999,-0.04,7.9
2026-02-03 14:00:40,150,228,145,105,58,0.905,0.871,PP,S1,0.940,landmark,,UNMUTE,0,,1,54524,3ch,61,brightness,2.8,,homography,0.999,-0.04,7.9
2026-02-03 14:00:41,150,228,145,105,58,0.905,0.871,PP,S1,0.940,landmark,,UNMUTE,0,,1,56383,3ch,61,brightness,2.2,,homography,0.999,-0.04,7.9
2026-02-03 14:00:41,150,228,145,105,58,0.905,0.871,PP,S1,0.940,landmark,,UNMUTE,0,,1,58380,3ch,63,brightness,2.2,,homography,0.999,-0.04,7.9
2026-02-03 14:00:41,150,228,145,105,58,0.905,0.871,PP,S1,0.940,landmark,,UNMUTE,0,,1,59279,3ch,63,brightness,2.9,,homography,0.999,-0.04,7.9
2026-02-03 14:00:41,150,228,145,105,58,0.905,0.871,PP,S1,0.940,landmark,,UNMUTE,0,,1,60730,3ch,63,brightness,1.3,,homography,0.999,-0.04,7.9
2026-02-03 14:00:41,150,228,145,105,58,0.905,0.871,PP,S1,0.940,landmark,,UNMUTE,0,,1,62521,3ch,63,brightness,1.3,,homography,0.999,-0.04,7.9
2026-02-03 14:00:41,150,228,145,105,58,0.905,0.871,PP,S1,0.940,landmark,,UNMUTE,0,,1,63539,3ch,66,brightness,1.8,,homography,0.999,-0.04,7.9
2026-02-03 14:00:41,150,228,145,105,58,0.905,0.871,PP,S1,0.940,landmark,,UNMUTE,0,,1,64349,3ch,66,brightness,2.9,,homography,0.999,-0.04,7.9
2026-02-03 14:00:41,150,228,145,105,58,0.905,0.871,PP,S1,0.940,landmark,,UNMUTE,0,,1,64698,3ch,67,brightness,3.5,,homography,0.999,-0.04,7.9
2026-02-03 14:00:41,150,228,145,105,58,0.905,0.871,PP,S1,0.940,landmark,,UNMUTE,0,,1,65363,3ch,65,brightness,5.2,,homography,0.999,-0.04,7.9
2026-02-03 14:00:41,150,228,145,105,58,0.905,0.871,PP,S1,0.940,landmark,,UNMUTE,0,,1,65240,3ch,65,brightness,2.8,,homography,0.999,-0.04,7.9
2026-02-03 14:00:41,150,228,145,105,58,0.905,0.871,PP,S1,0.940,landmark,,UNMUTE,0,,1,65891,3ch,67,brightness,2.0,,homography,0.999,-0.04,7.9
2026-02-03 14:00:41,150,228,145,105,58,0.905,0.871,PP,S1,0.940,landmark,,UNMUTE,0,,1,66910,3ch,67,brightness,2.5,,homography,0.999,-0.04,7.9
2026-02-03 14:00:41,150,228,145,105,58,0.905,0.871,PP,S1,0.940,landmark,,UNMUTE,0,,1,67535,3ch,67,brightness,1.4,,homography,0.999,-0.04,7.9
2026-02-03 14:00:41,150,228,145,105,58,0.905,0.871,PP,S1,0.940,landmark,,UNMUTE,0,,1,68554,3ch,67,brightness,1.3,,homography,0.999,-0.04,7.9
2026-02-03 14:00:41,150,228,145,105,58,0.905,0.871,PP,S1,0.940,landmark,,UNMUTE,0,,1,68657,3ch,67,brightness,1.8,,homography,0.999,-0.04,7.9
2026-02-03 14:00:42,150,228,145,105,58,0.905,0.871,PP,S1,0.940,landmark,,UNMUTE,0,,1,68634,3ch,65,brightness,1.9,,homography,0.999,-0.04,7.9
2026-02-03 14:00:42,150,228,145,105,58,0.905,0.871,PP,S1,0.940,landmark,,UNMUTE,0,,1,69093,3ch,65,brightness,2.8,,homography,0.999,-0.04,7.9
2026-02-03 14:00:42,150,228,145,105,58,0.905,0.871,PP,S1,0.940,landmark,,UNMUTE,0,,1,69546,3ch,65,brightness,4.3,,homography,0.999,-0.04,7.9
2026-02-03 14:00:42,150,228,145,105,58,0.905,0.871,PP,S1,0.940,landmark,,UNMUTE,0,,1,69589,3ch,65,brightness,3.1,,homography,0.999,-0.04,7.9
2026-02-03 14:00:42,150,228,145,105,58,0.905,0.871,PP,S1,0.940,landmark,,UNMUTE,0,,1,69023,3ch,65,brightness,1.6,,homography,0.999,-0.04,7.9
2026-02-03 14:00:42,150,228,145,105,58,0.905,0.871,PP,S1,0.940,landmark,,UNMUTE,0,,1,69397,3ch,67,brightness,2.8,,homography,0.999,-0.04,7.9
2026-02-03 14:00:42,150,228,145,105,58,0.905,0.871,PP,S1,0.940,landmark,,UNMUTE,0,,1,69970,3ch,65,brightness,1.5,,homography,0.999,-0.04,7.9
2026-02-03 14:00:42,150,228,145,105,58,0.905,0.871,PP,S1,0.940,landmark,,UNMUTE,0,,1,69985,3ch,65,brightness,1.3,,homography,0.999,-0.04,7.9
2026-02-03 14:00:42,150,228,145,105,58,0.905,0.871,PP,S1,0.940,landmark,,UNMUTE,0,,1,70048,3ch,65,brightness,1.6,,homography,0.999,-0.04,7.9
2026-02-03 14:00:42,150,228,145,105,58,0.905,0.871,PP,S1,0.940,landmark,,UNMUTE,0,,1,70276,3ch,65,brightness,2.1,,homography,0.999,-0.04,7.9
2026-02-03 14:00:42,150,228,145,105,58,0.905,0.871,PP,S1,0.940,landmark,,UNMUTE,0,,1,71129,3ch,65,brightness,2.4,,homography,0.999,-0.04,7.9
2026-02-03 14:00:42,150,228,145,105,58,0.905,0.871,PP,S1,0.940,landmark,,UNMUTE,0,,1,71298,3ch,65,brightness,2.5,,homography,0.999,-0.04,7.9
2026-02-03 14:00:42,150,228,145,105,58,0.905,0.871,PP,S1,0.940,landmark,,UNMUTE,0,,1,45054,3ch,61,brightness,2.8,,homography,0.999,-0.04,7.9
2026-02-03 14:00:42,150,228,145,105,58,0.905,0.871,PP,S1,0.940,landmark,,UNMUTE,0,,1,54001,3ch,61,brightness,1.7,,homography,0.999,-0.04,7.9
2026-02-03 14:00:42,150,228,145,105,58,0.905,0.871,PP,S1,0.940,landmark,,UNMUTE,0,,1,57689,3ch,61,brightness,2.1,,homography,0.999,-0.04,7.9
2026-02-03 14:00:43,150,228,145,105,58,0.905,0.871,PP,S1,0.940,landmark,,UNMUTE,0,,1,58051,3ch,62,brightness,1.5,,homography,0.999,-0.04,7.9
2026-02-03 14:00:43,150,228,145,105,58,0.905,0.871,PP,S1,0.940,landmark,,UNMUTE,0,,1,59145,3ch,62,brightness,1.3,,homography,0.999,-0.04,7.9
2026-02-03 14:00:43,150,228,145,105,58,0.905,0.871,PP,S1,0.940,landmark,,UNMUTE,0,,1,61017,3ch,62,brightness,1.7,,homography,0.999,-0.04,7.9
2026-02-03 14:00:43,150,228,145,105,58,0.905,0.871,PP,S1,0.940,landmark,,UNMUTE,0,,1,62216,3ch,62,brightness,2.0,,homography,0.999,-0.04,7.9
2026-02-03 14:00:43,150,228,145,105,58,0.905,0.871,PP,S1,0.940,landmark,,UNMUTE,0,,1,63155,3ch,62,brightness,3.4,,homography,0.999,-0.04,7.9
2026-02-03 14:00:43,150,228,145,105,58,0.905,0.871,PP,S1,0.940,landmark,,UNMUTE,0,,1,63904,3ch,65,brightness,6.0,,homography,0.999,-0.04,7.9
2026-02-03 14:00:43,150,228,145,105,58,0.905,0.871,PP,S1,0.940,landmark,,UNMUTE,0,,1,65004,3ch,68,brightness,4.2,,homography,0.999,-0.04,7.9
2026-02-03 14:00:43,150,228,145,105,58,0.905,0.871,PP,S1,0.940,landmark,,UNMUTE,0,,1,65962,3ch,68,brightness,2.3,,homography,0.999,-0.04,7.9
2026-02-03 14:00:43,150,228,145,105,58,0.905,0.871,PP,S1,0.940,landmark,,UNMUTE,0,,1,66214,3ch,68,brightness,1.8,,homography,0.999,-0.04,7.9
2026-02-03 14:00:43,150,228,145,105,58,0.905,0.871,PP,S1,0.940,landmark,,UNMUTE,0,,1,67075,3ch,68,brightness,1.6,,homography,0.999,-0.04,7.9
2026-02-03 14:00:43,150,228,145,105,58,0.905,0.871,PP,S1,0.940,landmark,,UNMUTE,0,,1,67990,3ch,68,brightness,1.5,,homography,0.999,-0.04,7.9
2026-02-03 14:00:43,150,228,145,105,58,0.905,0.871,PP,S1,0.940,landmark,,UNMUTE,0,,1,68175,3ch,68,brightness,1.6,,homography,0.999,-0.04,7.9
2026-02-03 14:00:43,150,228,145,105,58,0.905,0.871,PP,S1,0.940,landmark,,UNMUTE,0,,1,68519,3ch,68,brightness,2.1,,homography,0.999,-0.04,7.9
2026-02-03 14:00:43,150,228,145,105,58,0.905,0.871,PP,S1,0.940,landmark,,UNMUTE,0,,1,69167,3ch,68,brightness,2.4,,homography,0.999,-0.04,7.9
2026-02-03 14:00:43,150,228,145,105,58,0.905,0.871,PP,S1,0.940,landmark,,UNMUTE,0,,1,68818,3ch,68,brightness,2.5,,homography,0.999,-0.04,7.9
2026-02-03 14:00:44,150,228,145,105,58,0.905,0.871,PP,S1,0.940,landmark,,UNMUTE,0,,1,68894,3ch,66,brightness,2.8,,homography,0.999,-0.04,7.9
2026-02-03 14:00:44,150,228,145,105,58,0.905,0.871,PP,S1,0.940,landmark,,UNMUTE,0,,1,69398,3ch,66,brightness,1.5,,homography,0.999,-0.04,7.9
2026-02-03 14:00:44,150,228,145,105,58,0.905,0.871,PP,S1,0.940,landmark,,UNMUTE,0,,1,70175,3ch,66,brightness,2.2,,homography,0.999,-0.04,7.9
2026-02-03 14:00:44,150,228,145,105,58,0.905,0.871,PP,S1,0.940,landmark,,UNMUTE,0,,1,69743,3ch,66,brightness,1.5,,homography,0.999,-0.04,7.9
2026-02-03 14:00:44,150,228,145,105,58,0.905,0.871,PP,S1,0.940,landmark,,UNMUTE,0,,1,69784,3ch,68,brightness,1.3,,homography,0.999,-0.04,7.9
2026-02-03 14:00:44,150,228,145,105,58,0.905,0.871,PP,S1,0.940,landmark,,UNMUTE,0,,1,70087,3ch,68,brightness,1.6,,homography,0.999,-0.04,7.9
2026-02-03 14:00:44,150,228,145,105,58,0.905,0.871,PP,S1,0.940,landmark,,UNMUTE,0,,1,70274,3ch,68,brightness,2.1,,homography,0.999,-0.04,7.9
2026-02-03 14:00:44,150,228,145,105,58,0.905,0.871,PP,S1,0.940,landmark,,UNMUTE,0,,1,70695,3ch,68,brightness,3.0,,homography,0.999,-0.04,7.9
2026-02-03 14:00:44,150,228,145,105,58,0.905,0.871,PP,S1,0.940,landmark,,UNMUTE,0,,1,71069,3ch,68,brightness,4.2,,homography,0.999,-0.04,7.9
2026-02-03 14:00:44,150,228,145,105,58,0.905,0.871,PP,S1,0.940,landmark,,UNMUTE,0,,1,71394,3ch,68,brightness,5.8,,homography,0.999,-0.04,7.9
2026-02-03 14:00:44,150,228,145,105,58,0.905,0.871,PP,S1,0.940,landmark,,UNMUTE,0,,1,71717,3ch,68,brightness,2.3,,homography,0.999,-0.04,7.9
2026-02-03 14:00:44,150,228,145,105,58,0.905,0.871,PP,S1,0.940,landmark,,UNMUTE,0,,1,72516,3ch,68,brightness,1.9,,homography,0.999,-0.04,7.9
2026-02-03 14:00:44,150,228,145,105,58,0.905,0.871,PP,S1,0.940,landmark,,UNMUTE,0,,1,48566,3ch,61,brightness,2.0,,homography,0.999,-0.04,7.9
2026-02-03 14:00:44,150,228,145,105,58,0.905,0.871,PP,S1,0.940,landmark,,UNMUTE,0,,1,53383,3ch,61,brightness,1.8,,homography,0.999,-0.04,7.9
2026-02-03 14:00:44,150,228,145,105,58,0.905,0.871,PP,S1,0.940,landmark,,UNMUTE,0,,1,54736,3ch,61,brightness,1.5,,homography,0.999,-0.04,7.9
2026-02-03 14:00:45,150,228,145,105,58,0.905,0.871,PP,S1,0.940,landmark,,UNMUTE,0,,1,58018,3ch,61,brightness,1.8,,homography,0.999,-0.04,7.9
2026-02-03 14:00:45,150,228,145,105,58,0.905,0.871,PP,S1,0.940,landmark,,UNMUTE,0,,1,60171,3ch,66,brightness,2.7,,homography,0.999,-0.04,7.9
2026-02-03 14:00:45,150,228,145,105,58,0.905,0.871,PP,S1,0.940,landmark,,UNMUTE,0,,1,60378,3ch,66,brightness,3.0,,homography,0.999,-0.04,7.9
2026-02-03 14:00:45,150,228,145,105,58,0.905,0.871,PP,S1,0.940,landmark,,UNMUTE,0,,1,61748,3ch,66,brightness,4.5,,homography,0.999,-0.04,7.9
2026-02-03 14:00:45,150,228,145,105,58,0.905,0.871,PP,S1,0.940,landmark,,UNMUTE,0,,1,62384,3ch,66,brightness,2.9,,homography,0.999,-0.04,7.9
2026-02-03 14:00:45,150,228,145,105,58,0.905,0.871,PP,S1,0.940,landmark,,UNMUTE,0,,1,63811,3ch,68,brightness,1.8,,homography,0.999,-0.04,7.9
2026-02-03 14:00:45,150,228,145,105,58,0.905,0.871,PP,S1,0.940,landmark,,UNMUTE,0,,1,65202,3ch,68,brightness,2.2,,homography,0.999,-0.04,7.9
2026-02-03 14:00:45,150,228,145,105,58,0.905,0.871,PP,S1,0.940,landmark,,UNMUTE,0,,1,66229,3ch,68,brightness,1.7,,homography,0.999,-0.04,7.9
2026-02-03 14:00:45,150,228,145,105,58,0.905,0.871,PP,S1,0.940,landmark,,UNMUTE,0,,1,66497,3ch,68,brightness,1.3,,homography,0.999,-0.04,7.9
2026-02-03 14:00:45,150,228,145,105,58,0.905,0.871,PP,S1,0.940,landmark,,UNMUTE,0,,1,66346,3ch,68,brightness,1.9,,homography,0.999,-0.04,7.9
2026-02-03 14:00:45,150,228,145,105,58,0.905,0.871,PP,S1,0.940,landmark,,UNMUTE,0,,1,66176,3ch,66,brightness,2.4,,homography,0.999,-0.04,7.9
2026-02-03 14:00:45,150,228,145,105,58,0.905,0.871,PP,S1,0.940,landmark,,UNMUTE,0,,1,66158,3ch,66,brightness,3.3,,homography,0.999,-0.04,7.9
2026-02-03 14:00:45,150,228,145,105,58,0.905,0.871,PP,S1,0.940,landmark,,UNMUTE,0,,1,66582,3ch,66,brightness,3.8,,homography,0.999,-0.04,7.9
2026-02-03 14:00:45,150,228,145,105,58,0.905,0.871,PP,S1,0.940,landmark,,UNMUTE,0,,1,67495,3ch,65,brightness,3.8,,homography,0.999,-0.04,7.9
2026-02-03 14:00:45,150,228,145,105,58,0.905,0.871,PP,S1,0.940,landmark,,UNMUTE,0,,1,67906,3ch,65,brightness,1.8,,homography,0.999,-0.04,7.9
2026-02-03 14:00:46,150,228,145,105,58,0.905,0.871,PP,S1,0.940,landmark,,UNMUTE,0,,1,68889,3ch,65,brightness,1.9,,homography,0.999,-0.04,7.9
2026-02-03 14:00:46,150,228,145,105,58,0.905,0.871,PP,S1,0.940,landmark,,UNMUTE,0,,1,68105,3ch,65,brightness,3.5,,homography,0.999,-0.04,7.9
2026-02-03 14:00:46,150,228,145,105,58,0.905,0.871,PP,S1,0.940,landmark,,UNMUTE,0,,1,68692,3ch,65,brightness,1.2,,homography,0.999,-0.04,7.9
2026-02-03 14:00:46,150,228,145,105,58,0.905,0.871,PP,S1,0.940,landmark,,UNMUTE,0,,1,68892,3ch,65,brightness,1.7,,homography,0.999,-0.04,7.9
2026-02-03 14:00:46,150,228,145,105,58,0.905,0.871,PP,S1,0.940,landmark,,UNMUTE,0,,1,68692,3ch,65,brightness,2.4,,homography,0.999,-0.04,7.9
2026-02-03 14:00:46,150,228,145,105,58,0.905,0.871,PP,S1,0.940,landmark,,UNMUTE,0,,1,69389,3ch,65,brightness,3.1,,homography,0.999,-0.04,7.9
2026-02-03 14:00:46,150,228,145,105,58,0.905,0.871,PP,S1,0.940,landmark,,UNMUTE,0,,1,70140,3ch,65,brightness,3.2,,homography,0.999,-0.04,7.9
2026-02-03 14:00:46,150,228,145,105,58,0.905,0.871,PP,S1,0.940,landmark,,UNMUTE,0,,1,70034,3ch,65,brightness,2.9,,homography,0.999,-0.04,7.9
2026-02-03 14:00:46,150,228,145,105,58,0.905,0.871,PP,S1,0.940,landmark,,UNMUTE,0,,1,70100,3ch,65,brightness,1.9,,homography,0.999,-0.04,7.9
2026-02-03 14:00:46,150,228,145,105,58,0.905,0.871,PP,S1,0.940,landmark,,UNMUTE,0,,1,69531,3ch,68,brightness,2.5,,homography,0.999,-0.04,7.9
2026-02-03 14:00:46,150,228,145,105,58,0.905,0.871,PP,S1,0.940,landmark,,UNMUTE,0,,1,69295,3ch,68,brightness,1.4,,homography,0.999,-0.04,7.9
2026-02-03 14:00:46,150,228,145,105,58,0.905,0.871,PP,S1,0.940,landmark,,UNMUTE,0,,1,69146,3ch,65,brightness,1.3,,homography,0.999,-0.04,7.9
2026-02-03 14:00:46,150,228,145,105,58,0.905,0.871,PP,S1,0.940,landmark,,UNMUTE,0,,1,42712,3ch,63,brightness,1.6,,homography,0.999,-0.04,7.9
2026-02-03 14:00:46,150,228,145,105,58,0.905,0.871,PP,S1,0.940,landmark,,UNMUTE,0,,1,49805,3ch,63,brightness,2.0,,homography,0.999,-0.04,7.9
2026-02-03 14:00:47,150,228,145,105,58,0.905,0.871,PP,S1,0.940,landmark,,UNMUTE,0,,1,52177,3ch,63,brightness,5.1,,homography,0.999,-0.04,7.9
2026-02-03 14:00:47,150,228,145,105,58,0.905,0.871,PP,S1,0.940,landmark,,UNMUTE,0,,1,53553,3ch,63,brightness,4.5,,homography,0.999,-0.04,7.9
2026-02-03 14:00:47,150,228,145,105,58,0.905,0.871,PP,S1,0.940,landmark,,UNMUTE,0,,1,54888,3ch,63,brightness,5.7,,homography,0.999,-0.04,7.9
2026-02-03 14:00:47,150,228,145,105,58,0.905,0.871,PP,S1,0.940,landmark,,UNMUTE,0,,1,55687,3ch,65,brightness,1.7,,homography,0.999,-0.04,7.9
2026-02-03 14:00:47,150,228,145,105,58,0.905,0.871,PP,S1,0.940,landmark,,UNMUTE,0,,1,56962,3ch,65,brightness,2.3,,homography,0.999,-0.04,7.9
2026-02-03 14:00:47,150,228,145,105,58,0.905,0.871,PP,S1,0.940,landmark,,UNMUTE,0,,1,58983,3ch,65,brightness,1.7,,homography,0.999,-0.04,7.9
2026-02-03 14:00:47,150,228,145,105,58,0.905,0.871,PP,S1,0.940,landmark,,UNMUTE,0,,1,60550,3ch,65,brightness,1.4,,homography,0.999,-0.04,7.9
2026-02-03 14:00:47,150,228,145,105,58,0.905,0.871,PP,S1,0.940,landmark,,UNMUTE,0,,1,62547,3ch,68,brightness,1.7,,homography,0.999,-0.04,7.9
2026-02-03 14:00:47,150,228,145,105,58,0.905,0.871,PP,S1,0.940,landmark,,UNMUTE,0,,1,63750,3ch,68,brightness,2.0,,homography,0.999,-0.04,7.9
2026-02-03 14:00:47,150,228,145,105,58,0.905,0.871,PP,S1,0.940,landmark,,UNMUTE,0,,1,64718,3ch,68,brightness,2.7,,homography,0.999,-0.04,7.9
2026-02-03 14:00:47,150,228,145,105,58,0.905,0.871,PP,S1,0.940,landmark,,UNMUTE,0,,1,64409,3ch,68,brightness,5.4,,homography,0.999,-0.04,7.9
2026-02-03 14:00:47,150,228,145,105,58,0.905,0.871,PP,S1,0.940,landmark,,UNMUTE,0,,1,64784,3ch,68,brightness,5.3,,homography,0.999,-0.04,7.9
2026-02-03 14:00:47,150,228,145,105,58,0.905,0.871,PP,S1,0.940,landmark,,UNMUTE,0,,1,65629,3ch,68,brightness,1.7,,homography,0.999,-0.04,7.9
2026-02-03 14:00:47,150,228,145,105,58,0.905,0.871,PP,S1,0.940,landmark,,UNMUTE,0,,1,65456,3ch,68,brightness,2.1,,homography,0.999,-0.04,7.9
2026-02-03 14:00:47,150,228,145,105,58,0.905,0.871,PP,S1,0.940,landmark,,UNMUTE,0,,1,65162,3ch,67,brightness,2.1,,homography,0.999,-0.04,7.9
2026-02-03 14:00:47,150,228,145,105,58,0.905,0.871,PP,S1,0.940,landmark,,UNMUTE,0,,1,66388,3ch,67,brightness,1.2,,homography,0.999,-0.04,7.9
2026-02-03 14:00:48,150,228,145,105,58,0.905,0.871,PP,S1,0.940,landmark,,UNMUTE,0,,1,66338,3ch,67,brightness,1.5,,homography,0.999,-0.04,7.9
2026-02-03 14:00:48,150,228,145,105,58,0.905,0.871,PP,S1,0.940,landmark,,UNMUTE,0,,1,67145,3ch,67,brightness,2.2,,homography,0.999,-0.04,7.9
2026-02-03 14:00:48,150,228,145,105,58,0.905,0.871,PP,S1,0.940,landmark,,UNMUTE,0,,1,67257,3ch,67,brightness,3.4,,homography,0.999,-0.04,7.9
2026-02-03 14:00:48,150,228,145,105,58,0.905,0.871,PP,S1,0.940,landmark,,UNMUTE,0,,1,68373,3ch,67,brightness,4.3,,homography,0.999,-0.04,7.9
2026-02-03 14:00:48,150,228,145,105,58,0.905,0.871,PP,S1,0.940,landmark,,UNMUTE,0,,1,68149,3ch,67,brightness,3.1,,homography,0.999,-0.04,7.9
2026-02-03 14:00:48,150,228,145,105,58,0.905,0.871,PP,S1,0.940,landmark,,UNMUTE,0,,1,68869,3ch,67,brightness,2.3,,homography,0.999,-0.04,7.9
2026-02-03 14:00:48,150,228,145,105,58,0.905,0.871,PP,S1,0.940,landmark,,UNMUTE,0,,1,69183,3ch,67,brightness,2.1,,homography,0.999,-0.04,7.9
2026-02-03 14:00:48,150,228,145,105,58,0.905,0.871,PP,S1,0.940,landmark,,UNMUTE,0,,1,69565,3ch,67,brightness,2.8,,homography,0.999,-0.04,7.9
2026-02-03 14:00:48,150,228,145,105,58,0.905,0.871,PP,S1,0.940,landmark,,UNMUTE,0,,1,68632,3ch,67,brightness,1.2,,homography,0.999,-0.04,7.9
2026-02-03 14:00:48,150,228,145,105,58,0.905,0.871,PP,S1,0.940,landmark,,UNMUTE,0,,1,69441,3ch,67,brightness,1.3,,homography,0.999,-0.04,7.9
2026-02-03 14:00:48,150,228,145,105,58,0.905,0.871,PP,S1,0.940,landmark,,UNMUTE,0,,1,70505,3ch,67,brightness,1.9,,homography,0.999,-0.04,7.9
2026-02-03 14:00:48,150,228,145,105,58,0.905,0.871,PP,S1,0.940,landmark,,UNMUTE,0,,1,71071,3ch,67,brightness,2.4,,homography,0.999,-0.04,7.9
2026-02-03 14:00:48,150,228,145,105,58,0.905,0.871,PP,S1,0.940,landmark,,UNMUTE,0,,1,43312,3ch,65,brightness,4.0,,homography,0.999,-0.04,7.9
2026-02-03 14:00:48,150,228,145,105,58,0.905,0.871,PP,S1,0.940,landmark,,UNMUTE,0,,1,53411,3ch,65,brightness,5.1,,homography,0.999,-0.04,7.9
2026-02-03 14:00:48,150,228,145,105,58,0.905,0.871,PP,S1,0.940,landmark,,UNMUTE,0,,1,55307,3ch,65,brightness,2.5,,homography,0.999,-0.04,7.9
2026-02-03 14:00:49,150,228,145,105,58,0.905,0.871,PP,S1,0.940,landmark,,UNMUTE,0,,1,57449,3ch,65,brightness,1.8,,homography,0.999,-0.04,7.9
2026-02-03 14:00:49,150,228,145,105,58,0.905,0.871,PP,S1,0.940,landmark,,UNMUTE,0,,1,59492,3ch,65,brightness,2.9,,homography,0.999,-0.04,7.9
2026-02-03 14:00:49,150,228,145,105,58,0.905,0.871,PP,S1,0.940,landmark,,UNMUTE,0,,1,60751,3ch,65,brightness,1.2,,homography,0.999,-0.04,7.9
2026-02-03 14:00:49,150,228,145,105,58,0.905,0.871,PP,S1,0.940,landmark,,UNMUTE,0,,1,61383,3ch,65,brightness,1.4,,homography,0.999,-0.04,7.9
2026-02-03 14:00:49,150,228,145,105,58,0.905,0.871,PP,S1,0.940,landmark,,UNMUTE,0,,1,62100,3ch,65,brightness,1.8,,homography,0.999,-0.04,7.9
2026-02-03 14:00:49,150,228,145,105,58,0.905,0.871,PP,S1,0.940,landmark,,UNMUTE,0,,1,62470,3ch,64,brightness,2.8,,homography,0.999,-0.04,7.9
2026-02-03 14:00:49,150,228,145,105,58,0.905,0.871,PP,S1,0.940,landmark,,UNMUTE,0,,1,63674,3ch,64,brightness,4.1,,homography,0.999,-0.04,7.9
2026-02-03 14:00:49,150,228,145,105,58,0.905,0.871,PP,S1,0.940,landmark,,UNMUTE,0,,1,65474,3ch,64,brightness,4.4,,homography,0.999,-0.04,7.9
2026-02-03 14:00:49,150,228,145,105,58,0.905,0.871,PP,S1,0.940,landmark,,UNMUTE,0,,1,65782,3ch,64,brightness,2.8,,homography,0.999,-0.04,7.9
2026-02-03 14:00:49,150,228,145,105,58,0.905,0.871,PP,S1,0.940,landmark,,UNMUTE,0,,1,66197,3ch,64,brightness,1.9,,homography,0.999,-0.04,7.9
2026-02-03 14:00:49,150,228,145,105,58,0.905,0.871,PP,S1,0.940,landmark,,UNMUTE,0,,1,66104,3ch,64,brightness,2.5,,homography,0.999,-0.04,7.9
2026-02-03 14:00:49,150,228,145,105,58,0.905,0.871,PP,S1,0.940,landmark,,UNMUTE,0,,1,66421,3ch,64,brightness,1.3,,homography,0.999,-0.04,7.9
2026-02-03 14:00:49,150,228,145,105,58,0.905,0.871,PP,S1,0.940,landmark,,UNMUTE,0,,1,66638,3ch,64,brightness,1.3,,homography,0.999,-0.04,7.9
2026-02-03 14:00:49,150,228,145,105,58,0.905,0.871,PP,S1,0.940,landmark,,UNMUTE,0,,1,67447,3ch,64,brightness,1.8,,homography,0.999,-0.04,7.9
2026-02-03 14:00:49,150,228,145,105,58,0.905,0.871,PP,S1,0.940,landmark,,UNMUTE,0,,1,68516,3ch,64,brightness,2.3,,homography,0.999,-0.04,7.9
2026-02-03 14:00:50,150,228,145,105,58,0.905,0.871,PP,S1,0.940,landmark,,UNMUTE,0,,1,69317,3ch,64,brightness,4.0,,homography,0.999,-0.04,7.9
2026-02-03 14:00:50,150,228,145,105,58,0.905,0.871,PP,S1,0.940,landmark,,UNMUTE,0,,1,70358,3ch,64,brightness,2.8,,homography,0.999,-0.04,7.9
2026-02-03 14:00:50,150,228,145,105,58,0.905,0.871,PP,S1,0.940,landmark,,UNMUTE,0,,1,69777,3ch,64,brightness,2.9,,homography,0.999,-0.04,7.9
2026-02-03 14:00:50,150,228,145,105,58,0.905,0.871,PP,S1,0.940,landmark,,UNMUTE,0,,1,70676,3ch,64,brightness,2.0,,homography,0.999,-0.04,7.9
2026-02-03 14:00:50,150,228,145,105,58,0.905,0.871,PP,S1,0.940,landmark,,UNMUTE,0,,1,69843,3ch,64,brightness,3.3,,homography,0.999,-0.04,7.9
2026-02-03 14:00:50,150,228,145,105,58,0.905,0.871,PP,S1,0.940,landmark,,UNMUTE,0,,1,70237,3ch,64,brightness,1.5,,homography,0.999,-0.04,7.9
2026-02-03 14:00:50,150,228,145,105,58,0.905,0.871,PP,S1,0.940,landmark,,UNMUTE,0,,1,69484,3ch,67,brightness,1.5,,homography,0.999,-0.04,7.9
2026-02-03 14:00:50,150,228,145,105,58,0.905,0.871,PP,S1,0.940,landmark,,UNMUTE,0,,1,70513,3ch,67,brightness,1.9,,homography,0.999,-0.04,7.9
2026-02-03 14:00:50,150,228,145,105,58,0.905,0.871,PP,S1,0.940,landmark,,UNMUTE,0,,1,70491,3ch,67,brightness,2.4,,homography,0.999,-0.04,7.9
2026-02-03 14:00:50,150,228,145,105,58,0.905,0.871,PP,S1,0.940,landmark,,UNMUTE,0,,1,71130,3ch,67,brightness,3.5,,homography,0.999,-0.04,7.9
2026-02-03 14:00:50,150,228,145,105,58,0.905,0.871,PP,S1,0.940,landmark,,UNMUTE,0,,1,71449,3ch,67,brightness,5.5,,homography,0.999,-0.04,7.9
2026-02-03 14:00:50,150,228,145,105,58,0.905,0.871,PP,S1,0.940,landmark,,UNMUTE,0,,1,70815,3ch,67,brightness,4.6,,homography,0.999,-0.04,7.9
2026-02-03 14:00:50,150,228,145,105,58,0.905,0.871,PP,S1,0.940,landmark,,UNMUTE,0,,1,43752,3ch,64,brightness,1.6,,homography,0.999,-0.04,7.9
2026-02-03 14:00:50,150,228,145,105,58,0.905,0.871,PP,S1,0.940,landmark,,UNMUTE,0,,1,52076,3ch,64,brightness,2.3,,homography,0.999,-0.04,7.9
2026-02-03 14:00:50,150,228,145,105,58,0.905,0.871,PP,S1,0.940,landmark,,UNMUTE,0,,1,53480,3ch,64,brightness,1.8,,homography,0.999,-0.04,7.9
2026-02-03 14:00:51,150,228,145,105,58,0.905,0.871,PP,S1,0.940,landmark,,UNMUTE,0,,1,56728,3ch,64,brightness,1.3,,homography,0.999,-0.04,7.9
2026-02-03 14:00:51,150,228,145,105,58,0.905,0.871,PP,S1,0.940,landmark,,UNMUTE,0,,1,58169,3ch,64,brightness,1.7,,homography,0.999,-0.04,7.9
2026-02-03 14:00:51,150,228,145,105,58,0.905,0.871,PP,S1,0.940,landmark,,UNMUTE,0,,1,58918,3ch,64,brightness,2.3,,homography,0.999,-0.04,7.9
2026-02-03 14:00:51,150,228,145,105,58,0.905,0.871,PP,S1,0.940,landmark,,UNMUTE,0,,1,60631,3ch,64,brightness,3.5,,homography,0.999,-0.04,7.9
2026-02-03 14:00:51,150,228,145,105,58,0.905,0.871,PP,S1,0.940,landmark,,UNMUTE,0,,1,62037,3ch,65,brightness,1.8,,homography,0.999,-0.04,7.9
2026-02-03 14:00:51,150,228,145,105,58,0.905,0.871,PP,S1,0.940,landmark,,UNMUTE,0,,1,64481,3ch,65,brightness,1.3,,homography,0.999,-0.04,7.9
2026-02-03 14:00:51,150,228,145,105,58,0.905,0.871,PP,S1,0.940,landmark,,UNMUTE,0,,1,65666,3ch,67,brightness,1.3,,homography,0.999,-0.04,7.9
2026-02-03 14:00:51,150,228,145,105,58,0.905,0.871,PP,S1,0.940,landmark,,UNMUTE,0,,1,65301,3ch,67,brightness,1.6,,homography,0.999,-0.04,7.9
2026-02-03 14:00:51,150,228,145,105,58,0.905,0.871,PP,S1,0.940,landmark,,UNMUTE,0,,1,67043,3ch,67,brightness,1.7,,homography,0.999,-0.04,7.9
2026-02-03 14:00:51,150,228,145,105,58,0.905,0.871,PP,S1,0.940,landmark,,UNMUTE,0,,1,67582,3ch,67,brightness,1.4,,homography,0.999,-0.04,7.9
2026-02-03 14:00:51,150,228,145,105,58,0.905,0.871,PP,S1,0.940,landmark,,UNMUTE,0,,1,66925,3ch,67,brightness,1.4,,homography,0.999,-0.04,7.9
2026-02-03 14:00:51,150,228,145,105,58,0.905,0.871,PP,S1,0.940,landmark,,UNMUTE,0,,1,67925,3ch,67,brightness,1.7,,homography,0.999,-0.04,7.9
2026-02-03 14:00:51,150,228,145,105,58,0.905,0.871,PP,S1,0.940,landmark,,UNMUTE,0,,1,68062,3ch,67,brightness,2.1,,homography,0.999,-0.04,7.9
2026-02-03 14:00:51,150,228,145,105,58,0.905,0.871,PP,S1,0.940,landmark,,UNMUTE,0,,1,68773,3ch,67,brightness,2.8,,homography,0.999,-0.04,7.9
2026-02-03 14:00:51,150,228,145,105,58,0.905,0.871,PP,S1,0.940,landmark,,UNMUTE,0,,1,68950,3ch,67,brightness,3.1,,homography,0.999,-0.04,7.9
2026-02-03 14:00:52,150,228,145,105,58,0.905,0.871,PP,S1,0.940,landmark,,UNMUTE,0,,1,68334,3ch,67,brightness,1.7,,homography,0.999,-0.04,7.9
2026-02-03 14:00:52,150,228,145,105,58,0.905,0.871,PP,S1,0.940,landmark,,UNMUTE,0,,1,68484,3ch,69,brightness,1.9,,homography,0.999,-0.04,7.9
2026-02-03 14:00:52,150,228,145,105,58,0.905,0.871,PP,S1,0.940,landmark,,UNMUTE,0,,1,69206,3ch,69,brightness,1.3,,homography,0.999,-0.04,7.9
2026-02-03 14:00:52,150,228,145,105,58,0.905,0.871,PP,S1,0.940,landmark,,UNMUTE,0,,1,69500,3ch,69,brightness,1.3,,homography,0.999,-0.04,7.9
2026-02-03 14:00:52,150,228,145,105,58,0.905,0.871,PP,S1,0.940,landmark,,UNMUTE,0,,1,69861,3ch,68,brightness,1.5,,homography,0.999,-0.04,7.9
2026-02-03 14:00:52,150,228,145,105,58,0.905,0.871,PP,S1,0.940,landmark,,UNMUTE,0,,1,69663,3ch,68,brightness,1.8,,homography,0.999,-0.04,7.9
2026-02-03 14:00:52,150,228,145,105,58,0.905,0.871,PP,S1,0.940,landmark,,UNMUTE,0,,1,70119,3ch,69,brightness,2.1,,homography,0.999,-0.04,7.9
2026-02-03 14:00:52,150,228,145,105,58,0.905,0.871,PP,S1,0.940,landmark,,UNMUTE,0,,1,69983,3ch,67,brightness,2.9,,homography,0.999,-0.04,7.9
2026-02-03 14:00:52,150,228,145,105,58,0.905,0.871,PP,S1,0.940,landmark,,UNMUTE,0,,1,69988,3ch,67,brightness,2.5,,homography,0.999,-0.04,7.9
2026-02-03 14:00:52,150,228,145,105,58,0.905,0.871,PP,S1,0.940,landmark,,UNMUTE,0,,1,70838,3ch,67,brightness,1.3,,homography,0.999,-0.04,7.9
2026-02-03 14:00:52,150,228,145,105,58,0.905,0.871,PP,S1,0.940,landmark,,UNMUTE,0,,1,71453,3ch,67,brightness,1.7,,homography,0.999,-0.04,7.9
2026-02-03 14:00:52,150,228,145,105,58,0.905,0.871,PP,S1,0.940,landmark,,UNMUTE,0,,1,71615,3ch,67,brightness,1.8,,homography,0.999,-0.04,7.9
2026-02-03 14:00:52,150,228,145,105,58,0.905,0.871,PP,S1,0.940,landmark,,UNMUTE,0,,1,41018,3ch,64,brightness,1.2,,homography,0.999,-0.04,7.9
2026-02-03 14:00:52,150,228,145,105,58,0.905,0.871,PP,S1,0.940,landmark,,UNMUTE,0,,1,48463,3ch,64,brightness,1.4,,homography,0.999,-0.04,7.9
2026-02-03 14:00:52,150,228,145,105,58,0.905,0.871,PP,S1,0.940,landmark,,UNMUTE,0,,1,52255,3ch,64,brightness,1.6,,homography,0.999,-0.04,7.9
2026-02-03 14:00:53,150,228,145,105,58,0.905,0.871,PP,S1,0.940,landmark,,UNMUTE,0,,1,55159,3ch,65,brightness,2.1,,homography,0.999,-0.04,7.9
2026-02-03 14:00:53,150,228,145,105,58,0.905,0.871,PP,S1,0.940,landmark,,UNMUTE,0,,1,58910,3ch,65,brightness,3.0,,homography,0.999,-0.04,7.9
2026-02-03 14:00:53,150,228,145,105,58,0.905,0.871,PP,S1,0.940,landmark,,UNMUTE,0,,1,59816,3ch,65,brightness,2.4,,homography,0.999,-0.04,7.9
2026-02-03 14:00:53,150,228,145,105,58,0.905,0.871,PP,S1,0.940,landmark,,UNMUTE,0,,1,60497,3ch,65,brightness,1.5,,homography,0.999,-0.04,7.9
2026-02-03 14:00:53,150,228,145,105,58,0.905,0.871,PP,S1,0.940,landmark,,UNMUTE,0,,1,60874,3ch,65,brightness,1.8,,homography,0.999,-0.04,7.9
2026-02-03 14:00:53,150,228,145,105,58,0.905,0.871,PP,S1,0.940,landmark,,UNMUTE,0,,1,61899,3ch,66,brightness,2.1,,homography,0.999,-0.04,7.9
2026-02-03 14:00:53,150,228,145,105,58,0.905,0.871,PP,S1,0.940,landmark,,UNMUTE,0,,1,62761,3ch,66,brightness,1.4,,homography,0.999,-0.04,7.9
2026-02-03 14:00:53,150,228,145,105,58,0.905,0.871,PP,S1,0.940,landmark,,UNMUTE,0,,1,63965,3ch,66,brightness,1.5,,homography,0.999,-0.04,7.9
2026-02-03 14:00:53,150,228,145,105,58,0.905,0.871,PP,S1,0.940,landmark,,UNMUTE,0,,1,64003,3ch,67,brightness,1.7,,homography,0.999,-0.04,7.9
2026-02-03 14:00:53,150,228,145,105,58,0.905,0.871,PP,S1,0.940,landmark,,UNMUTE,0,,1,64782,3ch,67,brightness,2.0,,homography,0.999,-0.04,7.9
2026-02-03 14:00:53,150,228,145,105,58,0.905,0.871,PP,S1,0.940,landmark,,UNMUTE,0,,1,65500,3ch,67,brightness,2.5,,homography,0.999,-0.04,7.9
2026-02-03 14:00:53,150,228,145,105,58,0.905,0.871,PP,S1,0.940,landmark,,UNMUTE,0,,1,66286,3ch,67,brightness,1.2,,homography,0.999,-0.04,7.9
2026-02-03 14:00:53,150,228,145,105,58,0.905,0.871,PP,S1,0.940,landmark,,UNMUTE,0,,1,66840,3ch,67,brightness,1.2,,homography,0.999,-0.04,7.9
2026-02-03 14:00:53,150,228,145,105,58,0.905,0.871,PP,S1,0.940,landmark,,UNMUTE,0,,1,67363,3ch,67,brightness,1.4,,homography,0.999,-0.04,7.9
2026-02-03 14:00:53,150,228,145,105,58,0.905,0.871,PP,S1,0.940,landmark,,UNMUTE,0,,1,67140,3ch,67,brightness,1.7,,homography,0.999,-0.04,7.9
2026-02-03 14:00:54,150,228,145,105,58,0.905,0.871,PP,S1,0.940,landmark,,UNMUTE,0,,1,67662,3ch,67,brightness,1.3,,homography,0.999,-0.04,7.9
2026-02-03 14:00:54,150,228,145,105,58,0.905,0.871,PP,S1,0.940,landmark,,UNMUTE,0,,1,67636,3ch,67,brightness,1.3,,homography,0.999,-0.04,7.9
2026-02-03 14:00:54,150,228,145,105,58,0.905,0.871,PP,S1,0.940,landmark,,UNMUTE,0,,1,67544,3ch,67,brightness,1.4,,homography,0.999,-0.04,7.9
2026-02-03 14:00:54,150,228,145,105,58,0.905,0.871,PP,S1,0.940,landmark,,UNMUTE,0,,1,68392,3ch,67,brightness,1.7,,homography,0.999,-0.04,7.9
2026-02-03 14:00:54,150,228,145,105,58,0.905,0.871,PP,S1,0.940,landmark,,UNMUTE,0,,1,68318,3ch,67,brightness,2.0,,homography,0.999,-0.04,7.9
2026-02-03 14:00:54,150,228,145,105,58,0.905,0.871,PP,S1,0.940,landmark,,UNMUTE,0,,1,67872,3ch,67,brightness,1.9,,homography,0.999,-0.04,7.9
2026-02-03 14:00:54,150,228,145,105,58,0.905,0.871,PP,S1,0.940,landmark,,UNMUTE,0,,1,68066,3ch,68,brightness,1.6,,homography,0.999,-0.04,7.9
2026-02-03 14:00:54,150,228,145,105,58,0.905,0.871,PP,S1,0.940,landmark,,UNMUTE,0,,1,68724,3ch,67,brightness,1.4,,homography,0.999,-0.04,7.9
2026-02-03 14:00:54,150,228,145,105,58,0.905,0.871,PP,S1,0.940,landmark,,UNMUTE,0,,1,68802,3ch,67,brightness,1.6,,homography,0.999,-0.04,7.9
2026-02-03 14:00:54,150,228,145,105,58,0.905,0.871,PP,S1,0.940,landmark,,UNMUTE,0,,1,68565,3ch,67,brightness,1.2,,homography,0.999,-0.04,7.9
2026-02-03 14:00:54,150,228,145,105,58,0.905,0.871,PP,S1,0.940,landmark,,UNMUTE,0,,1,68951,3ch,67,brightness,1.2,,homography,0.999,-0.04,7.9
2026-02-03 14:00:54,150,228,145,105,58,0.905,0.871,PP,S1,0.940,landmark,,UNMUTE,0,,1,69485,3ch,67,brightness,1.3,,homography,0.999,-0.04,7.9
2026-02-03 14:00:54,150,228,145,105,58,0.905,0.871,PP,S1,0.940,landmark,,UNMUTE,0,,1,44771,3ch,62,brightness,1.8,,homography,0.999,-0.04,7.9
2026-02-03 14:00:54,150,228,145,105,58,0.905,0.871,PP,S1,0.940,landmark,,UNMUTE,0,,1,53402,3ch,62,brightness,2.1,,homography,0.999,-0.04,7.9
2026-02-03 14:00:54,150,228,145,105,58,0.905,0.871,PP,S1,0.940,landmark,,UNMUTE,0,,1,56599,3ch,62,brightness,2.1,,homography,0.999,-0.04,7.9
2026-02-03 14:00:55,150,228,145,105,58,0.905,0.871,PP,S1,0.940,landmark,,UNMUTE,0,,1,58713,3ch,62,brightness,1.1,,homography,0.999,-0.04,7.9
2026-02-03 14:00:55,150,228,145,105,58,0.905,0.871,PP,S1,0.940,landmark,,UNMUTE,0,,1,59222,3ch,62,brightness,1.2,,homography,0.999,-0.04,7.9
2026-02-03 14:00:55,150,228,145,105,58,0.905,0.871,PP,S1,0.940,landmark,,UNMUTE,0,,1,60831,3ch,62,brightness,1.5,,homography,0.999,-0.04,7.9
2026-02-03 14:00:55,150,228,145,105,58,0.905,0.871,PP,S1,0.940,landmark,,UNMUTE,0,,1,61778,3ch,64,brightness,1.3,,homography,0.999,-0.04,7.9
2026-02-03 14:00:55,150,228,145,105,58,0.905,0.871,PP,S1,0.940,landmark,,UNMUTE,0,,1,62659,3ch,64,brightness,1.3,,homography,0.999,-0.04,7.9
2026-02-03 14:00:55,150,228,145,105,58,0.905,0.871,PP,S1,0.940,landmark,,UNMUTE,0,,1,63857,3ch,66,brightness,1.4,,homography,0.999,-0.04,7.9
2026-02-03 14:00:55,150,228,145,105,58,0.905,0.871,PP,S1,0.940,landmark,,UNMUTE,0,,1,63764,3ch,67,brightness,1.5,,homography,0.999,-0.04,7.9
2026-02-03 14:00:55,150,228,145,105,58,0.905,0.871,PP,S1,0.940,landmark,,UNMUTE,0,,1,64557,3ch,67,brightness,1.7,,homography,0.999,-0.04,7.9
2026-02-03 14:00:55,150,228,145,105,58,0.905,0.871,PP,S1,0.940,landmark,,UNMUTE,0,,1,66770,3ch,67,brightness,1.3,,homography,0.999,-0.04,7.9
2026-02-03 14:00:55,150,228,145,105,58,0.905,0.871,PP,S1,0.940,landmark,,UNMUTE,0,,1,66984,3ch,67,brightness,1.2,,homography,0.999,-0.04,7.9
2026-02-03 14:00:55,150,228,145,105,58,0.905,0.871,PP,S1,0.940,landmark,,UNMUTE,0,,1,67164,3ch,67,brightness,1.3,,homography,0.999,-0.04,7.9
2026-02-03 14:00:55,150,228,145,105,58,0.905,0.871,PP,S1,0.940,landmark,,UNMUTE,0,,1,68119,3ch,67,brightness,1.4,,homography,0.999,-0.04,7.9
2026-02-03 14:00:55,150,228,145,105,58,0.905,0.871,PP,S1,0.940,landmark,,UNMUTE,0,,1,68007,3ch,67,brightness,1.4,,homography,0.999,-0.04,7.9
2026-02-03 14:00:55,150,228,145,105,58,0.905,0.871,PP,S1,0.940,landmark,,UNMUTE,0,,1,68414,3ch,69,brightness,1.3,,homography,0.999,-0.04,7.9
2026-02-03 14:00:55,150,228,145,105,58,0.905,0.871,PP,S1,0.940,landmark,,UNMUTE,0,,1,69146,3ch,69,brightness,1.3,,homography,0.999,-0.04,7.9
2026-02-03 14:00:56,150,228,145,105,58,0.905,0.871,PP,S1,0.940,landmark,,UNMUTE,0,,1,69259,3ch,69,brightness,1.9,,homography,0.999,-0.04,7.9
2026-02-03 14:00:56,150,228,145,105,58,0.905,0.871,PP,S1,0.940,landmark,,UNMUTE,0,,1,69810,3ch,69,brightness,1.9,,homography,0.999,-0.04,7.9
2026-02-03 14:00:56,150,228,145,105,58,0.905,0.871,PP,S1,0.940,landmark,,UNMUTE,0,,1,69685,3ch,69,brightness,2.1,,homography,0.999,-0.04,7.9
2026-02-03 14:00:56,150,228,145,105,58,0.905,0.871,PP,S1,0.940,landmark,,UNMUTE,0,,1,69365,3ch,69,brightness,1.7,,homography,0.999,-0.04,7.9
2026-02-03 14:00:56,150,228,145,105,58,0.905,0.871,PP,S1,0.940,landmark,,UNMUTE,0,,1,69476,3ch,69,brightness,1.8,,homography,0.999,-0.04,7.9
2026-02-03 14:00:56,150,228,145,105,58,0.905,0.871,PP,S1,0.940,landmark,,UNMUTE,0,,1,69784,3ch,69,brightness,1.8,,homography,0.999,-0.04,7.9
2026-02-03 14:00:56,150,228,145,105,58,0.905,0.871,PP,S1,0.940,landmark,,UNMUTE,0,,1,69046,3ch,67,brightness,1.3,,homography,0.999,-0.04,7.9
2026-02-03 14:00:56,150,228,145,105,58,0.905,0.871,PP,S1,0.940,landmark,,UNMUTE,0,,1,69259,3ch,67,brightness,1.3,,homography,0.999,-0.04,7.9
2026-02-03 14:00:56,150,228,145,105,58,0.905,0.871,PP,S1,0.940,landmark,,UNMUTE,0,,1,71123,3ch,67,brightness,1.5,,homography,0.999,-0.04,7.9
2026-02-03 14:00:56,150,228,145,105,58,0.905,0.871,PP,S1,0.940,landmark,,UNMUTE,0,,1,71198,3ch,67,brightness,1.5,,homography,0.999,-0.04,7.9
2026-02-03 14:00:56,150,228,145,105,58,0.905,0.871,PP,S1,0.940,landmark,,UNMUTE,0,,1,71669,3ch,67,brightness,1.9,,homography,0.999,-0.04,7.9
2026-02-03 14:00:56,150,228,145,105,58,0.905,0.871,PP,S1,0.940,landmark,,UNMUTE,0,,1,71323,3ch,68,brightness,2.2,,homography,0.999,-0.04,7.9
2026-02-03 14:00:56,150,228,145,105,58,0.905,0.871,PP,S1,0.940,landmark,,UNMUTE,0,,1,43345,3ch,61,brightness,2.4,,homography,0.999,-0.04,7.9
2026-02-03 14:00:56,150,228,145,105,58,0.905,0.871,PP,S1,0.940,landmark,,UNMUTE,0,,1,51648,3ch,61,brightness,1.5,,homography,0.999,-0.04,7.9
2026-02-03 14:00:56,150,228,145,105,58,0.905,0.871,PP,S1,0.940,landmark,,UNMUTE,0,,1,54089,3ch,63,brightness,1.6,,homography,0.999,-0.04,7.9
2026-02-03 14:00:57,150,228,145,105,58,0.905,0.871,PP,S1,0.940,landmark,,UNMUTE,0,,1,55301,3ch,63,brightness,1.6,,homography,0.999,-0.04,7.9
2026-02-03 14:00:57,150,228,145,105,58,0.905,0.871,PP,S1,0.940,landmark,,UNMUTE,0,,1,56363,3ch,63,brightness,1.5,,homography,0.999,-0.04,7.9
2026-02-03 14:00:57,150,228,145,105,58,0.905,0.871,PP,S1,0.940,landmark,,UNMUTE,0,,1,58501,3ch,63,brightness,1.3,,homography,0.999,-0.04,7.9
2026-02-03 14:00:57,150,228,145,105,58,0.905,0.871,PP,S1,0.940,landmark,,UNMUTE,0,,1,60112,3ch,63,brightness,1.7,,homography,0.999,-0.04,7.9
2026-02-03 14:00:57,150,228,145,105,58,0.905,0.871,PP,S1,0.940,landmark,,UNMUTE,0,,1,61998,3ch,63,brightness,2.1,,homography,0.999,-0.04,7.9
2026-02-03 14:00:57,150,228,145,105,58,0.905,0.871,PP,S1,0.940,landmark,,UNMUTE,0,,1,63177,3ch,64,brightness,2.8,,homography,0.999,-0.04,7.9
2026-02-03 14:00:57,150,228,145,105,58,0.905,0.871,PP,S1,0.940,landmark,,UNMUTE,0,,1,64665,3ch,64,brightness,2.5,,homography,0.999,-0.04,7.9
2026-02-03 14:00:57,150,228,145,105,58,0.905,0.871,PP,S1,0.940,landmark,,UNMUTE,0,,1,64726,3ch,64,brightness,1.4,,homography,0.999,-0.04,7.9
2026-02-03 14:00:57,150,228,145,105,58,0.905,0.871,PP,S1,0.940,landmark,,UNMUTE,0,,1,65195,3ch,66,brightness,1.7,,homography,0.999,-0.04,7.9
2026-02-03 14:00:57,150,228,145,105,58,0.905,0.871,PP,S1,0.940,landmark,,UNMUTE,0,,1,66252,3ch,66,brightness,2.1,,homography,0.999,-0.04,7.9
2026-02-03 14:00:57,150,228,145,105,58,0.905,0.871,PP,S1,0.940,landmark,,UNMUTE,0,,1,66136,3ch,66,brightness,1.5,,homography,0.999,-0.04,7.9
2026-02-03 14:00:57,150,228,145,105,58,0.905,0.871,PP,S1,0.940,landmark,,UNMUTE,0,,1,66388,3ch,68,brightness,1.4,,homography,0.999,-0.04,7.9
2026-02-03 14:00:57,150,228,145,105,58,0.905,0.871,PP,S1,0.940,landmark,,UNMUTE,0,,1,66571,3ch,68,brightness,1.7,,homography,0.999,-0.04,7.9
2026-02-03 14:00:57,150,228,145,105,58,0.905,0.871,PP,S1,0.940,landmark,,UNMUTE,0,,1,67882,3ch,67,brightness,1.9,,homography,0.999,-0.04,7.9
2026-02-03 14:00:57,150,228,145,105,58,0.905,0.871,PP,S1,0.940,landmark,,UNMUTE,0,,1,67749,3ch,67,brightness,2.5,,homography,0.999,-0.04,7.9
2026-02-03 14:00:58,150,228,145,105,58,0.905,0.871,PP,S1,0.940,landmark,,UNMUTE,0,,1,67805,3ch,67,brightness,2.5,,homography,0.999,-0.04,7.9
2026-02-03 14:00:58,150,228,145,105,58,0.905,0.871,PP,S1,0.940,landmark,,UNMUTE,0,,1,68729,3ch,67,brightness,2.4,,homography,0.999,-0.04,7.9
2026-02-03 14:00:58,150,228,145,105,58,0.905,0.871,PP,S1,0.940,landmark,,UNMUTE,0,,1,68563,3ch,68,brightness,1.7,,homography,0.999,-0.04,7.9
2026-02-03 14:00:58,150,228,145,105,58,0.905,0.871,PP,S1,0.940,landmark,,UNMUTE,0,,1,69174,3ch,68,brightness,1.8,,homography,0.999,-0.04,7.9
2026-02-03 14:00:58,150,228,145,105,58,0.905,0.871,PP,S1,0.940,landmark,,UNMUTE,0,,1,69228,3ch,68,brightness,1.5,,homography,0.999,-0.04,7.9
2026-02-03 14:00:58,150,228,145,105,58,0.905,0.871,PP,S1,0.940,landmark,,UNMUTE,0,,1,68386,3ch,68,brightness,1.2,,homography,0.999,-0.04,7.9
2026-02-03 14:00:58,150,228,145,105,58,0.905,0.871,PP,S1,0.940,landmark,,UNMUTE,0,,1,68225,3ch,68,brightness,1.6,,homography,0.999,-0.04,7.9
2026-02-03 14:00:58,150,228,145,105,58,0.905,0.871,PP,S1,0.940,landmark,,UNMUTE,0,,1,68092,3ch,68,brightness,1.9,,homography,0.999,-0.04,7.9
2026-02-03 14:00:58,150,228,145,105,58,0.905,0.871,PP,S1,0.940,landmark,,UNMUTE,0,,1,68166,3ch,68,brightness,2.4,,homography,0.999,-0.04,7.9
2026-02-03 14:00:58,150,228,145,105,58,0.905,0.871,PP,S1,0.940,landmark,,UNMUTE,0,,1,68421,3ch,68,brightness,2.2,,homography,0.999,-0.04,7.9
2026-02-03 14:00:58,150,228,145,105,58,0.905,0.871,PP,S1,0.940,landmark,,UNMUTE,0,,1,68687,3ch,68,brightness,2.4,,homography,0.999,-0.04,7.9
2026-02-03 14:00:58,150,228,145,105,58,0.905,0.871,PP,S1,0.940,landmark,,UNMUTE,0,,1,68681,3ch,67,brightness,1.6,,homography,0.999,-0.04,7.9
2026-02-03 14:00:58,150,228,145,105,58,0.905,0.871,PP,S1,0.940,landmark,,UNMUTE,0,,1,44176,3ch,61,brightness,1.4,,homography,0.999,-0.04,7.9
2026-02-03 14:00:58,150,228,145,105,58,0.905,0.871,PP,S1,0.940,landmark,,UNMUTE,0,,1,51095,3ch,62,brightness,1.2,,homography,0.999,-0.04,7.9
2026-02-03 14:00:58,150,228,145,105,58,0.905,0.871,PP,S1,0.940,landmark,,UNMUTE,0,,1,53333,3ch,62,brightness,1.2,,homography,0.999,-0.04,7.9
2026-02-03 14:00:59,150,228,145,105,58,0.905,0.871,PP,S1,0.940,landmark,,UNMUTE,0,,1,55957,3ch,62,brightness,1.5,,homography,0.999,-0.04,7.9
2026-02-03 14:00:59,150,228,145,105,58,0.905,0.871,PP,S1,0.940,landmark,,UNMUTE,0,,1,58142,3ch,63,brightness,1.9,,homography,0.999,-0.04,7.9
2026-02-03 14:00:59,150,228,145,105,58,0.905,0.871,PP,S1,0.940,landmark,,UNMUTE,0,,1,60530,3ch,63,brightness,1.7,,homography,0.999,-0.04,7.9
2026-02-03 14:00:59,150,228,145,105,58,0.905,0.871,PP,S1,0.940,landmark,,UNMUTE,0,,1,62222,3ch,65,brightness,1.9,,homography,0.999,-0.04,7.9
2026-02-03 14:00:59,150,228,145,105,58,0.905,0.871,PP,S1,0.940,landmark,,UNMUTE,0,,1,63652,3ch,65,brightness,1.7,,homography,0.999,-0.04,7.9
2026-02-03 14:00:59,150,228,145,105,58,0.905,0.871,PP,S1,0.940,landmark,,UNMUTE,0,,1,64327,3ch,65,brightness,1.5,,homography,0.999,-0.04,7.9
2026-02-03 14:00:59,150,228,145,105,58,0.905,0.871,PP,S1,0.940,landmark,,UNMUTE,0,,1,64818,3ch,65,brightness,1.7,,homography,0.999,-0.04,7.9
2026-02-03 14:00:59,150,228,145,105,58,0.905,0.871,PP,S1,0.940,landmark,,UNMUTE,0,,1,66477,3ch,65,brightness,1.3,,homography,0.999,-0.04,7.9
2026-02-03 14:00:59,150,228,145,105,58,0.905,0.871,PP,S1,0.940,landmark,,UNMUTE,0,,1,66634,3ch,65,brightness,1.4,,homography,0.999,-0.04,7.9
2026-02-03 14:00:59,150,228,145,105,58,0.905,0.871,PP,S1,0.940,landmark,,UNMUTE,0,,1,68087,3ch,66,brightness,1.3,,homography,0.999,-0.04,7.9
2026-02-03 14:00:59,150,228,145,105,58,0.905,0.871,PP,S1,0.940,landmark,,UNMUTE,0,,1,68209,3ch,66,brightness,1.7,,homography,0.999,-0.04,7.9
2026-02-03 14:00:59,150,228,145,105,58,0.905,0.871,PP,S1,0.940,landmark,,UNMUTE,0,,1,67312,3ch,66,brightness,1.9,,homography,0.999,-0.04,7.9
2026-02-03 14:00:59,150,228,145,105,58,0.905,0.871,PP,S1,0.940,landmark,,UNMUTE,0,,1,67366,3ch,67,brightness,2.0,,homography,0.999,-0.04,7.9
2026-02-03 14:00:59,150,228,145,105,58,0.905,0.871,PP,S1,0.940,landmark,,UNMUTE,0,,1,67982,3ch,66,brightness,2.0,,homography,0.999,-0.04,7.9
2026-02-03 14:00:59,150,228,145,105,58,0.905,0.871,PP,S1,0.940,landmark,,UNMUTE,0,,1,68912,3ch,66,brightness,1.4,,homography,0.999,-0.04,7.9
2026-02-03 14:01:00,150,228,145,105,58,0.905,0.871,PP,S1,0.940,landmark,,UNMUTE,0,,1,69538,3ch,67,brightness,1.3,,homography,0.999,-0.04,7.9
2026-02-03 14:01:00,150,228,145,105,58,0.905,0.871,PP,S1,0.940,landmark,,UNMUTE,0,,1,68980,3ch,69,brightness,1.2,,homography,0.999,-0.04,7.9
2026-02-03 14:01:00,150,228,145,105,58,0.905,0.871,PP,S1,0.940,landmark,,UNMUTE,0,,1,68904,3ch,67,brightness,1.3,,homography,0.999,-0.04,7.9
2026-02-03 14:01:00,150,228,145,105,58,0.905,0.871,PP,S1,0.940,landmark,,UNMUTE,0,,1,68573,3ch,67,brightness,1.3,,homography,0.999,-0.04,7.9
2026-02-03 14:01:00,150,228,145,105,58,0.905,0.871,PP,S1,0.940,landmark,,UNMUTE,0,,1,70776,3ch,67,brightness,1.6,,homography,0.999,-0.04,7.9
2026-02-03 14:01:00,150,228,145,105,58,0.905,0.871,PP,S1,0.940,landmark,,UNMUTE,0,,1,70857,3ch,67,brightness,2.2,,homography,0.999,-0.04,7.9
2026-02-03 14:01:00,150,228,145,105,58,0.905,0.871,PP,S1,0.940,landmark,,UNMUTE,0,,1,71227,3ch,67,brightness,2.3,,homography,0.999,-0.04,7.9
2026-02-03 14:01:00,150,228,145,105,58,0.905,0.871,PP,S1,0.940,landmark,,UNMUTE,0,,1,71063,3ch,67,brightness,2.2,,homography,0.999,-0.04,7.9
2026-02-03 14:01:00,150,228,145,105,58,0.905,0.871,PP,S1,0.940,landmark,,UNMUTE,0,,1,71049,3ch,67,brightness,1.6,,homography,0.999,-0.04,7.9
2026-02-03 14:01:00,150,228,145,105,58,0.905,0.871,PP,S1,0.940,landmark,,UNMUTE,0,,1,71264,3ch,67,brightness,1.7,,homography,0.999,-0.04,7.9
2026-02-03 14:01:00,150,228,145,105,58,0.905,0.871,PP,S1,0.940,landmark,,UNMUTE,0,,1,70748,3ch,67,brightness,1.2,,homography,0.999,-0.04,7.9
2026-02-03 14:01:00,150,228,145,105,58,0.905,0.871,PP,S1,0.940,landmark,,UNMUTE,0,,1,71359,3ch,67,brightness,1.5,,homography,0.999,-0.04,7.9
2026-02-03 14:01:00,150,228,145,105,58,0.905,0.871,PP,S1,0.940,landmark,,UNMUTE,0,,1,42739,3ch,62,brightness,1.3,,homography,0.999,-0.04,7.9
2026-02-03 14:01:00,150,228,145,105,58,0.905,0.871,PP,S1,0.940,landmark,,UNMUTE,0,,1,51128,3ch,62,brightness,1.6,,homography,0.999,-0.04,7.9
2026-02-03 14:01:01,150,228,145,105,58,0.905,0.871,PP,S1,0.940,landmark,,UNMUTE,0,,1,53933,3ch,65,brightness,2.0,,homography,0.999,-0.04,7.9
2026-02-03 14:01:01,150,228,145,105,58,0.905,0.871,PP,S1,0.940,landmark,,UNMUTE,0,,1,57122,3ch,65,brightness,1.9,,homography,0.999,-0.04,7.9
2026-02-03 14:01:01,150,228,145,105,58,0.905,0.871,PP,S1,0.940,landmark,,UNMUTE,0,,1,59046,3ch,65,brightness,1.3,,homography,0.999,-0.04,7.9
2026-02-03 14:01:01,150,228,145,105,58,0.905,0.871,PP,S1,0.940,landmark,,UNMUTE,0,,1,60180,3ch,65,brightness,1.2,,homography,0.999,-0.04,7.9
2026-02-03 14:01:01,150,228,145,105,58,0.905,0.871,PP,S1,0.940,landmark,,UNMUTE,0,,1,61001,3ch,65,brightness,2.7,,homography,0.999,-0.04,7.9
2026-02-03 14:01:01,150,228,145,105,58,0.905,0.871,PP,S1,0.940,landmark,,UNMUTE,0,,1,62541,3ch,65,brightness,1.3,,homography,0.999,-0.04,7.9
2026-02-03 14:01:01,150,228,145,105,58,0.905,0.871,PP,S1,0.940,landmark,,UNMUTE,0,,1,63428,3ch,65,brightness,2.4,,homography,0.999,-0.04,7.9
2026-02-03 14:01:01,150,228,145,105,58,0.905,0.871,PP,S1,0.940,landmark,,UNMUTE,0,,1,63927,3ch,65,brightness,1.3,,homography,0.999,-0.04,7.9
2026-02-03 14:01:01,150,228,145,105,58,0.905,0.871,PP,S1,0.940,landmark,,UNMUTE,0,,1,64493,3ch,65,brightness,2.8,,homography,0.999,-0.04,7.9
2026-02-03 14:01:01,150,228,145,105,58,0.905,0.871,PP,S1,0.940,landmark,,UNMUTE,0,,1,65428,3ch,65,brightness,2.8,,homography,0.999,-0.04,7.9
2026-02-03 14:01:01,150,228,145,105,58,0.905,0.871,PP,S1,0.940,landmark,,UNMUTE,0,,1,65445,3ch,65,brightness,2.5,,homography,0.999,-0.04,7.9
2026-02-03 14:01:01,150,228,145,105,58,0.905,0.871,PP,S1,0.940,landmark,,UNMUTE,0,,1,66253,3ch,65,brightness,2.6,,homography,0.999,-0.04,7.9
2026-02-03 14:01:01,150,228,145,105,58,0.905,0.871,PP,S1,0.940,landmark,,UNMUTE,0,,1,66955,3ch,65,brightness,1.5,,homography,0.999,-0.04,7.9
2026-02-03 14:01:01,150,228,145,105,58,0.905,0.871,PP,S1,0.940,landmark,,UNMUTE,0,,1,67163,3ch,65,brightness,1.6,,homography,0.999,-0.04,7.9
2026-02-03 14:01:01,150,228,145,105,58,0.905,0.871,PP,S1,0.940,landmark,,UNMUTE,0,,1,67755,3ch,65,brightness,1.2,,homography,0.999,-0.04,7.9
2026-02-03 14:01:01,150,228,145,105,58,0.905,0.871,PP,S1,0.940,landmark,,UNMUTE,0,,1,68642,3ch,65,brightness,1.3,,homography,0.999,-0.04,7.9
2026-02-03 14:01:02,150,228,145,105,58,0.905,0.871,PP,S1,0.940,landmark,,UNMUTE,0,,1,68528,3ch,65,brightness,1.3,,homography,0.999,-0.04,7.9
2026-02-03 14:01:02,150,228,145,105,58,0.905,0.871,PP,S1,0.940,landmark,,UNMUTE,0,,1,69007,3ch,65,brightness,1.5,,homography,0.999,-0.04,7.9
2026-02-03 14:01:02,150,228,145,105,58,0.905,0.871,PP,S1,0.940,landmark,,UNMUTE,0,,1,69296,3ch,66,brightness,2.1,,homography,0.999,-0.04,7.9
2026-02-03 14:01:02,150,228,145,105,58,0.905,0.871,PP,S1,0.940,landmark,,UNMUTE,0,,1,69313,3ch,66,brightness,2.5,,homography,0.999,-0.04,7.9
2026-02-03 14:01:02,150,228,145,105,58,0.905,0.871,PP,S1,0.940,landmark,,UNMUTE,0,,1,70164,3ch,66,brightness,1.9,,homography,0.999,-0.04,7.9
2026-02-03 14:01:02,150,228,145,105,58,0.905,0.871,PP,S1,0.940,landmark,,UNMUTE,0,,1,70821,3ch,66,brightness,1.2,,homography,0.999,-0.04,7.9
2026-02-03 14:01:02,150,228,145,105,58,0.905,0.871,PP,S1,0.940,landmark,,UNMUTE,0,,1,71270,3ch,66,brightness,1.2,,homography,0.999,-0.04,7.9
2026-02-03 14:01:02,150,228,145,105,58,0.905,0.871,PP,S1,0.940,landmark,,UNMUTE,0,,1,72693,3ch,66,brightness,1.2,,homography,0.999,-0.04,7.9
2026-02-03 14:01:02,150,228,145,105,58,0.905,0.871,PP,S1,0.940,landmark,,UNMUTE,0,,1,73399,3ch,66,brightness,1.5,,homography,0.999,-0.04,7.9
2026-02-03 14:01:02,150,228,145,105,58,0.905,0.871,PP,S1,0.940,landmark,,UNMUTE,0,,1,74116,3ch,66,brightness,1.4,,homography,0.999,-0.04,7.9
2026-02-03 14:01:02,150,228,145,105,58,0.905,0.871,PP,S1,0.940,landmark,,UNMUTE,0,,1,73923,3ch,66,brightness,1.4,,homography,0.999,-0.04,7.9
2026-02-03 14:01:02,150,228,145,105,58,0.905,0.871,PP,S1,0.940,landmark,,UNMUTE,0,,1,73586,3ch,66,brightness,1.6,,homography,0.999,-0.04,7.9
2026-02-03 14:01:02,150,228,145,105,58,0.905,0.871,PP,S1,0.940,landmark,,UNMUTE,0,,1,40753,3ch,62,brightness,1.9,,homography,0.999,-0.04,7.9
2026-02-03 14:01:02,150,228,145,105,58,0.905,0.871,PP,S1,0.940,landmark,,UNMUTE,0,,1,50786,3ch,62,brightness,1.8,,homography,0.999,-0.04,7.9
2026-02-03 14:01:02,150,228,145,105,58,0.905,0.871,PP,S1,0.940,landmark,,UNMUTE,0,,1,52700,3ch,64,brightness,1.4,,homography,0.999,-0.04,7.9
2026-02-03 14:01:03,150,228,145,105,58,0.905,0.871,PP,S1,0.940,landmark,,UNMUTE,0,,1,55768,3ch,65,brightness,1.5,,homography,0.999,-0.04,7.9
2026-02-03 14:01:03,150,228,145,105,58,0.905,0.871,PP,S1,0.940,landmark,,UNMUTE,0,,1,57700,3ch,65,brightness,1.4,,homography,0.999,-0.04,7.9
2026-02-03 14:01:03,150,228,145,105,58,0.905,0.871,PP,S1,0.940,landmark,,UNMUTE,0,,1,59109,3ch,65,brightness,1.4,,homography,0.999,-0.04,7.9
2026-02-03 14:01:03,150,228,145,105,58,0.905,0.871,PP,S1,0.940,landmark,,UNMUTE,0,,1,60199,3ch,65,brightness,1.4,,homography,0.999,-0.04,7.9
2026-02-03 14:01:03,150,228,145,105,58,0.905,0.871,PP,S1,0.940,landmark,,UNMUTE,0,,1,62242,3ch,65,brightness,1.4,,homography,0.999,-0.04,7.9
2026-02-03 14:01:03,150,228,145,105,58,0.905,0.871,PP,S1,0.940,landmark,,UNMUTE,0,,1,63310,3ch,66,brightness,1.9,,homography,0.999,-0.04,7.9
2026-02-03 14:01:03,150,228,145,105,58,0.905,0.871,PP,S1,0.940,landmark,,UNMUTE,0,,1,64472,3ch,66,brightness,2.5,,homography,0.999,-0.04,7.9
2026-02-03 14:01:03,150,228,145,105,58,0.905,0.871,PP,S1,0.940,landmark,,UNMUTE,0,,1,64470,3ch,66,brightness,2.3,,homography,0.999,-0.04,7.9
2026-02-03 14:01:03,150,228,145,105,58,0.905,0.871,PP,S1,0.940,landmark,,UNMUTE,0,,1,64769,3ch,66,brightness,1.9,,homography,0.999,-0.04,7.9
2026-02-03 14:01:03,150,228,145,105,58,0.905,0.871,PP,S1,0.940,landmark,,UNMUTE,0,,1,64726,3ch,66,brightness,1.7,,homography,0.999,-0.04,7.9
2026-02-03 14:01:03,150,228,145,105,58,0.905,0.871,PP,S1,0.940,landmark,,UNMUTE,0,,1,65056,3ch,66,brightness,1.4,,homography,0.999,-0.04,7.9
